id,name,team,1,2,3,4,5,6,7,8,9,10,11,12,13,14,15,16,17,18,19,20,21,22,23,24,25,26,27,28,29,30,31,32,33,34,total
5249,Emil Forsberg,RasenBallsport Leipzig,0.0,0.0,0.6987,0.0,-,0.0514,0.0564,0.0,0.0569,1.3425,0.4756,0.6561,0.2126,0.1678,0.4073,0.0611,-,-,-,0.4295,0.4087,0.161,0.4621,0.2862,0.1455,1.7303,0.7974,0.9767,0.076,0.0,0.1385,1.0354,0.6521,0.5392,12.025
3226,Ousmane Dembélé,Borussia Dortmund,0.0693,0.0,0.55,0.4049,0.9664,0.0302,0.8415,0.5228,0.1279,0.0,-,0.0885,0.3298,0.0673,1.0778,0.2936,0.0,0.0414,0.7217,0.2143,0.3278,0.2804,1.3177,0.0475,-,0.0,0.0926,0.0,1.1783,0.4905,0.0,0.0,0.5494,0.8757,11.5073
224,Thomas Müller,Bayern Munich,1.558,0.1807,-,0.3665,0.48,0.0792,0.1557,0.0,-,0.2272,0.0,0.0,0.4037,0.1416,0.1166,-,0.1066,0.0295,0.0,0.7702,0.0254,1.0527,0.0817,0.8069,0.1418,0.0,-,-,1.1943,0.0916,0.1286,0.6528,0.4565,0.8917,10.1395
239,Pascal Groß,Ingolstadt,0.1706,0.148,0.5528,0.2328,0.3805,0.1606,0.2118,0.4098,0.0,0.1044,0.2007,0.0707,0.1445,0.1,1.0585,0.1712,0.0537,0.0249,0.141,0.0536,0.0394,0.5164,0.0,0.1208,0.0283,0.0699,0.6428,0.6692,0.0492,0.3334,-,0.1683,0.546,0.1335,7.7073
261,Julian Brandt,Bayer Leverkusen,0.0,0.9816,0.6119,0.329,0.0,0.0422,0.0,0.0,0.2035,0.0327,0.6897,0.3411,1.0403,0.062,0.395,0.1768,0.0,0.1946,0.0,0.0636,0.0546,0.0,-,0.0971,0.2213,0.0,0.1028,0.0823,0.0665,0.0157,0.0507,-,0.7109,1.0508,7.6167
5273,Kerem Demirbay,Hoffenheim,-,-,0.1606,0.0497,1.1511,0.1365,0.0132,0.0321,0.7956,0.039,0.5629,-,-,-,0.0,1.1452,0.145,0.0568,0.2034,0.1274,0.0,0.2437,0.4533,0.0452,0.3801,0.1364,0.1497,-,0.3089,0.073,0.1035,0.0489,0.4687,0.0,7.0299
392,Arjen Robben,Bayern Munich,-,-,-,0.0643,-,0.0956,0.0,0.3409,1.7694,0.1312,-,0.0,0.5704,0.1021,-,0.0,0.0913,0.0403,0.0745,0.0495,0.0671,0.2202,-,0.8021,0.0,0.0556,0.2353,0.406,0.0,0.2716,0.1173,-,0.4213,0.8649,6.7909
956,Andrej Kramaric,Hoffenheim,0.0,1.0944,0.0,0.1426,0.0204,1.1775,0.1238,0.2626,0.1148,0.0,0.0,0.0,0.0,0.0,0.025,0.0,0.0,0.6688,0.0821,0.0333,0.0502,0.0,0.8992,0.1291,0.0,0.0769,0.4019,0.0373,0.8536,0.0184,0.0,0.0396,0.0,0.0263,6.2778
321,Shinji Kagawa,Borussia Dortmund,0.0213,-,0.0,-,-,0.0296,0.034,0.0192,0.0104,-,-,-,-,-,-,0.365,0.8021,-,-,0.0,0.1145,0.0878,0.0,0.3749,0.0412,0.7957,1.9631,-,0.0,-,0.1664,0.0,0.7611,0.5006,6.0869
5266,Vincenzo Grifo,Freiburg,0.1042,0.1959,0.3881,0.2943,0.1545,0.1874,0.0859,0.5322,0.4275,0.2907,0.5856,0.126,0.2559,0.0692,0.0122,0.0415,0.3398,0.1463,0.0956,0.0133,0.0309,0.1608,0.51,0.0,-,0.1838,0.1743,0.0,-,-,-,0.0151,0.0,0.3867,5.8077
115,Fin Bartels,Werder Bremen,0.0,0.0152,-,-,-,0.0404,0.0,0.7207,0.0804,0.0,0.0,0.0534,0.4815,0.0913,0.0194,0.0,0.0092,0.0185,0.0481,0.1803,0.1459,0.0,0.2985,0.1095,0.2464,0.0,0.0,0.0,0.7543,0.754,0.6215,0.7916,0.0,0.1836,5.6637
227,Robert Lewandowski,Bayern Munich,0.0,0.1698,0.0,0.4882,0.0541,0.0,0.0,0.0972,0.7049,0.0782,0.0204,0.0,0.0,0.3291,0.0611,0.7569,0.0,0.0644,0.0,0.3295,0.0,0.0,0.0275,0.0781,0.0,1.5352,0.0531,0.0344,-,0.0378,0.0,0.0,0.0,0.6306,5.5505
155,Max Kruse,Werder Bremen,-,-,-,-,-,-,-,-,-,-,0.0472,0.0843,0.0843,0.1228,0.0774,0.1317,0.064,0.1716,0.4147,0.0679,0.2175,0.082,0.5343,0.0,-,0.5052,0.7318,0.0787,0.343,0.0228,0.5752,0.0919,0.5623,0.5147,5.5253
329,Franck Ribéry,Bayern Munich,0.4411,0.0,0.1342,0.3157,0.6231,-,-,-,-,-,0.0401,0.0,0.0546,0.2323,0.0,0.5197,0.1066,0.1839,-,-,-,-,0.0,-,0.7956,0.6115,0.0127,0.1599,-,0.2039,-,0.6597,0.083,0.114,5.2916
379,Markus Suttner,Ingolstadt,0.128,0.0,0.0679,0.1213,0.0,-,0.0,0.7075,0.0,0.0,0.0842,1.1158,0.2649,-,0.2172,0.0291,0.0877,0.1394,0.012,0.0097,0.0809,0.1242,0.0214,0.4736,0.4422,0.2743,0.4881,0.0397,0.0275,-,0.0,0.0,0.1911,0.1003,5.248
135,Yuya Osako,FC Cologne,0.0,0.5882,0.956,0.0247,0.0428,0.0,0.3821,0.0,0.4742,0.0,0.0,0.1113,0.0934,0.5448,0.5088,0.0,0.0,0.3618,0.0,0.4137,0.0331,0.0174,0.0255,0.073,0.1151,-,-,0.0,0.0,0.1107,-,-,0.0918,0.2538,5.2222
6,Marcel Heller,Darmstadt,0.0,0.0204,0.0692,0.1412,0.0,0.2714,0.0,-,0.0,0.6685,1.14,0.0,0.0,0.0139,0.1528,0.0546,0.0,0.0,0.12,0.1529,0.0,0.0,0.5788,0.0,0.0836,0.0309,0.0,-,0.5912,0.0,0.9229,0.0833,0.0,0.0863,5.1819
5247,Naby Keita,RasenBallsport Leipzig,-,0.0,0.0,-,0.0,0.0328,0.4926,0.1222,0.0162,0.5228,0.0408,0.0856,0.1373,0.5667,0.5402,0.0,0.2299,0.4969,0.0,0.0414,0.0,0.2551,0.5613,0.0,-,0.0,0.4223,0.0,0.0,0.0,0.3657,0.0213,0.107,0.0,5.0581
90,Sebastian Rudy,Hoffenheim,0.5614,0.1426,0.5697,0.6237,0.0,0.1409,0.1574,0.0,0.0535,0.0,0.0341,0.2651,0.1334,-,0.0148,-,0.0,0.0,0.0735,0.0957,0.0772,0.0606,0.0565,0.091,0.2791,0.3729,0.0167,0.0491,0.204,0.0135,0.1596,0.1009,0.0268,0.4351,4.8088
64,Filip Kostic,Hamburger SV,0.0361,0.0,0.6718,-,0.0804,0.2294,0.0,0.0,0.0,-,0.1696,0.3421,0.9708,0.1072,0.0,1.3541,0.1616,0.1814,0.0,0.0133,0.0,0.0,0.0,0.0,0.0358,0.0,0.131,0.0,0.0,0.0,-,0.0,0.1607,0.1384,4.7837
2662,Christian Pulisic,Borussia Dortmund,-,-,1.1191,0.0,0.5003,0.0,0.072,0.081,0.3719,0.4631,0.0,-,0.0,-,0.0,0.0875,0.0485,0.0,0.0496,0.0481,0.3495,0.0,0.7736,0.0,0.0,0.0,0.0,0.0,0.2455,0.4205,0.022,-,0.0,0.071,4.7232
316,Gonzalo Castro,Borussia Dortmund,0.0388,0.0189,0.78,1.2578,0.3674,0.0103,-,0.1186,-,0.0439,0.0,0.0389,0.0,0.0351,-,0.2671,0.0,0.0988,-,-,0.0296,0.0922,0.0,0.1796,0.0133,0.0,0.1899,0.072,0.0213,0.0601,0.6127,0.3126,-,0.0,4.6589
319,Marco Reus,Borussia Dortmund,-,-,-,-,-,-,-,-,-,-,-,0.5614,0.7748,0.0,0.1035,-,0.0321,0.1493,0.4245,0.0,0.0585,2.0896,0.1251,-,-,-,-,-,0.054,0.0,0.044,0.0231,0.1539,0.061,4.6548
267,Philipp Max,Augsburg,-,-,-,0.0822,-,0.0,-,0.0149,0.0,0.1011,0.1533,0.0,0.1366,0.0,0.045,-,0.081,0.6127,0.222,0.0,0.4816,-,-,0.0,-,0.0912,0.0,0.0,0.0,0.0,1.3104,0.8161,0.4759,0.017,4.641
359,Timothy Chandler,Eintracht Frankfurt,0.0569,0.0,0.0489,0.0311,0.0,0.0863,1.4666,0.0731,0.0,0.1456,0.0819,0.316,0.1263,0.0236,-,0.0636,0.0,0.0462,0.0,0.4137,0.0,0.0,0.0,0.0482,0.3539,0.5784,-,0.0,0.0,0.4737,0.0,0.0157,0.0,0.0855,4.5352
318,Pierre-Emerick Aubameyang,Borussia Dortmund,0.0,0.0,-,0.0,0.1557,0.0604,0.0,0.0,0.0,0.89,0.0765,0.0859,0.0,0.0172,0.0,0.0921,-,0.0,1.3199,0.1346,0.1011,0.0537,0.0,0.0717,0.0,0.0,0.8463,0.0668,0.0,0.0,0.5296,0.0,0.0,0.0,4.5015
118,Levin Öztunali,Mainz 05,0.0,0.1133,0.0,0.0,1.012,0.0,0.0,0.0571,0.0,-,-,0.0,0.0,0.0174,0.0,0.0,0.1417,0.3445,0.4858,0.1122,0.0,0.2797,0.5586,0.3128,0.1995,0.0,0.6436,0.0289,-,0.0,-,0.1533,0.0,0.0,4.4604
23,Marvin Plattenhardt,Hertha Berlin,0.1033,0.0,0.1156,0.0,0.0,0.6933,0.0,0.1531,-,-,0.4911,0.2105,0.0528,0.0,0.0,0.782,0.0769,0.0171,-,0.0,0.6506,0.1121,0.086,0.1618,0.0538,-,-,0.0393,0.0,0.1187,-,-,0.4112,0.0912,4.4204
26,Salomon Kalou,Hertha Berlin,-,-,-,-,-,-,-,0.0,0.0,0.0171,0.0,0.6703,0.0,0.0438,0.0,0.2393,-,0.0777,0.4059,0.331,0.0759,0.3493,0.0,0.1511,0.0,0.0408,0.0419,1.2109,0.0,0.0229,0.0,0.0,0.0862,0.6529,4.417
205,Mahmoud Dahoud,Borussia M.Gladbach,-,-,0.0,-,0.8855,0.0,0.018,-,0.0,-,0.0333,0.4466,0.0,0.0,0.0136,0.0,0.1529,0.4697,0.4606,0.0,0.0,0.147,0.3936,0.5823,-,0.0,0.0993,0.0159,0.4379,0.0,0.1261,0.0289,0.0173,0.0737,4.4022
391,David Alaba,Bayern Munich,0.0312,0.8156,-,0.0935,0.3916,0.0,0.1662,0.4062,0.0,0.0,0.0508,0.3124,0.0157,0.0,0.2337,0.0445,0.0,0.0287,0.2986,0.0,0.0,0.6153,0.0,0.6095,0.0298,-,0.1159,0.0352,0.0,0.0,0.0,0.0,0.0,0.1021,4.3965
44,Pablo De Blasis,Mainz 05,0.3933,0.0905,0.0,0.0179,0.0555,0.0589,0.0262,0.0448,0.1176,-,0.025,0.6387,0.0,0.0,0.1143,0.078,0.0363,0.0,0.0,0.0,0.0,0.3379,0.0,0.2758,0.0,0.1631,0.0,0.0,0.0,-,1.6405,0.1719,0.0775,-,4.3637
301,Zlatko Junuzovic,Werder Bremen,-,0.1118,0.0791,0.0074,0.4675,0.3087,0.1722,0.0127,0.2914,0.0136,0.059,0.0,0.1053,0.0,0.0,0.02,-,0.4424,0.1138,0.4985,0.0112,0.1231,0.0,0.1729,0.1001,-,0.1903,0.1351,0.0,-,0.0,0.5626,0.0175,0.2843,4.3005
82,Nadiem Amiri,Hoffenheim,0.0,-,0.5541,0.0,0.0489,0.1187,0.1163,0.0618,0.511,0.0707,0.6251,0.0,0.368,0.1138,0.0,0.0515,0.623,0.0114,0.0717,0.0151,0.0,0.0,0.0,0.6814,0.0,0.0428,0.0,0.0394,0.0255,0.0,0.0578,0.0,0.03,0.0416,4.2796
45,Yunus Malli,Mainz 05,0.0248,0.0618,0.11,0.0,0.5187,0.0619,0.9404,0.4369,0.1457,0.1221,0.9545,0.0,0.1423,0.1165,0.3403,0.1694,-,-,-,-,-,-,0.1121,-,-,-,-,-,-,-,-,-,-,-,4.2574
393,Douglas Costa,Bayern Munich,-,0.4067,0.0,-,-,-,-,0.0921,0.7711,0.0818,0.0,0.0772,0.1397,0.014,0.57,0.7689,0.2278,0.0,0.1844,0.1705,0.0,0.2707,0.0929,0.0724,-,-,-,0.0,0.2357,-,-,0.0411,0.0,-,4.217
169,Lewis Holtby,Hamburger SV,-,0.052,0.0,-,0.0,0.0139,0.0857,0.0,0.026,-,1.2192,0.5606,0.0238,0.0,-,-,0.0407,0.0182,0.0622,0.2964,0.1494,0.0,0.0,0.1235,0.0,0.0796,0.0646,0.0353,0.0,0.1583,0.0217,0.0,0.8227,0.2984,4.1522
12,Mario Vrancic,Darmstadt,0.1209,-,0.0,-,-,-,-,-,0.0,0.0,0.3054,0.1035,0.2404,0.0551,0.0129,0.5279,0.5233,0.0,-,-,0.0244,-,0.6588,0.3543,-,0.0687,0.0,0.0498,0.1214,0.1736,0.4641,0.1738,0.1281,-,4.1064
5248,Marcel Sabitzer,RasenBallsport Leipzig,0.0297,0.0,0.5437,0.0,0.4174,0.1997,0.0,-,0.0385,0.0455,0.3296,0.1168,0.0,0.0873,0.1138,0.0426,0.7923,0.1815,-,0.0,0.1292,0.0,0.0839,0.0,0.142,0.492,0.0,0.1031,0.0,0.0,0.0,0.1416,0.02,0.0,4.0502
210,Raffael,Borussia M.Gladbach,0.222,0.0,0.0,-,-,-,-,-,-,0.0277,0.1595,0.7591,0.6494,0.0471,0.2562,0.0438,0.2897,0.0675,0.6243,-,-,0.0,0.0632,-,0.0609,0.0849,-,0.0337,-,-,-,-,0.2208,0.2646,3.8744
74,Pavel Kaderábek,Hoffenheim,0.0,0.4454,0.142,0.0,0.3266,0.3669,0.1369,0.1452,0.0,0.0,0.7394,0.0829,0.0,0.0,0.4827,0.052,-,0.0,0.2091,0.0,0.4961,-,-,-,-,-,-,-,-,-,0.0,0.0322,0.0939,-,3.7513
131,Jonas Hector,FC Cologne,0.7372,0.0811,0.084,0.0,0.0274,0.0,0.7841,0.0,0.0724,0.078,0.0301,0.0191,0.0217,0.1591,0.4383,0.1097,0.0538,0.0,0.0,0.1465,0.0178,0.0,-,0.0,0.0411,0.0,0.0,0.0676,0.135,0.5388,0.0,0.0,0.0,0.0927,3.7355
189,Hakan Calhanoglu,Bayer Leverkusen,0.1374,0.3938,0.107,0.0322,-,1.0473,0.0532,-,-,0.07,0.1097,0.0405,0.2966,0.4273,0.0438,0.0,0.2269,0.7279,-,-,-,-,-,-,-,-,-,-,-,-,-,-,-,-,3.7136
339,Eric Maxim Choupo-Moting,Schalke 04,0.0,0.0745,0.0197,0.0,0.0683,0.0,0.0547,-,0.0414,0.115,0.0681,0.7634,0.3357,0.0544,-,-,0.0458,0.0726,0.0,-,0.0,0.0,-,1.2985,0.0622,0.0182,0.1945,0.3398,-,-,-,-,-,-,3.6268
262,Leonardo Bittencourt,FC Cologne,0.0632,0.0,0.0471,-,-,-,0.0,1.0377,-,-,-,-,-,-,-,-,0.0,1.1606,0.011,0.1322,-,-,-,-,-,-,0.0,-,0.0,0.0,0.0,1.1301,0.0,0.0111,3.593
4271,Janik Haberer,Freiburg,0.0,0.0,0.0404,0.0,0.2813,0.0224,0.0,-,0.0,0.0,0.0,0.0,0.0813,0.0,1.134,0.4512,0.0933,0.0763,0.1493,0.0,0.0976,-,0.0694,0.0,0.0,0.0229,0.0552,0.0219,0.071,0.3439,0.0,0.3556,0.019,0.1786,3.5646
276,Dong-Won Ji,Augsburg,0.0,0.4288,0.0542,0.0,0.2316,0.1367,0.0,0.2512,0.0,0.0964,0.6798,0.0243,0.0502,0.119,0.062,0.0,0.0,0.0,0.0,0.0125,0.0,0.5297,0.1258,0.0637,0.0,0.0671,0.0,0.5354,0.0,0.0,0.0,0.0642,0.0,0.0,3.5326
218,Philipp Lahm,Bayern Munich,0.5619,0.0318,-,0.0,0.1055,-,0.0,-,0.066,-,0.0942,0.1014,0.0,0.0239,-,1.0083,0.0,0.0,0.0486,0.0311,0.2009,0.0,0.0801,0.0338,0.0332,0.0,-,0.0684,0.0,-,0.0,-,0.6204,0.3636,3.4731
65,Timo Werner,RasenBallsport Leipzig,0.0,0.0,0.0,0.3653,0.0,0.0466,0.1033,0.087,0.4354,0.5012,0.1071,0.1047,0.2102,0.0,0.0109,0.0,0.2974,0.0584,-,0.0,0.1666,0.0841,0.0893,0.015,0.3267,-,0.0,0.1228,0.134,0.0,0.0853,0.0,0.1121,-,3.4634
3887,Mario Gomez,Wolfsburg,-,0.0,0.4265,0.3712,0.02,0.0,0.0,0.0,0.0,0.0691,0.0,0.0,0.0,0.2275,0.0,0.1158,0.0234,0.1187,0.0477,0.0339,0.0,0.1142,0.0555,0.1378,0.5717,0.0327,0.021,0.146,0.0,0.4455,0.0327,0.3372,0.0929,0.018,3.459
914,Nabil Bentaleb,Schalke 04,0.1553,0.0,0.1227,0.4428,0.0944,0.9953,0.0,0.0699,0.0193,0.3276,0.0527,0.0765,0.0993,0.0,0.0,0.0,-,0.0961,0.0,0.3833,0.1899,0.0,0.0,0.0176,0.0,0.0169,-,0.0,0.0,0.0,0.1039,0.0543,0.0867,0.0,3.4045
335,Leon Goretzka,Schalke 04,-,0.0,0.0605,-,0.0,0.0816,0.1316,0.0551,0.1443,0.0,0.0271,0.0,0.1083,0.2499,0.067,0.0,0.3888,0.051,0.3828,0.0773,0.0132,0.0221,0.017,-,0.0,0.1882,0.0573,0.0,0.0225,-,0.8187,0.0,0.0,0.3339,3.2982
5250,Yussuf Poulsen,RasenBallsport Leipzig,0.1469,0.0,0.1472,0.5077,0.0,0.158,0.0246,0.0728,0.0,0.1184,0.0,0.1053,0.1305,0.0,0.1345,0.0,0.0,0.0,0.0,0.0,-,-,-,-,-,0.0898,0.1115,0.0099,0.7016,0.0,0.1279,0.5663,0.1425,0.0,3.2954
186,Karim Bellarabi,Bayer Leverkusen,0.5709,0.0,-,-,-,-,-,-,-,-,-,-,-,-,-,-,0.2565,0.549,0.0,0.6566,0.3323,0.0,0.0177,0.0,0.0251,0.0426,0.0,0.0,0.0,-,0.7965,-,-,-,3.2472
285,Bastian Oczipka,Eintracht Frankfurt,0.1126,0.0183,0.0,0.0221,0.0,0.0893,0.0,0.1247,0.0208,0.0201,0.1172,0.0549,0.0251,0.0,0.4414,0.0,0.0,0.0,0.2444,0.0203,0.1552,0.0,0.0,-,0.0,0.2935,0.05,0.2188,0.1067,0.2449,0.0,0.0,0.0,0.8663,3.2466
5220,Kai Havertz,Bayer Leverkusen,-,-,-,-,-,-,0.0,-,0.0,0.0,0.0,0.0225,0.0,0.0,0.0,0.4624,0.0,0.0,-,0.4107,1.3587,0.0,0.065,0.0469,-,0.1186,0.0,0.0,0.0313,0.0553,-,0.0854,0.5557,0.0,3.2125
188,Kevin Kampl,Bayer Leverkusen,0.0532,0.1264,0.0,0.0,0.1757,0.1413,0.1183,0.0414,0.0749,-,0.0862,0.0,0.3218,-,0.0,0.0231,0.1524,0.0,0.0458,0.9473,0.1121,0.156,0.0456,0.0148,0.0,-,0.433,0.0,0.0,0.0267,0.0,0.0204,0.0508,-,3.1672
229,Thiago Alcántara,Bayern Munich,0.3211,0.0195,0.0,0.1119,0.0697,-,0.0,0.0547,0.0184,0.0456,0.0758,0.0946,0.0,0.0239,0.0712,0.4305,-,-,-,0.0211,0.1094,0.031,0.2889,0.0654,0.5071,0.3474,-,0.0609,0.1107,0.0541,0.1672,-,0.0479,-,3.148
993,Serge Gnabry,Werder Bremen,-,0.449,0.391,0.3346,0.2863,0.0,0.013,0.0302,0.3099,0.0528,0.0539,0.2994,0.4612,0.0,0.1037,0.1006,0.0,0.0,0.0,0.0301,0.0,0.0854,0.0644,-,-,-,-,-,-,0.0803,0.0,0.0,0.0,0.0,3.1458
230,Xabi Alonso,Bayern Munich,0.0984,0.0,0.0,0.0225,-,0.5247,0.0256,0.095,0.0,0.0223,0.1332,0.3455,-,0.0507,0.0,0.0972,0.0,0.1271,0.0358,0.2823,0.0,-,-,-,0.2453,-,0.0268,0.153,0.0,0.0138,-,0.2867,0.399,0.1561,3.141
2661,Marco Fabián,Eintracht Frankfurt,-,-,0.5667,0.2107,0.1849,0.2099,0.0,0.4884,0.0,0.0,0.0,0.0549,-,0.1662,0.0,0.0684,-,-,-,-,-,-,-,0.0,0.0657,0.3311,0.0877,0.0896,0.0159,0.1471,0.017,0.0,0.0,0.4333,3.1375
1852,Ante Rebic,Eintracht Frankfurt,-,-,0.5433,0.0,0.0759,-,0.0564,-,-,-,0.0794,-,-,0.0,0.0,0.0,0.0,-,0.1439,0.0,0.1319,0.0683,0.0232,0.6078,0.4315,0.1121,0.1259,0.1269,0.0,0.1846,0.0,0.3538,0.0,-,3.0649
134,Marcel Risse,FC Cologne,0.0,0.0514,0.1716,0.0,0.127,0.5292,0.4431,0.2134,0.9625,0.1205,0.1083,0.0,0.2903,-,-,-,-,-,-,-,-,-,-,-,-,-,-,-,-,-,-,-,-,-,3.0173
208,Lars Stindl,Borussia M.Gladbach,0.0943,0.0661,0.0287,0.1627,0.0518,0.0842,0.033,0.0,0.0158,0.1107,0.0899,0.1099,0.0354,0.0,-,0.117,0.038,0.0751,0.0325,-,0.1272,0.0408,0.612,-,-,0.0106,0.0213,0.11,0.0,0.3524,0.041,0.4388,0.0,0.0704,2.9696
5246,Diego Demme,RasenBallsport Leipzig,0.1058,0.0,0.0624,0.0,-,0.0991,0.0,0.4702,0.1269,0.0,0.0,0.8189,0.0828,0.0,0.0,0.0,0.0168,0.0924,-,0.0389,0.0,0.0,0.0,0.0936,0.0633,0.1901,0.0662,0.1571,0.0,0.358,0.1257,0.0,0.0,0.0,2.9682
83,Kevin Volland,Bayer Leverkusen,0.1912,-,0.4919,0.5074,0.0,0.0,0.0433,0.0,-,-,0.0165,0.0177,-,-,-,-,-,-,0.0,0.0,0.0778,0.0529,0.0,0.0,0.1134,0.0,1.0186,0.096,0.2189,0.0229,0.0843,0.0,-,-,2.9528
4247,Maximilian Philipp,Freiburg,0.1383,0.0,0.2064,0.0638,0.054,0.0,0.0261,0.8025,0.0,0.4788,0.0,-,-,-,0.0,0.0599,0.0317,0.0796,-,0.0142,0.1279,0.0,-,0.0,0.0,0.0274,-,-,-,-,0.0,0.0362,0.378,0.4087,2.9335
226,Kingsley Coman,Bayern Munich,-,-,0.0,0.0,0.0,0.2245,0.0116,-,-,0.4761,-,-,-,-,-,-,-,0.0,0.0,-,0.0,0.0151,0.0904,0.0,0.0352,0.1078,0.9821,-,0.2515,0.0,0.5667,-,-,0.1419,2.9029
216,Branimir Hrgota,Eintracht Frankfurt,0.31,0.061,0.0,-,0.0,-,0.0664,0.1767,0.2279,-,0.0,0.0,0.0,-,0.0286,0.8399,0.0,0.0,0.0511,0.0,-,-,0.0171,0.0,0.0,0.0747,0.1155,0.0,0.5905,0.0,0.0,0.0,0.3278,0.0,2.8872
140,Yannick Gerhardt,Wolfsburg,0.0,0.1341,0.0694,0.0183,0.1034,0.0268,-,0.0,0.0,0.0,0.0124,0.0,0.5895,0.0547,0.1074,0.3384,0.0,0.0,0.0,0.6633,0.0136,0.0,-,0.0349,-,-,-,-,0.5799,0.0,0.0,0.0,-,0.1282,2.8743
222,Arturo Vidal,Bayern Munich,0.0155,0.079,0.0,0.8649,0.0,0.03,-,0.0624,0.0,0.1046,-,0.0,0.0,0.0862,0.0,0.0,0.0,-,0.458,0.023,0.0,0.0,0.5426,0.0,-,-,0.031,0.1384,0.0,0.1276,-,-,0.0,0.3105,2.8737
336,Johannes Geis,Schalke 04,0.5806,-,-,0.0773,-,0.024,0.0783,0.0,0.1656,0.0574,0.219,0.2576,0.0,0.1244,0.0435,0.1768,0.1937,0.1412,-,-,-,-,-,0.1569,-,-,-,-,0.556,-,-,-,0.0,-,2.8523
342,Sead Kolasinac,Schalke 04,0.0,0.0,-,-,-,0.4262,-,0.1406,0.0,0.1317,0.2274,0.1709,0.0,0.045,0.0341,0.0,0.0276,0.0202,0.3399,0.1295,0.6328,0.0,-,0.4906,0.0,-,-,0.0,-,0.0,0.0,0.0,0.0267,-,2.8432
5254,Marcel Halstenberg,RasenBallsport Leipzig,0.6722,0.0,0.0,0.1004,0.0199,0.081,0.0,0.0556,0.1085,0.1913,0.0275,0.0,0.0,0.0,0.036,0.0,0.2366,0.1881,0.0,0.6943,0.0,0.2597,0.0337,0.0,0.0,0.0248,0.0989,-,0.0,0.0,0.0,-,-,-,2.8285
5224,Bobby Wood,Hamburger SV,0.0,0.0,0.0,0.0,0.118,0.1303,0.0,0.1006,0.0,-,-,-,0.1498,0.0,0.0,0.0,0.1169,0.0147,0.405,0.4363,-,-,0.0,0.1173,0.044,0.5827,0.0106,0.4058,-,0.0,0.0196,0.0967,0.0457,0.0318,2.8258
28,Mitchell Weiser,Hertha Berlin,0.169,0.0,0.4576,0.0952,0.0,0.0993,0.0,0.2421,0.1777,1.0437,-,-,-,0.0572,0.0,-,-,-,-,-,-,-,-,0.1386,0.1219,-,-,-,-,-,-,0.0,0.0811,0.1406,2.824
207,Ibrahima Traoré,Borussia M.Gladbach,0.3598,0.0356,0.1625,0.0,-,0.4976,0.225,-,-,-,0.7665,-,-,-,-,-,-,-,-,-,-,-,-,-,-,-,0.0304,0.0108,0.0,0.0,0.0,0.5676,0.1247,-,2.7805
2666,Artjoms Rudnevs,FC Cologne,1.2325,-,-,-,0.0,0.2852,0.0771,0.0,0.0,-,0.0293,0.0272,0.0198,0.1167,0.0929,0.0,-,0.778,-,-,-,-,0.0,0.0,-,-,-,-,0.0,-,0.108,0.0,-,-,2.7667
13,Konstantin Rausch,FC Cologne,-,-,-,0.311,0.088,0.0,0.1309,0.0,0.0,0.0,0.0956,0.6488,0.4949,0.0,0.0663,0.2318,0.0693,0.0,0.0668,0.0463,0.0449,0.0,0.0179,0.0916,-,0.1227,0.0472,0.0831,-,0.0,-,0.0,0.0798,0.0,2.7369
2636,Darío Lezcano,Ingolstadt,0.0579,0.0,0.2365,0.0,0.0,0.1625,0.0,0.0,0.0,0.0919,-,0.0,0.0,0.1329,0.0,0.1342,0.0495,0.0425,0.0,0.0,0.0751,0.0253,0.4094,0.0499,0.0667,0.0,0.1171,0.1907,0.0,0.3175,0.0,0.0775,0.0776,0.4038,2.7185
206,Oscar Wendt,Borussia M.Gladbach,0.0,0.0,-,0.0,0.0,-,0.3598,0.0,0.0336,0.0445,0.4601,0.0,0.0,0.0,0.0,0.208,0.1729,0.4364,0.0618,0.028,0.1775,0.1067,0.0,0.0748,0.0,0.0,0.0,0.1871,0.3539,0.0,-,-,-,-,2.7051
3455,Raphael Guerreiro,Borussia Dortmund,0.0,0.0,0.0784,0.5271,0.0619,0.4968,-,-,0.0,0.0,-,-,-,-,-,-,0.0,0.1215,0.0,0.0526,-,0.612,0.0157,0.0417,0.0744,0.0,0.0,0.0879,-,0.0286,0.0,0.0708,0.0561,0.365,2.6905
27,Vladimir Darida,Hertha Berlin,0.0795,0.0362,0.0,-,-,-,-,-,-,-,-,0.1032,0.0383,0.0205,0.0,0.4709,0.008,0.0217,0.0,0.0715,0.0679,0.0439,0.0,0.0713,0.0213,0.0,0.0387,0.0213,-,0.6569,0.0,0.0852,0.3858,0.4431,2.6852
8,Jérôme Gondorf,Darmstadt,0.2554,0.0638,-,0.2465,0.0287,0.0993,0.1448,0.0,0.0,0.1358,0.0,-,-,0.0954,0.0,0.1143,0.0,0.0371,0.0,0.1535,0.0237,0.5388,0.0,0.0,0.0,-,0.1569,-,0.0308,0.4079,0.0,0.0,0.1438,0.0,2.6765
300,Daniel Didavi,Wolfsburg,0.116,0.0,-,0.417,-,-,-,-,-,0.0,0.0,0.0,-,-,-,-,-,-,-,0.4486,0.0,0.5005,0.0,0.7013,-,-,0.0,0.0945,0.0,0.0,0.0982,0.0453,0.245,-,2.6664
170,Nicolai Müller,Hamburger SV,0.0429,0.0,0.0581,0.0,0.0,0.0176,0.0942,0.0,0.0,0.0,0.0359,0.7727,0.1338,0.0366,0.0195,0.1583,0.0,0.0,0.5834,0.5588,-,0.0916,0.0275,-,0.0,0.0244,-,-,-,-,-,-,-,0.0,2.6553
191,Chicharito,Bayer Leverkusen,-,0.3923,0.0661,0.0,0.4593,0.0,0.1165,0.0894,0.0612,0.0284,0.0,0.0424,0.0466,0.0,0.0,0.0,0.4978,0.0,-,0.0,0.0,0.0191,0.0,0.0659,0.0,-,-,-,-,0.0727,-,-,0.0,0.6946,2.6523
308,Ricardo Rodríguez,Wolfsburg,0.0,0.1288,0.2222,0.061,0.0,0.0254,0.0,0.3335,0.0,0.2099,0.0142,0.1658,0.0,0.0,0.0,-,0.0861,0.0,0.065,0.0608,0.0,0.5094,0.5281,0.0891,-,-,-,-,-,-,0.0374,-,-,-,2.5367
5245,Bernardo,RasenBallsport Leipzig,-,-,0.0,0.0,0.0578,0.12,0.0,0.0,0.0,-,-,-,-,-,0.0867,0.0,0.652,0.0,0.0,0.1045,-,-,-,-,-,0.8034,0.0,0.0,0.0,0.1818,0.5259,0.0,0.0,0.0,2.5321
213,Thorgan Hazard,Borussia M.Gladbach,0.3589,0.0,0.0724,0.0,0.0,0.1722,-,-,-,0.0,0.2089,0.0,0.0,0.0355,0.0,0.2183,0.0,0.0,0.0834,0.0693,0.1082,-,-,-,0.1669,0.0,0.7881,0.1039,-,-,-,-,-,0.1166,2.5026
79,Tobias Strobl,Borussia M.Gladbach,0.0,0.0,-,0.0,-,-,-,0.0,-,0.0,0.1091,0.0,0.0,0.0258,0.0,0.0441,-,-,-,0.0,-,0.0,0.8773,0.4135,0.0,0.0518,-,0.0,0.9528,0.0,0.0,0.0,0.0,-,2.4744
5302,Guido Burgstaller,Schalke 04,-,-,-,-,-,-,-,-,-,-,-,-,-,-,-,-,0.3639,0.0,0.0,0.0213,0.0,0.1397,0.1093,0.2624,0.4128,0.0,0.0826,0.0864,0.1211,0.0,0.0,0.0837,0.1094,0.6412,2.4338
152,Julian Draxler,Wolfsburg,0.0721,0.3138,0.0272,0.2545,0.0,0.385,0.1498,0.0,0.4239,-,-,0.0,0.0,-,0.2405,0.5419,-,-,-,-,-,-,-,-,-,-,-,-,-,-,-,-,-,-,2.4087
2625,Paul Seguin,Wolfsburg,-,-,0.0,0.5262,0.0,0.4432,0.0,0.0107,0.0,0.1024,0.0,0.0,0.0,-,1.0329,0.1186,0.1187,0.0,0.0,0.0,0.0,-,-,0.0442,-,0.0,-,-,0.0,-,0.0,-,-,-,2.3969
237,Robert Bauer,Werder Bremen,0.0,0.0,0.0,0.0187,0.0,0.0,0.0,-,-,-,-,0.1177,0.0,0.3518,0.0,0.1055,0.0,0.0,0.6125,0.0,0.0,0.0,0.2459,0.477,0.0,0.0,-,-,0.0,0.0,0.0243,0.0,0.4309,-,2.3843
38,Daniel Brosinski,Mainz 05,0.0,0.0,0.39,0.03,0.0,0.0,0.0436,-,0.1126,0.0126,0.0,-,0.1352,-,0.0,0.0453,0.0,0.1432,0.02,0.0,0.0691,-,-,0.0,0.0878,0.0224,0.0711,0.4728,0.5901,0.0,0.0623,0.0,0.0484,0.0,2.3565
157,Daniel Caligiuri,Schalke 04,-,-,-,-,-,-,-,-,-,-,0.0178,-,-,-,-,-,-,0.0,0.1073,0.4457,0.705,0.0,0.0155,0.0,0.0,0.0845,0.0781,0.111,0.2641,0.3647,0.0,0.0615,0.0,-,2.2552
88,Mark Uth,Hoffenheim,0.1556,0.0,0.2148,0.1108,0.0,-,-,-,-,-,-,0.0194,0.4349,0.0,0.018,0.0,0.8454,0.0,0.1966,0.0,-,-,-,-,-,0.0,-,0.0539,0.0447,0.0,0.0,0.0092,0.0905,0.0343,2.2281
35,Genki Haraguchi,Hertha Berlin,0.0938,0.7878,0.0,0.0,0.2447,0.1067,0.4229,0.1748,0.045,0.0,0.0,0.0,0.0,-,0.0,0.0,0.0,0.0,0.116,0.0,0.0,0.0432,0.0579,0.0,0.0,0.0087,0.0,-,0.0161,0.0,0.0812,0.0,0.0,-,2.1988
310,Lukasz Piszczek,Borussia Dortmund,0.0,0.1244,-,0.0,0.0,0.0793,-,0.0,0.0508,0.0,0.0148,0.0,0.2225,0.0,-,-,0.1285,0.0967,0.5916,-,0.2685,0.0,0.0,-,0.0,0.0,0.0,-,0.0,-,0.2563,0.2109,0.1051,-,2.1494
40,Stefan Bell,Mainz 05,0.0427,0.1387,0.0726,-,0.0,0.0,0.3891,0.3171,0.0611,0.0,0.0,-,0.0,0.0808,0.0,0.0,0.0,0.0,0.0,0.0,0.3318,0.0,0.0,0.0,-,0.0139,0.6903,0.0,0.0,0.0,0.008,0.0,0.0,0.0,2.1461
144,Milos Jojic,FC Cologne,0.0857,0.0,0.0,0.0802,-,-,-,-,-,-,-,-,-,-,-,-,-,0.0,-,-,0.0,0.0,0.0309,0.3252,0.0,0.057,0.1602,0.2781,0.0,0.1189,0.1309,0.1362,0.106,0.6276,2.1369
403,Lukas Klünter,FC Cologne,-,-,-,-,-,-,-,-,-,-,-,-,-,-,-,-,-,-,-,-,-,-,-,-,-,-,0.0,0.0,0.9447,0.0,0.0,1.1453,0.0,0.0,2.09
268,Daniel Baier,Augsburg,0.0548,0.5033,0.0,0.0324,0.0201,0.0602,0.0943,0.0,0.5655,0.0916,0.0,0.0823,0.1266,0.0514,0.0,0.0,0.0,-,-,0.0,0.0,-,-,-,-,-,0.0204,0.0,0.2685,0.0,0.0,0.0,0.0,0.1137,2.0851
187,Christoph Kramer,Borussia M.Gladbach,0.0,0.0129,0.3178,0.0,0.0,0.0,0.0881,0.0,0.0,0.0,-,0.0741,0.0,-,0.0,-,0.0,0.4337,0.0,0.5604,0.0,0.0,0.0,0.0,-,-,-,-,-,-,-,0.0566,0.4413,0.0851,2.07
11,Sandro Wagner,Hoffenheim,0.0,0.0,0.0473,0.0,-,0.0,0.0,0.5228,0.0512,0.0,0.0,0.0186,0.0,0.0,0.0643,0.0,0.0,0.0,-,-,0.0,0.0,0.0,0.0,0.0874,1.0112,0.0168,0.015,0.0,0.2171,0.0,0.0142,0.0,0.0,2.0659
380,Sandro Sirigu,Darmstadt,0.0,0.0,0.0,0.0,0.0,0.0,0.0,0.0,-,0.0,0.0,0.9311,0.0556,0.0874,0.0231,0.3794,0.0,0.0,0.0,-,0.0,0.0,0.0299,0.2803,0.0,0.1662,-,0.0,0.0,0.0,0.0,0.0,0.0749,-,2.0279
185,Wendell,Bayer Leverkusen,0.0,0.0333,0.0,0.0,0.0,0.0,0.0577,0.0733,0.0,0.0,0.0,0.0162,0.0496,0.1298,0.0675,0.4578,0.0545,0.0,0.0,0.0,0.0873,-,0.1824,0.0,-,0.0,0.1341,0.0337,0.0136,0.0354,0.161,0.1559,0.174,0.1065,2.0236
327,Fabian Johnson,Borussia M.Gladbach,0.0,-,0.4555,0.0,0.0,0.0212,0.1377,0.0,0.4927,0.2783,0.0,0.0,0.0,-,-,-,-,0.0,0.0423,0.1857,0.0,0.1485,0.1536,0.0,-,-,-,-,-,-,-,-,0.0,0.1011,2.0166
151,Vieirinha,Wolfsburg,-,-,0.1099,0.0417,0.0,-,0.0,-,-,-,0.0,-,-,0.0,-,-,0.0,0.0374,0.0808,0.0,0.0535,-,-,0.0,0.2743,0.1165,0.3602,0.0379,0.6634,0.1327,0.0,0.0613,-,0.0217,1.9913
48,Jhon Córdoba,Mainz 05,-,0.0,0.0,0.0874,0.0294,0.0201,0.0,0.0,0.5371,0.0,0.0,0.0,0.0158,-,0.0,0.0,-,-,0.0,0.5465,0.0,0.1795,0.1148,0.0,0.0,0.0536,0.0419,0.0,0.0167,-,0.0142,0.1584,0.1545,0.0,1.9699
338,Max Meyer,Schalke 04,0.0236,0.0636,0.0,0.1699,0.0265,0.0,0.0,0.0144,0.0,0.0158,0.0228,0.0755,0.153,0.0393,0.0522,0.0,0.0915,-,-,0.0,0.0,0.013,-,0.2959,0.0403,0.0,0.0773,0.5877,0.0303,0.176,-,-,-,-,1.9686
313,Marcel Schmelzer,Borussia Dortmund,0.0714,0.1205,0.0219,0.0,0.0201,0.0,0.0,-,-,-,0.0757,0.0375,0.0,0.0,0.0,0.1929,0.0,0.0,0.0,-,0.2278,-,-,0.0,0.124,0.0212,-,0.0,0.4127,0.0,0.5686,0.0,0.051,-,1.9453
1966,Jakub Blaszczykowski,Wolfsburg,0.0482,0.0352,0.5499,0.0,0.0,0.03,-,-,0.0179,0.4794,0.0,-,-,0.0,0.123,0.0,0.0,0.0,-,0.0,0.0,0.0171,0.0323,0.0485,0.0,0.3906,0.0702,0.0509,0.0,0.0,0.0,0.0,-,0.0483,1.9415
427,Marco Höger,FC Cologne,0.2297,0.0175,0.0,0.028,-,0.0,0.0,0.0555,0.0835,0.4265,0.0091,0.0298,-,0.0,0.0,-,0.0541,0.4811,0.0,0.0,0.0189,0.0,0.0,0.0,0.3743,0.0,0.0,0.0,0.0299,0.0633,0.0,0.0,0.0,-,1.9012
45,Yunus Malli,Wolfsburg,-,-,-,-,-,0.0619,-,-,-,-,-,-,-,-,-,-,0.0381,0.7037,0.0988,0.0662,0.0408,0.159,0.1121,0.0,0.0572,0.0502,-,0.0,0.0942,0.0506,-,0.0,0.3614,0.0,1.8942
242,Lukas Hinterseer,Ingolstadt,0.0,0.0552,0.2947,0.0355,0.0,0.0,0.0101,0.0,0.0,0.0,0.0226,0.3821,0.0,0.0,0.3415,0.0,-,0.0,0.0,0.1009,0.0,0.0543,0.0,-,0.0,0.4865,0.0,0.0,-,0.0,-,-,-,0.0873,1.8707
137,Anthony Modeste,FC Cologne,0.0963,0.0,0.0,0.0694,0.0,0.0683,0.0,0.0272,0.0,0.0,0.0,0.0,0.0,0.0452,0.0,0.0,0.0944,0.0638,0.053,0.0,0.0,0.0,0.0584,0.0,0.0,0.0,0.5739,0.393,0.1361,0.0625,0.028,0.0,0.0834,0.0,1.8529
153,Maximilian Arnold,Wolfsburg,0.0224,0.0,0.0,0.0,0.0266,0.0,0.0527,0.0455,0.0,0.0358,0.0187,0.0125,0.1009,-,0.0269,0.419,-,0.0,0.0,0.0,0.0,0.1129,0.0,0.0,0.1474,0.2285,0.2676,0.0752,0.1419,0.0,0.106,0.0,0.0108,0.0,1.8513
29,Vedad Ibisevic,Hertha Berlin,0.1087,0.0104,0.0,0.0,0.045,0.1166,0.3959,0.0646,0.0,0.0233,0.0377,0.0,-,0.0,0.0,0.0,0.0244,0.041,0.0291,0.1418,0.0387,0.0,0.0,0.6115,0.0,0.0,-,0.0,0.0204,0.0,0.0,0.0371,0.0652,0.0369,1.8483
254,Steven Zuber,Hoffenheim,-,-,-,-,-,-,-,0.0,0.0,0.0088,0.0466,0.0,-,0.0,-,-,0.0,0.0,0.0652,0.1078,0.0,0.3803,0.0216,0.1226,0.6509,0.0449,0.1055,0.0,0.0,0.0731,0.1384,0.0,0.0702,0.0,1.8359
5215,Florent Hadergjonaj,Ingolstadt,-,-,-,-,-,-,-,0.1499,0.0367,-,0.0,0.4929,0.1073,0.0,0.1052,0.0341,0.0,0.0,0.1164,0.0,0.0,0.0335,0.0,0.0411,0.1596,0.0,0.0,-,0.0129,0.0736,0.3021,0.0824,0.0215,0.0619,1.8311
320,Jonas Hofmann,Borussia M.Gladbach,-,-,0.0894,-,-,-,0.0,0.0,-,0.0,-,-,-,-,0.0142,-,0.5469,0.0,-,-,0.0,0.0699,0.0,0.0793,0.0,0.0,0.2508,0.0,0.0,0.0,0.0807,0.0666,0.0,0.6324,1.8302
154,André Schürrle,Borussia Dortmund,0.7368,0.0575,-,-,-,-,-,-,0.0,0.0,0.314,0.0399,-,-,-,0.0,0.0423,0.3434,-,0.0,0.1121,0.0708,0.0,0.1112,0.0,-,-,-,-,-,-,-,-,-,1.828
2640,Erik Durm,Borussia Dortmund,-,-,-,-,-,-,-,-,-,-,0.0,-,-,0.0,-,-,0.1528,-,0.0,0.0,-,0.6201,0.3185,0.0,0.0479,-,-,-,-,0.0142,0.1618,-,0.0697,0.4332,1.8182
5252,Dominik Kaiser,RasenBallsport Leipzig,0.0815,0.2488,0.1362,0.0913,0.0986,0.1252,0.2174,0.7401,-,0.0,0.0,-,0.0691,-,0.0,0.0,0.0,0.0,0.0,-,0.0,0.0,-,0.0,-,0.0,0.0,0.0,0.0,-,-,0.0,-,0.0,1.8082
421,Lars Bender,Bayer Leverkusen,-,0.0,-,0.0,-,0.0,-,0.0,0.6101,-,-,-,-,-,-,-,-,-,-,0.0761,0.5427,0.5536,0.0,-,-,-,-,-,-,-,-,-,-,-,1.7825
4243,Christian Günter,Freiburg,0.0,0.0689,0.0511,0.0283,0.0,0.0356,0.0537,0.0433,0.2718,0.0,-,0.0171,0.0,0.0,0.0,0.0267,0.0,0.0,0.0,0.0983,0.1111,0.0197,0.0575,0.0245,0.084,0.0,-,0.0,-,0.0,0.0,0.7083,0.0589,0.0,1.7588
164,Gotoku Sakai,Hamburger SV,0.0,0.039,0.0295,0.0405,0.0457,0.0,0.0,0.0,0.0,0.013,0.1484,0.019,0.1054,0.1161,0.0128,0.0,0.0,0.0,-,0.0,0.6203,0.0251,0.0,0.0,0.0,0.0,0.0,0.0618,0.2716,0.0608,0.0233,0.0462,0.0694,0.0,1.7479
5312,Taleb Tawatha,Eintracht Frankfurt,-,-,-,0.0,-,0.0124,-,0.0,-,-,-,-,-,-,-,-,-,-,-,-,0.5582,0.0,0.3302,0.0,0.0,0.0,0.0731,-,-,0.1083,-,0.0,0.5616,0.0996,1.7434
306,Florian Niederlechner,Freiburg,0.0,0.0721,0.0,0.0467,0.0,0.0,0.0,0.0,0.0,0.0,0.7311,0.0,0.0,0.0625,0.0,0.0,0.0417,0.0227,0.0,0.0,0.0,0.0,0.0,0.1245,0.0139,0.0,0.0,0.0807,0.0,0.0,0.0,0.1132,0.2814,0.1388,1.7293
2649,Sonny Kittel,Ingolstadt,-,-,-,-,-,-,-,-,-,0.0,0.1083,-,0.2877,-,0.0,0.0,-,-,0.0,-,0.0,0.0,0.0,0.3678,0.0,0.0,0.1123,0.581,0.0,0.0,0.0674,0.0,0.0717,0.1323,1.7285
271,Ja-Cheol Koo,Augsburg,0.0526,0.3164,0.0,0.0,0.3953,0.0,0.0,0.0,0.0082,0.0849,-,-,-,0.0,0.0,-,0.0147,0.0444,0.154,-,0.4708,0.0509,0.0,0.0,0.1331,-,0.0,0.0,0.0,-,-,-,-,-,1.7253
5253,Benno Schmitz,RasenBallsport Leipzig,0.7229,-,-,-,0.0,-,-,-,-,-,0.0817,0.0,0.0,0.0338,0.0862,-,-,-,-,0.0,0.0,0.0,0.0,0.0652,0.0,-,-,-,-,-,0.0746,-,0.0,0.6441,1.7085
138,Frederik Sörensen,FC Cologne,0.0338,0.1719,0.1462,0.0,0.0185,0.0,0.409,0.0,0.0307,0.0131,0.0,0.1107,0.5538,0.0,0.0,0.1055,0.0114,0.0,0.0,0.0,0.0,-,0.0,-,0.0,-,0.0,0.0,0.0185,0.0164,0.0,0.0572,0.0,0.0,1.6967
241,Mathew Leckie,Ingolstadt,0.0149,0.146,0.3405,0.1986,0.0,0.0,0.0601,0.0,0.0,0.0796,0.0,0.0889,0.0314,0.0,-,0.0,0.1549,0.114,-,0.0,0.1014,-,-,0.0,0.0291,0.0771,0.0,0.0557,0.0,0.0491,0.0,0.0,0.119,0.0265,1.6868
2453,Marc Bartra,Borussia Dortmund,0.0,0.0,-,0.1074,-,-,-,0.0,-,0.2052,0.0,-,0.9068,0.0,0.0,0.0,-,-,0.017,-,0.0205,0.0,0.3839,0.0302,-,0.0,0.0,0.0,-,-,-,-,-,0.0,1.671
62,Lukas Rupp,Hoffenheim,0.1429,0.0,0.0,0.0355,0.0,0.6038,0.0,-,0.6306,0.1026,0.0889,-,-,0.058,-,-,-,-,-,-,-,-,-,-,-,-,-,0.0,-,0.0,0.0,-,-,-,1.6623
414,Juan Bernat,Bayern Munich,0.0,-,0.0593,-,-,0.9243,-,-,-,0.0,-,-,-,0.0,-,0.0,0.0,-,0.0,-,0.0,-,0.3035,-,-,0.1322,0.0,-,0.1234,0.0,0.0,0.1174,0.0,0.0,1.6601
221,Rafinha,Bayern Munich,0.0,-,0.2014,-,-,0.0,0.0105,0.3734,-,0.0,0.0,-,-,0.0,0.1007,-,-,-,0.0,0.0,-,0.0,0.0,-,-,0.0,0.0299,-,0.0,0.0216,0.4298,0.4841,-,0.0,1.6514
174,Aaron Hunt,Hamburger SV,0.1026,0.0913,0.0754,0.0372,-,-,0.0,-,-,0.0,0.0,-,0.0,-,0.0,-,-,-,0.0,0.0,0.0442,0.0,0.5061,0.3355,0.0,-,0.0341,0.0,0.1055,0.0449,0.1654,0.0928,-,-,1.635
454,Charles Aránguiz,Bayer Leverkusen,0.0164,-,0.0,0.0854,0.2915,0.023,0.0606,0.3422,0.0,0.0,0.0,0.0448,0.0,0.0363,0.0,-,-,0.0,0.1203,0.0,0.0,-,0.0,-,-,0.2458,-,-,0.0,0.0,0.032,0.0,0.1189,0.2034,1.6206
81,Jonathan Schmid,Augsburg,-,-,0.0,-,0.0,0.0,0.0,0.0,0.0,0.0,0.109,0.0,0.0524,0.4425,0.0953,0.1612,0.1187,-,0.0,0.0,-,-,-,0.0,-,0.0,-,0.0,0.017,0.2465,0.334,0.0,0.0417,0.0,1.6183
146,Christian Träsch,Wolfsburg,0.1574,-,-,-,-,0.1338,0.3418,0.0254,-,0.3432,0.0,-,-,-,-,-,-,-,-,0.0,-,0.076,-,-,0.3947,0.1414,0.0,-,-,-,-,-,-,-,1.6137
3230,Paul-Georges Ntep,Wolfsburg,-,-,-,-,-,-,-,-,-,-,-,-,-,-,-,-,0.7478,0.0,0.0,-,0.0575,0.0,-,-,0.3079,-,-,-,-,-,0.0,0.486,0.0081,0.0,1.6073
373,Mats Hummels,Bayern Munich,0.0,0.0,-,0.0,0.0,0.0,0.7293,0.0,0.0,0.0149,0.3837,0.0,0.2974,-,0.0,0.0,0.0229,0.0,0.0,0.0,0.0551,0.0,-,0.0,0.0,0.0,0.1018,0.0,-,0.0,0.0,-,-,-,1.6051
223,Joshua Kimmich,Bayern Munich,0.0108,0.0,0.0521,-,0.0104,0.0782,0.3437,0.0,0.1136,-,0.0411,0.1452,0.0486,-,0.0,0.0,0.0,0.0,-,0.1417,0.0398,-,0.0,-,0.0785,0.032,-,0.0,0.0804,0.0,0.1971,0.174,0.0174,0.0,1.6046
270,Alexander Esswein,Hertha Berlin,0.0,0.0,-,0.0,0.0988,0.0727,0.0,0.0126,0.0,-,0.065,0.0,0.0,0.125,0.0,0.0,0.0612,0.059,0.0,0.033,0.0,-,0.0,-,-,0.1997,0.0607,0.0337,0.0,0.6334,0.0891,0.0,0.0314,0.0,1.5753
5256,Oliver Burke,RasenBallsport Leipzig,-,0.6048,-,0.0,0.0313,0.0,0.0,0.0,0.653,0.0,0.0,0.0,0.1401,0.0,-,0.0,0.0,-,0.0,-,0.0,-,0.0,0.0,0.0,0.0,-,0.0371,0.0,0.0,0.0,-,-,0.1003,1.5666
2638,Alessandro Schöpf,Schalke 04,-,-,-,0.0961,0.0649,0.0,0.0,0.0,0.096,0.0237,0.0199,0.0764,0.0,0.1106,0.0,0.0,0.0,0.0,0.0,0.1076,0.0994,0.0425,0.0,0.0498,0.0637,0.0852,0.0516,0.0,0.0,0.0,0.5547,-,-,-,1.5421
42,Julian Baumgartlinger,Bayer Leverkusen,0.0697,-,0.0,-,-,0.0,-,0.0,0.0,0.3053,0.0,-,-,0.0339,0.0,-,0.0,-,0.0,-,0.0,-,-,0.0427,0.0169,0.0,0.0,0.0491,0.0,0.0182,-,0.9832,0.0204,0.0,1.5394
290,Mijat Gacinovic,Eintracht Frankfurt,0.069,0.8209,0.0317,0.0,-,-,-,0.0,0.0748,0.0,0.1161,0.0364,0.0,0.0,-,0.0,0.0,0.0574,0.058,0.0,-,0.0,0.0,0.0623,0.0,0.1009,0.0306,0.0,0.0,0.0734,-,0.0,0.0,0.0,1.5315
2136,Izet Hajrovic,Werder Bremen,-,0.0,-,0.2682,0.0795,0.0,0.698,0.0,0.4833,0.0,-,0.0,0.0,-,-,-,-,-,-,-,-,-,-,-,-,-,-,-,-,-,-,-,-,-,1.529
122,Claudio Pizarro,Werder Bremen,-,-,-,-,-,-,-,-,-,0.0,0.0788,0.0,0.906,0.253,0.0,0.0,0.0,0.0,-,0.0,-,0.0853,0.0634,0.0,0.0,0.0,0.0614,0.0674,-,0.0,-,0.0,-,-,1.5153
110,Theodor Gebre Selassie,Werder Bremen,0.0,0.0,0.0,0.0384,0.0349,0.6953,0.0,0.0,0.0187,0.0,0.0548,-,0.0,0.0,0.0,-,-,-,0.0621,0.0891,0.0,0.0498,0.0,0.0173,0.0203,0.0,0.1048,0.0717,0.1035,0.0323,0.0,0.0,0.0719,0.049,1.5139
435,Benjamin Henrichs,Bayer Leverkusen,-,0.1583,0.0,0.1335,0.0,0.0675,0.0,0.0,0.5111,0.0,0.0,0.0,0.0,0.0,-,0.048,0.1288,0.0642,0.0,0.104,0.1816,0.0202,0.0443,0.0,0.0501,0.0,-,0.0,-,-,0.0,0.0,0.0,0.0,1.5116
356,Alexander Meier,Eintracht Frankfurt,0.1244,0.0658,0.0,0.0,0.0,0.2313,0.0,0.0,-,0.0,0.0,0.0,0.046,0.0,0.0,-,-,0.0,0.8619,0.0991,0.046,-,0.0,-,0.0,-,-,-,-,-,-,-,-,0.0,1.4745
264,Paul Verhaegh,Augsburg,0.0596,0.0,0.0554,0.0,0.3082,0.0,0.0502,0.0346,0.0651,0.0,0.0928,0.0,0.0,0.0453,0.0,0.0,0.0076,-,0.453,0.0,0.0,0.0,-,0.0,-,0.0,0.2982,0.0,0.0,0.0,0.0,0.0,0.0,0.0,1.47
5272,Emre Mor,Borussia Dortmund,-,-,0.0179,-,0.1593,0.0,0.5553,-,-,0.535,-,-,0.0,-,0.0,-,-,-,-,0.0511,-,-,-,-,-,0.0,0.1352,0.0142,-,0.0,-,-,-,-,1.468
4246,Mike Frantz,Freiburg,-,0.0,0.0148,0.0,-,0.0256,0.0,0.0239,0.0,0.0291,0.1833,0.0583,0.0,0.1278,0.0,0.0289,0.0,0.0,0.0,0.0,0.0,0.0589,0.0932,0.0,0.0,0.0,0.0,0.0,0.1415,0.4954,0.1161,-,-,0.0697,1.4665
161,Robin Knoche,Wolfsburg,0.0,0.0,-,-,-,0.0216,0.0,0.0072,0.0,-,-,-,0.0,0.0,-,0.0,-,-,-,0.934,-,0.0,0.0,0.0,0.0397,0.0,0.0,0.0,0.0,0.442,0.0,0.0,0.0,0.0,1.4445
257,Jeremy Toljan,Hoffenheim,-,0.0,-,0.1533,0.0,0.0349,0.0919,-,0.0,-,-,0.1378,0.5563,0.0,0.0399,0.0349,-,-,-,-,-,-,0.0277,0.2266,0.0,0.0428,0.0626,-,0.0,0.0,-,0.0,0.0,-,1.4087
5356,Breel Embolo,Schalke 04,0.0,0.0,0.0231,0.42,0.6167,0.3363,0.0,-,-,-,-,-,-,-,-,-,-,-,-,-,-,-,-,-,-,-,-,-,-,-,-,-,-,-,1.3961
251,Benjamin Hübner,Hoffenheim,-,-,-,-,-,0.0,0.0,0.0,0.3571,0.0,0.0,0.0,0.0,0.041,0.8608,0.0287,0.0,0.0,0.0,0.0,-,0.0,0.0,0.0348,0.0,0.0733,0.0,0.0,0.0,-,0.0,0.0,-,-,1.3957
5294,Salih Özcan,FC Cologne,-,-,-,0.6602,-,0.0,0.6957,-,-,-,0.0,0.0,0.0,0.0,-,0.0,-,-,0.0,-,-,-,-,-,-,-,0.0,-,-,0.0,0.0,-,-,0.0,1.3559
368,Konstantinos Stafylidis,Augsburg,0.0,0.0,0.0718,0.0,0.2573,0.0,0.0133,0.0175,0.0,0.0,0.0153,0.0175,0.0,0.0881,0.0,0.0,0.0,-,-,0.1115,-,0.0,0.009,0.0,0.2794,-,0.0,-,-,-,0.0,0.4719,0.0,0.0,1.3526
324,Adrián Ramos,Borussia Dortmund,-,0.0,0.0318,-,-,-,-,0.48,-,-,0.0266,0.3905,-,0.4093,0.0,-,-,-,-,-,-,-,-,-,-,-,-,-,-,-,-,-,-,-,1.3382
32,Valentin Stocker,Hertha Berlin,-,-,0.019,0.0582,0.0,0.0,0.0269,-,-,-,0.0628,0.0576,0.1747,0.192,-,0.0519,0.5159,0.0,0.0,0.0,-,-,-,-,-,-,0.0728,0.0907,-,-,-,0.0,-,-,1.3225
4248,Nils Petersen,Freiburg,0.0328,0.044,0.2698,0.0,0.0,0.0506,0.0283,0.0161,0.0,0.0,0.0599,0.0,0.0,0.0,-,0.0,0.0,0.0,0.0783,0.0,0.4919,0.0273,0.0,0.0843,0.0,0.0,0.0479,0.0,0.0439,0.0468,0.0,0.0,0.0,0.0,1.3219
280,Halil Altintop,Augsburg,0.0,-,0.0,0.0,0.0,0.0839,0.0,0.1738,0.0,0.0,0.0153,0.1483,0.0,0.129,0.0,0.0,0.0,0.0469,0.0994,0.0,-,0.025,0.0,0.045,-,0.0,0.0,0.0,0.0163,0.3139,0.0,0.2026,0.0,0.0153,1.3147
291,Haris Seferovic,Eintracht Frankfurt,0.0,0.0,0.0115,0.0,0.0506,0.0,-,0.0715,0.0,0.0,-,0.0,0.0,0.0642,-,-,0.0,0.0,-,0.0144,0.0,0.3268,-,-,-,0.0,0.0,0.0,-,0.1348,0.0,0.0215,0.0,0.6152,1.3105
420,Patrick Herrmann,Borussia M.Gladbach,-,0.0,-,-,-,0.0,0.0,0.0,0.0,0.1385,-,-,-,-,-,-,-,-,0.0,0.1983,0.0833,-,0.4603,0.1065,0.0256,0.0,0.2198,-,0.0,0.0,0.0396,0.0,-,-,1.2719
5236,Danny Blum,Eintracht Frankfurt,-,0.0,-,-,0.5511,0.0,-,-,-,0.0,-,-,-,-,-,-,-,-,-,-,0.0,0.0,0.0134,0.0,0.0,-,-,0.0154,0.0,-,0.0,0.6863,-,0.0,1.2662
171,Michael Gregoritsch,Hamburger SV,0.0,0.425,0.0,0.0,0.0,0.0,-,-,0.0,0.1938,0.0301,0.0,0.0,0.0,0.0,0.0763,0.0,0.0,-,-,0.0,0.0,0.0,0.0,0.0,0.1121,0.4245,0.0,0.0,0.0,0.0,0.0,0.0,0.0,1.2618
2456,Omar Mascarell,Eintracht Frankfurt,0.0243,0.0,0.0,0.0,0.0,0.0,0.0,0.1441,0.0,0.0,0.0486,-,0.0,0.0293,0.0187,0.0,0.0,0.0853,0.0,0.0162,0.2988,-,0.5055,0.0,0.0,0.0,0.0,0.0,0.031,0.05,-,-,-,-,1.2518
360,Ádám Szalai,Hoffenheim,-,0.0,0.0,-,-,0.3548,-,0.0,0.0,-,-,0.0,-,-,-,-,-,0.0,0.2156,0.0,0.077,0.0195,0.0824,0.0,0.2142,0.0,0.0,-,0.0567,0.0161,0.0,0.0,0.0732,0.1064,1.2159
273,Raúl Bobadilla,Augsburg,0.1166,0.0481,0.0254,-,0.0319,-,-,-,-,0.0,-,-,-,-,-,-,0.0,0.0,0.5096,0.124,0.0728,0.0,0.0,0.0231,0.1331,0.0284,0.0966,-,-,-,0.0,0.0,-,-,1.2096
283,David Abraham,Eintracht Frankfurt,0.0,0.0787,0.0,0.0,0.0,0.0,0.0,0.1226,0.0,0.0111,0.0324,0.0,0.0,0.0253,0.0,0.2993,0.0,0.0,0.0202,-,0.0,-,-,0.0,0.0,0.0,0.0,0.5897,0.0123,0.0,0.0,-,0.0,0.0,1.1916
422,Mario Götze,Borussia Dortmund,-,0.1441,-,0.0452,0.0746,-,0.0,0.0585,0.0701,-,0.6248,0.0,-,-,0.0085,0.1616,-,0.0,-,-,-,-,-,-,-,-,-,-,-,-,-,-,-,-,1.1874
341,Franco Di Santo,Schalke 04,0.0606,-,0.0,-,0.0428,0.0,-,0.6226,0.0,-,-,-,-,-,-,-,-,-,-,-,-,-,0.0,-,0.4179,-,0.0,-,0.0,0.0,-,0.0,-,-,1.1439
443,Peter Pekarík,Hertha Berlin,0.0639,0.0,0.0706,0.0,0.0,-,-,-,0.0,0.0,0.0,0.0,0.1116,0.0,0.0,0.0,0.0,0.0,0.0849,0.0,0.0796,0.0,0.0166,0.1152,0.04,0.0227,0.0,0.0585,0.0199,0.0,0.237,0.0,0.2068,0.0,1.1273
193,Giulio Donati,Mainz 05,0.0,0.1346,0.0,0.0976,0.0,0.0,0.0,0.0206,0.0,0.0,0.0,0.0,0.0,0.0293,0.2167,0.0411,-,0.0,0.0775,0.0238,0.0516,0.0,0.0,0.0,0.0416,0.0323,0.0,0.12,0.0602,0.0,0.1177,0.0,0.0577,-,1.1223
252,Alfredo Morales,Ingolstadt,0.0,0.0,0.0,0.0,0.0,-,0.0,0.0,-,-,-,-,-,0.0,0.4129,0.0,0.0,0.1389,0.1119,0.0,0.0812,0.0704,0.0,0.0579,0.0,0.1186,0.0,0.0,0.0294,0.0,0.0828,-,0.0,0.0,1.104
46,Jairo Samperio,Mainz 05,-,-,-,-,-,-,-,0.0,0.0,0.0,0.5046,-,-,0.0,-,0.0,0.1252,0.0772,0.0307,0.0854,0.1141,0.0,0.0,-,0.0,-,0.0,-,0.1366,-,-,0.0,-,-,1.0738
282,Makoto Hasebe,Eintracht Frankfurt,0.2906,0.0,0.1135,-,-,0.0,0.0,0.0,0.0,0.0,0.0175,0.0453,0.0,0.0167,0.1097,0.0,0.0,0.1493,0.0214,0.0,0.0972,0.015,0.1946,0.0,-,-,-,-,-,-,-,-,-,-,1.0708
139,Simon Zoller,FC Cologne,0.0,0.0,0.0,0.0,0.0,0.0,-,0.0,0.4318,0.0,-,0.0,0.2991,-,0.0,0.0,-,-,0.1506,0.0,0.0,0.0,0.0,-,0.0,0.0,-,0.0,0.0,-,0.0,0.0958,0.0257,0.0325,1.0355
5257,Willi Orban,RasenBallsport Leipzig,0.0,0.0,0.9474,0.0,0.0,0.0,0.0,0.0,0.0,0.0,0.0,0.0,0.0,0.0,0.0,0.0,0.0,0.0,0.0,0.0,-,0.0617,0.0,0.0,0.0,0.0,0.0,0.0,-,0.0242,-,-,-,-,1.0333
4250,Nicolas Höfler,Freiburg,0.0187,0.0,0.0065,0.0,0.0,0.0,0.0081,0.0,0.0,0.0,0.0,0.0,-,0.0,-,0.0,0.0,0.0,-,0.0236,0.0,0.0154,0.9011,0.0247,0.0,-,-,-,0.0133,0.0,0.0217,0.0,0.0,0.0,1.0331
354,Gaëtan Bussmann,Mainz 05,-,0.0,-,0.0,0.0,0.0458,0.6143,0.0,-,0.0868,-,0.0,-,0.1209,0.0,-,0.0256,-,-,-,0.0,0.1291,0.0,-,-,-,-,-,-,-,-,-,-,-,1.0225
2633,Julian Schieber,Hertha Berlin,0.0,0.0,0.0,0.0,0.0,0.3281,-,0.6088,0.0,0.0,0.0377,0.0,0.0355,0.0,0.0,-,0.0,0.0,0.0,0.0,-,-,-,-,-,-,-,-,-,-,-,-,-,-,1.0101
4280,Davie Selke,RasenBallsport Leipzig,0.0663,-,0.0,-,0.0919,-,-,0.6578,0.0,0.0,-,0.0,-,0.0,0.0,0.0,0.0,0.0746,0.0,0.0,-,0.0,-,-,0.0,-,-,-,-,0.0,0.0,0.0161,0.0,0.0972,1.0039
419,Maximilian Mittelstädt,Hertha Berlin,-,-,-,-,-,-,0.0,-,-,0.0,-,-,-,-,-,-,-,-,0.0,-,0.0,0.1532,-,0.0,0.6972,0.0,-,0.0,0.0761,0.0,0.0664,-,-,-,0.9929
167,Matthias Ostrzolek,Hamburger SV,0.0127,0.0,-,-,-,-,-,-,0.0096,-,0.1241,0.1789,0.2382,0.1088,0.0429,0.0235,0.0,0.0,0.0,0.0,0.0,-,0.0,0.0306,0.0,-,0.0,0.1331,0.0,-,0.0,0.0,0.0801,0.0,0.9825
5235,Aymen Barkok,Eintracht Frankfurt,-,-,-,-,-,-,-,-,-,-,0.0,0.0,0.0867,-,0.0187,0.4595,0.0,0.0602,0.0,0.0,0.0261,-,0.0,0.0298,-,0.0,0.0,-,0.0,0.0,0.0,-,0.2911,-,0.9721
362,Moritz Hartmann,Ingolstadt,0.0743,0.0,0.0,0.0,0.0,0.1676,0.0163,0.1555,0.0,0.0158,0.0,0.4528,0.0826,0.0,-,-,-,-,-,-,-,-,-,-,-,-,-,-,-,-,-,-,-,-,0.9649
399,Ulisses García,Werder Bremen,-,-,0.0,0.0,-,-,0.3436,-,-,-,-,-,-,-,-,0.0,-,-,0.0,-,-,-,-,-,-,-,-,0.0,-,-,-,-,-,0.5966,0.9402
5267,Onur Bulut,Freiburg,0.0,0.0,0.3411,0.0,0.0806,0.1018,0.0681,0.0,-,-,-,-,0.0,-,0.0,0.0,0.1264,0.1261,-,-,0.0,0.0,-,-,-,-,0.0,0.0,-,0.0,0.0,0.095,0.0,-,0.9391
441,Fabian Frei,Mainz 05,0.234,0.0179,0.2003,0.0495,0.0,0.0,-,0.0,-,-,0.0666,-,0.0,-,0.0,-,0.0,0.0,0.0,-,-,0.0,0.0,0.0,-,-,0.0,0.0,0.0469,0.0,0.0163,0.0,0.3034,0.0,0.9349
5263,Lukas Kübler,Freiburg,-,-,-,-,-,-,-,-,-,-,-,-,0.0,0.0,0.0,-,0.0,0.0291,0.0506,0.0519,0.0,0.0,0.0,0.0,0.0,0.0,0.1043,0.6915,0.0,-,-,-,-,-,0.9274
2690,Sidney Sam,Darmstadt,-,-,-,-,-,-,-,-,-,-,-,-,-,-,-,-,-,0.0,0.0,0.7769,0.0801,0.0,0.0,0.0,0.0,0.0,0.0125,-,-,0.0415,-,0.0,-,0.0126,0.9236
2655,Alfred Finnbogason,Augsburg,0.0,0.0683,0.5374,0.0267,0.1126,0.0,-,-,-,-,-,-,-,-,-,-,-,-,-,-,-,-,-,-,-,-,0.1018,0.0,0.0,-,0.0763,0.0,0.0,0.0,0.9231
173,Pierre-Michel Lasogga,Hamburger SV,0.0,0.0,-,0.0,0.0,0.4603,0.0,0.0,0.0675,0.0,0.0,0.0,-,-,0.0,0.0,-,-,-,-,-,-,-,0.0,0.0,-,0.0,0.0,0.0,-,0.0,-,0.3901,-,0.9179
175,Dennis Diekmeier,Hamburger SV,0.0,-,-,-,-,-,0.0,0.0,-,0.0838,0.0,0.0,0.1841,0.0,0.0954,-,-,0.0,0.0,0.0,0.0,-,0.0,0.1083,0.0,0.0,0.2144,0.0,0.0,0.1342,0.0246,0.0,0.0633,-,0.9081
183,Jonathan Tah,Bayer Leverkusen,0.0,0.0,0.0,0.0,0.2915,0.0,0.0,0.0,-,0.0,0.0,0.521,-,0.0,0.0,-,0.0417,0.0,0.0,-,-,-,-,-,-,-,-,-,-,-,0.0,-,0.0329,0.0,0.8871
5,Fabian Holland,Darmstadt,0.0087,0.0,0.0,-,0.0,0.0,0.0,-,-,-,-,-,-,0.0,0.0,0.0,0.0,0.4983,0.0,0.0168,0.0,0.0618,0.1149,0.1111,0.0,0.0,0.0166,0.0,0.0,0.0,0.0197,0.0362,0.0,-,0.8841
412,André Hahn,Borussia M.Gladbach,0.0453,0.0,-,0.0615,0.0,0.0286,0.0,0.1255,0.0369,-,0.0,0.0,0.0,0.0,0.0,0.0,0.0,0.0,0.0685,0.0,0.0,0.0,-,0.0,0.0582,0.0,0.0,-,0.0,0.3236,0.0112,0.0,0.0987,0.0,0.858
315,Matthias Ginter,Borussia Dortmund,-,-,0.0,0.0,0.0782,0.0,0.0163,0.0,0.0,0.0,0.0,0.0,0.1332,0.0,0.0314,0.0,0.0548,0.0,0.0,0.0,0.4234,-,-,0.0895,0.0,-,0.0,0.0,0.0,0.0,0.031,0.0,0.0,0.0,0.8578
2692,Leon Guwara,Darmstadt,-,0.0324,0.0,0.0406,0.0,-,-,0.4202,0.0606,0.0,0.0202,0.0,0.139,-,-,-,0.035,-,-,0.0,-,-,0.0827,-,-,0.0,0.0,0.0,-,-,-,-,-,0.0244,0.8551
128,Pawel Olkowski,FC Cologne,-,-,0.0,-,-,-,-,-,-,-,0.0,-,-,0.0,0.0971,0.1154,0.0353,0.0,0.0514,-,0.0215,0.5268,0.0,0.0,0.0,0.0,-,-,-,-,-,-,-,-,0.8475
2674,Thilo Kehrer,Schalke 04,-,-,-,-,-,-,-,-,-,-,0.0,-,-,0.0,0.0,0.0,-,-,0.0,0.0,0.0,-,0.3072,0.1476,0.0,0.1559,0.0,0.1145,0.0,-,-,-,0.1107,0.0,0.8359
132,Matthias Lehmann,FC Cologne,0.1179,0.0,0.0,0.0,0.0327,0.0,0.1151,0.0,0.0,0.0,0.0,-,-,-,-,-,-,-,-,-,-,-,-,0.0125,0.5064,-,0.0,0.0,0.0,0.0,0.0,0.0,0.0,0.0485,0.8331
5222,Joel Pohjanpalo,Bayer Leverkusen,0.0,0.0,-,0.0,0.0373,-,-,-,-,-,-,-,0.7464,-,-,0.0,-,-,-,0.0,-,-,-,-,-,-,0.0,-,-,0.0459,-,-,0.0,0.0,0.8296
5230,Thomas Delaney,Werder Bremen,-,-,-,-,-,-,-,-,-,-,-,-,-,-,-,-,0.0,0.0251,0.0312,0.0,0.0,-,-,0.0,0.0,0.1848,0.0,-,-,-,0.562,0.0,0.0245,0.0,0.8276
43,Danny Latza,Mainz 05,-,-,-,-,-,-,-,-,-,-,-,0.0132,0.0,0.0443,0.0207,0.5312,0.0113,0.07,0.0,0.0,0.0615,0.0,0.0215,0.0,0.0098,0.0,-,0.0,0.0432,0.0,0.0,0.0,0.0,-,0.8267
371,Sokratis,Borussia Dortmund,0.0,0.0,0.0,0.0,0.0213,0.0,-,-,0.0,0.0,0.0,0.3337,0.0,0.0,-,-,0.0,0.0,0.0,0.0,-,0.0,0.0,-,0.0481,0.0,-,0.0,0.0,-,0.0,0.2794,0.0,0.1388,0.8213
157,Daniel Caligiuri,Wolfsburg,0.0,0.0604,0.0,0.0,0.0997,0.0,-,0.0,0.3509,0.0,0.0178,0.0165,0.0439,0.0,0.0837,0.0,0.0149,-,-,-,-,-,-,-,-,-,-,0.111,-,-,-,-,-,-,0.7988
5286,Douglas Santos,Hamburger SV,-,-,0.0,0.393,0.0,0.0558,0.0209,0.0,0.1114,0.0583,0.0,0.0,0.0,0.0157,0.0,0.0,0.0,0.0,-,-,-,0.0088,-,0.0,-,0.0277,-,-,-,0.1004,-,-,-,-,0.792
367,Jan Morávek,Augsburg,-,-,-,0.0,-,-,0.0,-,0.0,-,0.0146,-,-,-,0.0505,0.5575,0.0156,0.0669,-,-,-,0.0411,0.0,-,0.0,0.0,0.0361,-,-,-,-,-,-,-,0.7823
326,Pascal Stenzel,Freiburg,-,0.0719,0.0,0.0,-,0.0,-,0.033,0.0,0.0,0.1297,0.2686,0.0,0.0,0.1089,0.1418,0.0,-,-,-,-,-,-,-,-,-,-,-,0.0,0.0,0.028,0.0,0.0,-,0.7819
225,Javi Martínez,Bayern Munich,0.0,0.3529,0.0,0.0,0.0946,0.0,-,0.0,0.0,-,-,0.0,0.0,0.0,0.0,0.0,0.0,0.0,0.0,0.0,-,0.0,0.0,0.3048,0.0,-,0.0,0.0,0.0152,-,0.0,-,-,-,0.7675
433,Nico Schulz,Borussia M.Gladbach,-,-,0.0,0.0,0.0,-,-,0.0,0.0,-,-,-,-,0.0,-,-,-,-,-,0.0,-,-,-,-,-,-,0.0,-,-,-,0.6695,0.0676,0.0,0.019,0.7561
190,Stefan Kießling,Bayer Leverkusen,-,-,-,0.0,0.2141,-,0.0,0.0,0.0,0.0,-,-,0.0,0.3105,-,-,-,0.0,0.0,-,-,0.0,-,0.0,0.0,0.0125,0.0,0.0,-,-,0.0533,0.0,0.155,0.0,0.7454
111,Jannik Vestergaard,Borussia M.Gladbach,0.0,0.0,0.296,0.0,0.0,0.0,0.3311,0.0,0.0,0.0,0.0,0.0,0.0,0.0,0.0,0.0,0.0,0.0,0.0,0.0,0.0,0.0,0.0,0.0,0.0,0.0,0.1168,0.0,0.0,0.0,0.0,0.0,0.0,0.0,0.7439
176,Sven Schipplock,Darmstadt,0.0,0.0,0.0,-,-,-,0.0825,0.0,0.0,0.0,0.0,-,-,0.0767,0.1085,0.0,0.0,-,-,-,-,0.08,0.0,0.0,0.0,0.3598,-,0.0,0.0,0.0,0.0,0.0,-,0.0257,0.7332
234,Tobias Levels,Ingolstadt,0.0,0.0,0.0,0.0,0.064,0.6322,0.0,-,-,0.022,-,-,-,-,0.0,-,-,0.0,-,-,-,-,-,-,-,-,-,-,-,-,-,-,-,-,0.7182
372,Julian Weigl,Borussia Dortmund,0.019,0.0,0.0424,0.0,0.0177,0.0,0.0,0.0,0.0168,-,0.0,0.0,0.0,0.0,0.0,0.0,0.0,0.0,0.0,0.0,0.0,0.0778,0.0676,0.0,0.0,0.0,0.4731,-,0.0,-,0.0,0.0,0.0,-,0.7144
240,Almog Cohen,Ingolstadt,0.0,-,0.0,-,0.0,0.0,0.0,0.0,0.0,0.0,0.017,0.0,0.0,0.0,0.0,0.0,0.0256,0.0,-,0.0,0.0,0.0,0.0,0.0,0.0131,0.0,0.0,0.6302,0.0,0.0266,0.0,0.0,0.0,0.0,0.7125
2068,Yevhen Konoplyanka,Schalke 04,-,0.0296,0.0,0.0,-,-,0.0,-,0.0,0.0989,-,0.3721,0.0,0.0,0.1678,0.0439,0.0,0.0,-,-,-,-,0.0,0.0,-,-,0.0,-,-,-,-,0.0,-,-,0.7123
2627,Jannes Horn,Wolfsburg,-,-,0.0,-,0.0,-,-,-,-,-,-,-,-,0.0,-,0.0,-,-,-,-,0.0,0.223,0.0,-,0.2634,0.0355,0.0626,0.0,-,-,0.0651,-,0.0604,-,0.71
203,Julian Korb,Borussia M.Gladbach,-,-,0.0,-,0.1074,0.0,0.0,0.3743,0.0,0.0099,-,-,0.0,-,0.0,0.1934,-,-,-,-,-,-,-,-,-,-,-,-,-,0.0,-,-,-,0.0,0.685
684,Abdul Rahman Baba,Schalke 04,0.0,0.0524,0.0582,0.0576,0.1006,0.0,0.0,0.0,-,0.0,0.0,-,-,0.0,0.34,0.0754,-,-,-,-,-,-,-,-,-,-,-,-,-,-,-,-,-,-,0.6842
116,Florian Grillitsch,Werder Bremen,0.0,0.0204,0.0,0.1159,0.0,0.0473,0.0,0.0,0.0,0.0,0.0,-,-,-,-,-,-,-,-,-,-,0.0,0.0,0.0,0.0,0.0964,0.0,0.0,0.3932,0.0,0.0,0.0,-,0.0,0.6732
49,Christian Clemens,FC Cologne,-,-,-,-,-,-,-,-,-,-,-,-,-,-,-,-,0.0549,0.0,0.0,0.3612,-,0.1148,0.0367,-,0.0,0.1017,0.0,0.0,0.0,-,-,-,-,0.0,0.6693
269,Dominik Kohr,Augsburg,0.0261,0.0,0.0,-,-,-,0.0,0.0,-,0.0,0.0,0.0453,0.0504,0.0,-,0.0697,0.0681,0.0,0.0,-,0.2535,0.0434,0.0469,0.0151,0.0,0.0,-,0.0,0.0,-,0.046,0.0,0.0,0.0,0.6645
4304,Sami Allagui,Hertha Berlin,-,-,-,0.0,-,-,0.0,0.0,0.0,-,-,-,-,-,-,0.0,0.0,-,-,-,-,-,-,0.0,0.0,0.0,0.0,-,0.0,-,-,-,-,0.6618,0.6618
334,Dennis Aogo,Schalke 04,0.0192,-,-,-,-,-,-,-,-,-,-,0.0,-,-,-,-,0.1059,-,-,-,-,0.0,-,0.0,-,-,-,-,0.5367,-,0.0,-,-,-,0.6618
5264,Caglar Söyüncü,Freiburg,0.0,0.0,0.0,-,0.0,0.0,0.4484,0.0,0.0,0.0,0.0,-,0.0,0.0,0.0,0.0,-,0.0,0.0,0.0,0.0,0.0,-,-,-,-,0.11,0.0857,0.0,0.0,0.0142,-,-,-,0.6583
5217,Anthony Jung,Ingolstadt,-,-,-,-,-,0.0363,-,-,-,-,0.0939,0.0254,0.0555,0.3445,0.0,-,0.0142,0.0334,0.0514,0.0,-,0.0,0.0,-,-,-,-,0.0,0.0,-,0.0,-,0.0,-,0.6546
10,Jan Rosenthal,Darmstadt,-,-,-,-,-,0.0,-,-,-,-,-,-,0.0,0.0,0.0,0.0,0.0716,0.0,0.0,0.4249,0.0827,0.0,-,-,-,-,0.0382,0.0,0.0166,0.0,0.0,0.0198,0.0,0.0,0.6538
7,Florian Jungwirth,Darmstadt,0.0,0.0998,0.0,0.4971,0.0229,0.0,0.0,0.0301,0.0,0.0,0.0,0.0,0.0,-,0.0,0.0,0.0,-,-,-,-,-,-,-,-,-,-,-,-,-,-,-,-,-,0.6499
212,Nico Elvedi,Borussia M.Gladbach,0.0,0.0,-,0.0,0.0,0.0,0.0,0.0,0.0,0.0,0.0,0.3274,0.0,0.0254,0.0,0.0,-,-,-,-,-,-,-,0.0,0.0403,0.0311,0.0217,0.0,0.0356,0.0811,0.0,0.0,0.0865,-,0.6491
194,Admir Mehmedi,Bayer Leverkusen,0.0,0.0,0.0,-,0.119,0.0,0.0,0.0468,0.0796,0.0,0.0,0.0238,-,-,0.0,0.0392,0.0,-,0.0,-,-,-,0.1198,0.0,0.2184,0.0,0.0,-,-,-,0.0,0.0,-,-,0.6466
21,Sebastian Langkamp,Hertha Berlin,0.0,0.0,0.0,0.0,0.0,0.0,0.0,0.0,-,-,0.0,0.0,0.0,0.0,-,-,-,-,0.0,0.0,0.0,0.0,0.0,0.0177,0.0,0.0,0.0,0.0,0.0,0.0,0.0,0.0238,-,0.5995,0.641
4336,Raphael Framberger,Augsburg,-,-,-,-,-,-,-,-,-,-,-,-,-,-,-,-,-,0.6282,-,-,-,0.0,0.0,-,-,-,-,-,-,-,-,-,-,-,0.6282
5299,Riechedly Bazoer,Wolfsburg,-,-,-,-,-,-,-,-,-,-,-,-,-,-,-,-,-,-,-,0.0,-,-,0.0,0.0,0.0,0.0,0.0619,0.0786,0.0,0.0,0.0254,0.0,0.4616,-,0.6275
5287,Marco Terrazzino,Hoffenheim,0.0,-,-,-,-,-,-,-,-,-,-,-,-,-,-,-,-,-,0.0,0.357,0.1929,0.0582,0.016,0.0,-,-,0.0,0.0,-,-,-,-,-,-,0.6241
3254,Lamine Sané,Werder Bremen,0.0,0.0,0.0,0.0,-,0.0,0.0,0.0,0.0,-,-,-,0.0,0.0,0.0,0.014,0.0,0.0,0.0,0.0,0.0,0.5905,0.0,0.0,0.0,-,-,-,0.0,0.0,0.0,0.0,0.0,0.0,0.6045
2660,Szabolcs Huszti,Eintracht Frankfurt,0.1075,0.0695,0.0816,0.0243,0.0114,0.0417,0.0195,-,0.0519,0.1013,0.0,0.0503,0.0113,0.0182,0.0149,0.0,-,-,-,-,-,-,-,-,-,-,-,-,-,-,-,-,-,-,0.6034
2073,Coke,Schalke 04,-,-,-,-,-,-,-,-,-,-,-,-,-,-,-,-,-,-,-,-,-,-,-,-,-,0.0,-,0.0238,0.2528,0.0524,0.0322,0.0678,0.077,0.0896,0.5956
47,Yoshinori Muto,Mainz 05,0.0,-,0.0,0.0,-,-,-,-,-,-,-,-,-,-,-,-,0.0267,0.0,0.0,0.0,-,0.0,0.0734,0.0303,0.0,-,0.0,0.0492,0.0,0.388,0.0,0.0222,0.0,0.0,0.5898
1936,Niklas Moisander,Werder Bremen,-,-,0.0,0.0,0.0,0.0,0.0,0.0,0.027,0.0,0.3664,0.0,0.0,0.0,0.0,0.0,0.0,0.0,-,0.0,0.0,0.0,0.0,0.0225,0.0309,0.0,0.0,0.0,0.0,0.1421,0.0,0.0,-,0.0,0.5889
129,Dominique Heintz,FC Cologne,-,0.0,0.0,0.0,0.0,0.0,0.0,0.0,0.0,0.0,0.0,0.038,0.0,0.0,0.0,0.1399,0.0,0.0,0.0,0.0,0.0174,0.0,0.0149,0.0,-,0.0,0.0,0.0,0.0504,0.1016,0.0,0.0594,0.0,0.1472,0.5688
228,Sebastian Rode,Borussia Dortmund,0.0147,0.0,0.0605,0.0,0.031,0.0435,0.0222,-,0.0,0.0,-,0.0,-,0.0255,-,-,-,-,-,-,-,-,-,-,-,-,-,0.3706,-,-,-,0.0,0.0,-,0.568
5280,Hamit Altintop,Darmstadt,-,-,-,-,-,-,-,-,-,-,-,-,-,-,-,-,-,-,0.0,0.0,0.0,0.0,0.0306,0.0,0.0,0.2863,0.0432,0.0179,0.0,0.0333,0.0105,0.0208,0.0785,0.0404,0.5615
5225,Bakery Jatta,Hamburger SV,-,-,-,-,-,-,-,-,-,-,-,-,-,-,-,-,-,-,-,-,-,-,-,-,-,-,-,-,0.0224,0.4296,0.0,0.0918,0.0,0.0,0.5438
5259,Georg Teigl,Augsburg,-,-,-,-,-,0.0,-,-,0.0,-,0.0,0.0,0.0,-,-,0.0,-,0.0,0.0,0.0,0.0,-,0.0,0.0,0.4061,0.0,-,0.1334,0.0,-,-,-,0.0,0.0,0.5395
404,Felix Platte,Darmstadt,-,-,-,-,-,-,-,-,-,-,-,-,-,-,-,-,-,-,-,-,-,-,-,0.0,0.4866,-,0.0,0.0478,0.0,0.0,0.0,0.0,0.0,-,0.5344
5242,Stefan Ilsanker,RasenBallsport Leipzig,0.0,0.0,0.0,0.0649,0.0,0.0,0.0228,0.0,0.0,0.1381,0.068,0.0,0.0,0.0,0.0,0.0,0.0,0.0,0.0,0.0317,0.0,0.0962,0.0,-,0.0,0.0,0.0,0.0,0.0206,0.0,0.0,0.0,0.0897,0.0,0.532
5231,Florian Kainz,Werder Bremen,-,-,0.0,-,-,-,-,-,-,-,-,-,-,-,-,-,0.0,0.0,-,-,-,0.0,0.0,0.0,0.0,0.0484,0.0,0.1251,0.0,0.355,-,0.0,0.0,-,0.5285
858,Philipp Wollscheid,Wolfsburg,-,-,0.0152,0.0,0.0,-,-,-,-,-,-,-,-,-,-,-,-,-,-,-,-,-,-,-,-,-,0.4273,-,-,0.0,-,0.0,-,0.0834,0.5259
1275,Robin Quaison,Mainz 05,-,-,-,-,-,-,-,-,-,-,-,-,-,-,-,-,-,-,-,-,-,0.0,0.0,0.0,0.0,0.0,0.5058,-,0.0,0.0198,0.0,-,0.0,0.0,0.5256
156,Sebastian Jung,Wolfsburg,-,-,-,-,-,-,-,-,-,-,-,-,-,-,-,-,-,-,-,-,-,-,-,-,-,-,-,0.0659,-,-,-,0.0572,0.0,0.3993,0.5224
3216,Marcel Tisserand,Ingolstadt,-,0.0,0.0,0.0,0.0275,0.0336,0.0,0.0,0.0,-,0.0,0.0,0.0,0.0,0.0,0.0807,-,-,-,0.0,0.0,0.0,0.0,0.0346,0.0,0.0,0.0,0.0,0.0,0.3453,0.0,0.0,0.0,-,0.5217
133,Kevin Vogt,Hoffenheim,0.0,-,0.0,0.0,0.0,0.0,0.0294,0.0,0.0071,0.0,0.0,-,0.0,0.0,0.0,0.0567,0.1098,0.0,0.0,0.0,0.0556,0.0,0.0843,0.0253,-,0.1495,0.0,0.0,0.0,0.0,0.0,0.0,0.0,0.0,0.5177
209,Josip Drmic,Borussia M.Gladbach,-,-,-,-,-,-,-,-,-,-,-,-,-,0.0,0.0,0.0,-,0.323,0.0,0.0,0.0,0.0,-,0.0,0.1281,-,-,0.0,0.0504,-,-,-,-,-,0.5015
220,Jérôme Boateng,Bayern Munich,-,-,0.0,0.0,0.0,-,0.0654,-,0.0,0.0,0.034,-,-,-,-,-,-,-,-,-,-,-,-,0.0,-,0.3457,-,0.0,-,-,-,0.0,0.0408,0.0,0.4859
5219,Aleksandar Dragovic,Bayer Leverkusen,-,-,-,0.0,0.0,-,-,-,0.4345,0.0,-,0.0,0.0,0.0246,0.0,0.0,0.0,-,-,-,0.0,0.0,0.0,0.0,0.0,0.0227,-,-,0.0,0.0,-,0.0,-,-,0.4818
236,Marvin Matip,Ingolstadt,0.0,0.0,0.0,0.0,0.0,0.0,0.0,0.1218,0.0,0.0668,0.0,0.0,0.0,0.0,0.0,0.0,0.0,0.0543,0.0,0.0,0.0,0.0,0.0861,0.0,0.0,0.0,0.0,0.0,0.0,-,0.0,0.0,0.0787,0.0534,0.4611
182,Roberto Hilbert,Bayer Leverkusen,-,-,-,-,-,-,-,-,-,-,-,-,-,-,-,-,-,-,-,-,-,-,-,-,0.1371,0.0276,0.1538,0.0189,0.0,0.0965,0.0185,-,-,-,0.4524
200,Andreas Christensen,Borussia M.Gladbach,0.0,0.0,0.0,0.0,0.0,0.0,0.0,-,-,-,0.0,0.0,0.0,0.0,0.0,0.0,0.0,0.0,0.0,0.0,0.0,0.0,0.0,0.0,0.0,0.0,0.0166,0.0,0.0,0.0,0.0,0.0203,0.0,0.4122,0.4491
2642,Nuri Sahin,Borussia Dortmund,-,-,-,-,-,-,-,-,-,-,-,-,0.0,-,-,-,-,-,-,-,-,-,-,-,-,-,0.0,-,0.4192,0.0,-,-,-,0.0145,0.4337
117,Clemens Fritz,Werder Bremen,0.0343,0.0,0.0,0.0448,0.0,0.0199,0.0,0.0384,0.0,0.1117,0.0,0.0624,-,0.0,0.0149,-,0.1022,-,0.0,-,0.0,-,0.0,-,-,-,-,-,-,-,-,-,-,-,0.4286
2648,Änis Ben-Hatira,Darmstadt,0.0,0.0,0.0,-,0.0,-,0.0294,0.2462,0.0,0.0385,0.0,0.111,-,-,-,0.0,-,-,-,-,-,-,-,-,-,-,-,-,-,-,-,-,-,-,0.4251
249,Danny da Costa,Bayer Leverkusen,-,-,-,-,-,-,-,-,-,-,-,-,0.0,-,0.0,-,-,-,-,-,-,-,-,-,-,-,-,-,-,-,-,-,-,0.4241,0.4241
2663,Felix Passlack,Borussia Dortmund,0.0,-,0.0,-,-,-,0.0,0.3046,0.0971,0.0,-,-,-,-,-,-,-,-,0.0,-,-,-,-,-,-,0.0,0.0,0.0,-,-,-,-,-,-,0.4017
5270,Gerrit Holtmann,Mainz 05,-,-,-,0.3824,0.0,-,-,-,-,-,-,-,-,0.0,-,-,-,-,-,-,-,-,-,-,-,-,-,0.0155,-,-,-,-,-,0.0,0.3979
5296,Julius Kade,Hertha Berlin,-,-,-,-,-,-,-,-,-,-,-,-,-,-,-,-,-,-,-,-,-,-,-,-,-,-,0.3973,-,-,-,-,-,-,-,0.3973
235,Romain Brègerie,Ingolstadt,0.0,-,-,-,-,-,-,-,-,0.0432,-,-,-,-,-,-,0.0,0.0,0.0,0.1401,0.0212,0.0,0.0,0.0,0.0399,0.0,0.0,0.0,-,-,-,0.0,0.103,0.0468,0.3942
2647,László Kleinheisler,Darmstadt,0.0,0.0473,-,0.0518,0.0,0.0,0.0,0.2851,0.0,0.0,0.0,-,0.0,0.0,-,-,-,-,-,-,-,-,-,-,-,-,-,-,-,-,-,-,-,-,0.3842
75,Niklas Süle,Hoffenheim,0.0692,0.0261,0.0,-,0.0,0.0,0.0,0.0,0.0,0.0,0.0,0.0358,0.0,0.0,0.026,0.0,0.0,0.0,0.0,0.0,0.0,0.0,0.0,0.0,0.0,0.0974,0.0,0.0,0.0232,0.0919,0.0,0.0102,0.0,0.0,0.3798
871,Bojan,Mainz 05,-,-,-,-,-,-,-,-,-,-,-,-,-,-,-,-,-,-,0.0,0.0,0.0,-,-,0.0,0.0,-,0.0375,0.0,-,0.0,0.0861,-,0.1876,0.0634,0.3746
125,Maximilian Eggestein,Werder Bremen,0.0,-,-,-,-,-,-,-,-,-,-,-,-,-,-,-,-,0.0653,-,-,0.0,0.0,0.0347,0.0,0.0,0.0223,0.0,0.0536,0.0987,0.0,0.0418,-,0.055,0.0,0.3714
4245,Julian Schuster,Freiburg,-,-,-,-,-,-,-,-,-,-,-,-,0.1133,0.0,0.0,-,-,-,0.0,0.0,-,-,0.0,0.0,0.1337,0.0,0.0971,0.0,0.0,-,-,-,-,0.0262,0.3703
86,Eugen Polanski,Hoffenheim,-,0.0155,0.0,0.0,-,0.0323,0.297,0.0,-,-,-,0.0,0.0,0.0,-,0.0212,0.0,-,-,-,0.0,-,-,-,0.0,0.0,-,-,-,-,-,-,-,-,0.366
2665,Jeffrey Gouweleeuw,Augsburg,0.0311,0.0,0.0363,0.0,0.0939,0.0,-,-,-,-,-,-,-,-,0.0,0.0,0.0,0.0,0.0,0.0,-,-,-,-,0.0214,-,-,-,-,0.1823,0.0,0.0,0.0,0.0,0.365
113,Santiago García,Werder Bremen,-,-,-,-,-,-,0.0,0.0124,0.0,0.0,0.0,0.0,0.0,0.027,0.0,0.0874,0.0646,0.0,-,0.0246,0.0,-,-,-,-,0.1172,0.0,0.0192,0.0,-,-,-,0.0,-,0.3524
4291,Marc-Oliver Kempf,Freiburg,-,-,-,-,-,-,-,-,-,-,-,-,-,-,-,-,-,-,-,-,-,0.0,0.0,0.0,0.0,0.0402,0.0,0.0,0.2973,0.0135,0.0,0.0,0.0,0.0,0.351
150,Josuha Guilavogui,Wolfsburg,-,-,-,-,-,-,-,-,-,-,0.0,0.0979,0.0,0.0,0.0155,0.0394,0.0,0.0606,0.0511,-,-,-,-,0.0,0.0384,0.0,0.0,0.0411,0.0,0.0,-,0.0,0.0,0.0,0.344
184,Ömer Toprak,Bayer Leverkusen,0.0,0.0,0.0,-,0.0,0.0,0.0,0.0,-,0.0,0.0496,-,-,0.0,-,0.0,0.0,0.0,0.0,0.0,-,0.0,0.0,0.0,0.0,0.2931,0.0,0.0,0.0,0.0,0.0,-,-,-,0.3427
114,Philipp Bargfrede,Werder Bremen,-,-,-,-,-,-,-,-,-,-,0.0995,0.0,0.0,0.0,0.0,0.0,-,-,-,-,-,-,-,-,-,-,-,-,0.0,0.0,0.0,-,0.2379,0.0,0.3374
5310,Ousman Manneh,Werder Bremen,-,-,-,0.0,0.0247,0.311,0.0,0.0,0.0,-,-,-,-,-,-,-,-,-,-,-,-,-,-,-,-,-,-,-,-,-,-,-,-,-,0.3357
307,Suat Serdar,Mainz 05,0.0128,-,-,-,0.0,0.0,0.0,0.0,0.3216,0.0,-,-,-,-,-,-,-,-,-,-,-,-,-,-,-,0.0,-,-,-,-,-,-,-,-,0.3344
2631,Karim Onisiwo,Mainz 05,0.0713,0.1062,0.026,-,-,0.0,0.0,0.0733,-,0.0,0.0459,0.0,0.0064,0.0,0.0,0.0,-,-,-,-,-,-,-,-,-,-,-,-,0.0,0.0,0.0,-,-,-,0.3291
5282,Antonio-Mirko Colak,Darmstadt,-,-,0.0,0.0389,0.0,0.0,0.0,0.0,0.0,0.0,0.0,0.0,0.0,-,0.0,-,0.0246,0.0,0.0,0.0,0.0,0.0,0.102,-,0.0,-,-,0.0,-,-,-,-,-,0.1608,0.3263
5281,Markus Steinhöfer,Darmstadt,-,-,-,-,-,-,-,-,-,-,-,-,-,-,-,-,-,-,-,0.0,-,-,-,0.0,0.0623,0.0604,-,0.042,-,-,0.1262,-,-,0.0188,0.3097
294,Gian-Luca Waldschmidt,Hamburger SV,-,-,0.0,0.0,-,-,-,0.0326,0.0168,0.225,-,0.0303,-,-,0.0,0.0,-,0.0,0.0,-,-,0.0,-,-,-,-,-,-,0.0,-,-,-,0.0,0.0,0.3047
85,Eduardo Vargas,Hoffenheim,-,-,-,0.1444,0.1486,-,-,0.0,-,0.0,0.0,-,-,-,-,-,-,-,-,-,-,-,-,-,-,-,-,-,-,-,-,-,-,-,0.293
2672,Bruno Henrique,Wolfsburg,0.0,0.0,0.0,0.0882,0.1152,0.0871,0.0,-,-,-,-,-,-,-,-,-,-,-,-,-,-,-,-,-,-,-,-,-,-,-,-,-,-,-,0.2905
84,Ermin Bicakcic,Hoffenheim,-,0.026,0.0,0.0107,0.0,-,0.0,-,-,0.0,0.0,-,-,-,-,-,-,-,0.0,-,0.0,0.0564,0.0,0.0,0.0,-,-,0.1863,0.0,0.0,-,-,0.0,0.0085,0.2879
5333,Roman Bezjak,Darmstadt,-,0.0136,0.028,0.0287,0.0601,0.0,0.0,0.1554,0.0,-,-,-,0.0,0.0,-,0.0,-,-,-,-,-,-,-,-,-,-,-,-,-,-,-,-,-,-,0.2858
5327,Jeffrey Bruma,Wolfsburg,0.0,0.0148,0.0,0.0845,0.0563,0.0,0.0,0.0,-,0.0112,0.1079,0.0,0.0,0.0,0.0,0.0,0.0,0.0,0.0,-,0.0,-,0.0,-,-,-,-,-,-,-,-,-,-,-,0.2747
2691,Milos Veljkovic,Werder Bremen,-,-,-,-,0.0,-,-,0.0,0.03,0.0686,0.0,0.0,0.0,0.0,-,0.0,0.0,0.0,0.0,0.0,0.0,0.0,-,0.0324,0.0,0.0,0.0,0.0,0.0,0.0,0.0,0.1423,0.0,0.0,0.2733
201,Tony Jantschke,Borussia M.Gladbach,0.0,0.0,0.0,0.0,0.0,0.0,-,0.0,0.0,0.0,0.0,0.0,-,0.0,-,-,0.0,0.0,0.0,0.0,0.0691,0.0,0.1953,0.0,0.0,0.0,-,-,-,-,-,-,-,-,0.2644
49,Christian Clemens,Mainz 05,0.1683,0.034,-,0.0,-,-,-,-,-,-,-,-,-,-,-,-,0.0549,-,-,-,-,-,-,-,-,-,-,-,-,-,-,-,-,0.0,0.2572
2252,Borja Mayoral,Wolfsburg,-,-,-,-,-,-,0.0,0.0,0.0,0.0,-,0.0539,0.0,0.0,0.0,0.1604,0.0,0.0294,0.0,-,-,0.0131,0.0,-,0.0,-,0.0,0.0,0.0,0.0,-,-,-,-,0.2568
5304,Mikel Merino,Borussia Dortmund,-,-,-,-,-,-,0.0,-,-,-,-,-,-,-,0.0,0.0709,-,-,-,-,0.0,-,-,0.0,0.0,-,-,0.0583,-,0.119,-,-,-,-,0.2482
5265,Amir Abrashi,Freiburg,0.0,0.0,-,0.1499,0.0,0.0,-,0.0,0.0,0.0,0.0504,0.0,-,-,0.0,-,-,-,0.0136,-,0.0,-,0.0,-,0.0218,0.0,-,0.0,0.0,-,-,0.0,0.0,-,0.2357
52,Alexander Hack,Mainz 05,-,-,-,-,0.0,0.0,0.0,-,0.0,0.11,-,-,0.0,0.0324,0.0767,0.0146,-,-,-,-,-,-,-,-,-,-,0.0,0.0,0.0,0.0,0.0,-,-,0.0,0.2337
25,Fabian Lustenberger,Hertha Berlin,0.0309,0.0,0.0366,0.0,0.0,0.0,-,-,0.0,0.0,-,0.1036,0.0487,0.0,0.0,0.0,0.0,0.0,0.01,0.0,0.0,0.0,-,-,-,-,-,-,-,-,-,-,-,-,0.2298
386,Gojko Kacar,Augsburg,-,0.0,0.0,0.0,0.0412,0.0,0.0782,0.0,0.0,0.0,0.0,0.0,0.0,0.0,-,0.0,-,0.0,0.018,-,-,0.0904,0.0,0.0,0.0,0.0,0.0,-,-,-,-,-,-,-,0.2278
333,Benedikt Höwedes,Schalke 04,0.0,0.0404,0.0,0.0,0.0,0.0,0.0,0.0,0.0,0.035,0.0,0.0,0.0,-,0.0,0.0,0.0,0.0,0.0,0.0,0.0,0.0,0.0849,0.0,0.0,0.0,0.0642,0.0,-,0.0,0.0,0.0,0.0,-,0.2245
5221,Leon Bailey,Bayer Leverkusen,-,-,-,-,-,-,-,-,-,-,-,-,-,-,-,-,-,-,0.028,-,-,-,-,-,0.1076,-,-,0.0885,0.0,0.0,-,0.0,0.0,0.0,0.2241
430,Aron Jóhannsson,Werder Bremen,0.0,0.1204,0.0858,-,-,-,-,0.0,-,-,-,-,-,-,0.0,0.0,-,-,0.0112,0.0,-,-,-,-,0.0,-,-,-,-,-,-,-,-,-,0.2174
2693,Marius Wolf,Eintracht Frankfurt,-,-,-,-,-,-,-,-,-,-,-,-,-,-,-,-,-,-,-,-,-,-,-,-,-,-,0.0,0.0,0.2154,-,-,-,-,-,0.2154
24,Per Skjelbred,Hertha Berlin,0.0,-,0.0,-,0.0253,0.0,0.0,0.1334,0.0,0.0,0.0,-,-,0.0368,-,0.0,0.0,0.0122,-,-,0.0,0.0,0.0,0.0,0.0,0.0,0.0,0.0,0.0,0.0,0.0,0.0,-,0.0,0.2077
5303,Donis Avdijaj,Schalke 04,-,-,-,-,-,-,-,-,-,-,-,-,-,0.0,0.0,0.0,0.0,0.0522,-,-,-,-,-,-,-,-,-,-,0.0,-,-,0.0,0.0785,0.0665,0.1972
168,Gideon Jung,Hamburger SV,0.0,-,0.0,0.0377,0.0421,-,0.0,0.0,0.0,0.0185,0.0,0.0,0.0,0.0,0.0,0.0,-,0.0,0.0,0.0,0.0,0.0,0.0,0.0,0.0,0.0,-,-,0.0,0.09,0.0,0.0,0.0,0.0,0.1883
5239,Allan,Hertha Berlin,-,-,-,0.0,-,0.0563,0.0,0.0,0.0,0.0,-,-,0.0,-,0.0,-,-,-,-,-,-,-,-,-,-,-,-,0.0,0.0,0.0,0.131,0.0,0.0,0.0,0.1873
451,Matija Nastasic,Schalke 04,-,0.0,0.0,-,0.0,0.0,0.0279,0.0826,0.0,0.0757,0.0,0.0,0.0,-,-,-,0.0,0.0,0.0,-,-,0.0,0.0,0.0,-,0.0,0.0,0.0,-,-,-,-,0.0,0.0,0.1862
4,Aytac Sulu,Darmstadt,-,-,-,-,-,0.0,0.0,0.0,0.0,0.0,0.062,0.0,0.0299,0.0,0.0,0.0,0.0,0.0909,0.0,0.0,-,0.0,0.0,0.0,0.0,0.0,0.0,0.0,0.0,0.0,0.0,0.0,0.0,-,0.1828
4764,Jean-Philippe Gbamin,Mainz 05,0.0822,0.0,0.0,-,-,0.0314,0.0,0.0,0.0,0.0,0.0,0.0,-,0.0,-,0.0,0.0,0.0,-,0.0242,0.0,0.0,0.0,0.0,0.0,0.0,0.0,-,-,-,-,0.0,0.0,0.0203,0.1581
3290,Benjamin Stambouli,Schalke 04,-,0.0,0.0,0.0,0.0,-,-,0.0,0.0,0.0,0.0,0.0,-,0.0,-,-,-,-,0.0,0.0,0.0,0.0576,0.0,-,0.0,0.0,0.0,-,-,0.0,0.099,0.0,0.0,0.0,0.1566
387,Luiz Gustavo,Wolfsburg,0.0,0.0219,-,-,-,-,0.0,0.0,0.0,0.0,0.0,0.0,0.0,-,0.0,0.0,0.0,0.0627,0.0,0.0,0.0,0.0,0.0253,0.0382,0.0,0.0,-,0.0,0.0,0.0,0.0,-,0.0,0.0,0.1481
5238,Jordan Torunarigha,Hertha Berlin,-,-,-,-,-,-,-,-,-,-,-,-,-,-,-,-,-,-,0.1346,-,-,-,-,-,-,0.0,0.0,-,-,0.0,0.0,0.0,0.0,0.0,0.1346
5291,Takashi Usami,Augsburg,0.0,-,-,-,-,-,-,-,-,-,-,0.0486,0.0,0.0,0.0245,-,-,0.0232,-,0.0,0.0377,-,-,-,-,-,-,0.0,0.0,0.0,-,-,-,-,0.134
3593,Fallou Diagne,Werder Bremen,0.1338,-,0.0,-,-,-,-,-,-,-,-,-,-,-,-,-,-,-,-,-,-,-,-,-,-,-,-,-,-,-,-,-,-,-,0.1338
195,André Ramalho,Mainz 05,-,-,-,-,-,-,-,-,-,0.0,0.0,0.0,0.0,-,0.0,-,-,0.0,0.0,0.0414,0.0,0.0,0.0524,0.0,0.0,0.0,-,0.0315,-,0.0,0.0074,0.0,-,-,0.1327
2669,Alexander Milosevic,Darmstadt,0.0,0.0,0.0,0.0,0.0,0.0,0.1194,0.0,0.0,0.0,0.0,0.0,0.0,-,-,-,0.0,0.0,0.0,-,0.0125,0.0,-,-,-,-,-,-,-,-,-,-,-,-,0.1319
5258,László Bénes,Borussia M.Gladbach,-,-,-,-,-,-,-,-,-,-,-,-,-,-,-,-,-,-,-,-,-,-,-,-,0.0,-,0.0287,0.0,0.0,0.032,0.0175,0.0093,-,0.0413,0.1288
5228,Renato Sanches,Bayern Munich,-,0.0,0.0,-,0.0,0.026,0.0,0.0,-,-,0.0,-,0.0,-,0.0,-,-,0.0548,-,-,-,0.0,-,0.0,0.0,0.0,0.0256,-,-,-,0.0,0.0183,-,-,0.1247
5284,Artem Fedetskyy,Darmstadt,0.0,-,-,0.0,-,0.0,-,-,-,-,-,0.0,-,0.0,0.0,0.0,-,0.0796,0.0,0.0,0.0,0.0,-,0.0,-,0.0,0.0446,-,0.0,-,-,-,-,-,0.1242
417,Tin Jedvaj,Bayer Leverkusen,0.0,0.0,0.0,-,-,-,-,-,0.1212,-,-,-,0.0,-,0.0,-,-,0.0,-,0.0,0.0,0.0,0.0,-,-,-,0.0,0.0,0.0,-,0.0,0.0,0.0,0.0,0.1212
418,Niklas Stark,Hertha Berlin,-,0.0198,0.0,0.0,0.0,0.0,0.0281,0.0,0.0,0.0,0.0324,0.0,0.0,0.0,0.0,0.0,0.0,0.0,-,0.0,0.0,0.0,0.0,0.0,0.0,0.0,0.0,0.0,-,-,-,-,0.038,-,0.1183
5352,Niklas Schmidt,Werder Bremen,-,-,-,-,0.1179,-,-,-,-,-,-,-,-,-,-,-,-,-,-,-,-,-,-,-,-,-,-,-,-,-,-,-,-,-,0.1179
243,Stefan Lex,Ingolstadt,0.0,-,0.0,0.0,0.0,0.0516,0.0,-,0.0,0.0367,-,-,-,-,-,-,-,-,-,0.0,-,-,0.0,-,-,-,-,-,-,0.0,0.0,0.0252,-,-,0.1135
5309,Federico Palacios,RasenBallsport Leipzig,-,-,-,-,-,-,-,-,-,-,-,-,-,-,-,-,-,-,0.0,-,-,-,-,0.1132,-,-,-,-,-,-,-,-,-,-,0.1132
80,Pirmin Schwegler,Hoffenheim,0.0,0.0371,-,-,-,-,-,-,-,-,-,-,-,0.0,-,0.0,-,-,-,0.0,-,0.0,-,-,0.0,-,0.0,0.0,-,-,-,-,-,0.0699,0.107
340,Klaas-Jan Huntelaar,Schalke 04,0.0,0.0618,0.0128,0.0,0.0,-,0.0,0.0,-,-,-,-,-,-,-,-,-,-,-,0.0,-,-,0.0,-,-,0.0,0.0,0.0,-,0.0,-,0.0285,0.0,0.0,0.1031
149,Marcel Schäfer,Wolfsburg,-,-,-,-,-,-,-,0.1027,-,0.0,-,0.0,-,0.0,-,-,-,-,-,-,-,-,-,-,-,-,-,-,-,-,-,-,-,-,0.1027
219,Holger Badstuber,Schalke 04,-,-,-,-,-,-,-,-,-,-,-,-,-,-,-,-,-,-,0.0,0.0,0.0,0.0,0.0067,-,0.0,-,-,-,0.0726,0.0,0.0,0.0212,-,-,0.1005
3468,Jonas Lössl,Mainz 05,0.0,0.0,0.0,0.0,0.0,0.0,0.0,0.0,0.0,0.0,0.0,0.0,0.0,0.0,0.0573,0.0,0.0,0.0,0.0,0.0,0.0,0.0,0.0,0.0,0.0431,0.0,0.0,-,-,-,-,-,-,-,0.1004
181,Bernd Leno,Bayer Leverkusen,0.0,0.0,0.0,0.0,0.0,0.0984,0.0,0.0,0.0,0.0,0.0,0.0,0.0,0.0,0.0,0.0,0.0,0.0,0.0,0.0,0.0,0.0,0.0,0.0,0.0,0.0,0.0,0.0,0.0,0.0,0.0,0.0,0.0,0.0,0.0984
5234,Jesús Vallejo,Eintracht Frankfurt,0.0,0.0,0.0,0.0,0.0388,0.0,0.0,0.0,0.0,0.0,0.0,0.0,0.0,0.0,0.0,0.0,0.0,0.0,0.0593,0.0,0.0,-,-,-,-,0.0,0.0,-,0.0,-,-,-,-,0.0,0.0981
297,Aleksandar Ignjovski,Freiburg,0.0259,-,-,-,0.0,-,0.0,-,-,-,-,-,0.0,-,-,-,-,0.0,0.0,0.0,-,0.0,-,0.0,0.0,0.0,0.0,0.0301,0.0,0.0,0.0,0.0416,0.0,0.0,0.0976
245,Max Christiansen,Ingolstadt,-,0.0,-,-,-,0.0956,-,-,0.0,-,0.0,-,-,-,-,0.0,-,-,0.0,-,-,-,-,-,-,-,-,-,0.0,0.0,0.0,0.0,-,0.0,0.0956
158,Bas Dost,Wolfsburg,0.0922,-,-,-,-,-,-,-,-,-,-,-,-,-,-,-,-,-,-,-,-,-,-,-,-,-,-,-,-,-,-,-,-,-,0.0922
274,Christoph Janker,Augsburg,0.0,0.0,-,0.0,0.0,-,0.0,0.0,0.0,0.0,0.0,0.0,0.087,0.0,-,-,-,-,-,-,0.0,-,-,-,-,0.0,-,0.0,-,-,-,-,-,-,0.087
198,Vladlen Yurchenko,Bayer Leverkusen,-,-,-,-,-,-,-,-,-,-,-,-,-,0.0,-,0.0867,-,-,-,-,-,0.0,-,-,-,-,-,-,-,-,-,-,-,-,0.0867
5289,Max Besuschkow,Eintracht Frankfurt,-,-,-,-,-,-,-,-,-,-,-,-,-,-,-,-,-,-,0.0,-,-,0.085,-,-,-,-,-,-,-,-,-,-,0.0,-,0.085
5308,Terrence Boyd,Darmstadt,-,-,-,-,-,-,-,-,-,-,-,-,-,-,-,-,-,0.0,0.0691,0.0,0.0148,0.0,0.0,-,-,-,0.0,-,-,-,-,-,-,-,0.0839
547,Guillermo Varela,Eintracht Frankfurt,0.0,0.0,-,-,-,-,-,-,-,-,-,-,-,-,-,-,-,-,-,-,-,0.0,-,-,-,-,-,-,-,-,0.072,0.0112,0.0,0.0,0.0832
5243,Dayotchanculle Upamecano,RasenBallsport Leipzig,-,-,-,-,-,-,-,-,-,-,-,-,-,-,-,-,-,-,0.0,0.0,0.0,-,-,0.0,0.0,-,0.0,0.0,0.0,-,0.0,0.0,0.0803,0.0,0.0803
16,Dominik Stroh-Engel,Darmstadt,-,-,-,-,-,-,-,-,-,-,-,0.0,0.0,0.0742,-,-,-,-,-,-,-,-,-,-,-,-,-,-,-,-,-,-,0.0,-,0.0742
4288,Immanuel Höhn,Darmstadt,0.0115,0.0,0.0,0.0,0.0,-,0.0198,0.0279,0.0,0.0,0.0,-,-,-,-,-,-,-,-,-,-,-,-,-,-,-,-,0.0,-,-,-,-,-,0.012,0.0712
5332,Victor Obinna,Darmstadt,-,-,-,-,-,-,-,-,-,-,-,0.0663,-,-,0.0,-,-,-,-,-,-,-,-,-,-,-,-,-,-,-,-,-,-,-,0.0663
5260,Andreas Luthe,Augsburg,-,-,-,-,-,-,-,-,-,-,-,-,-,-,-,-,-,-,-,-,-,-,-,-,-,-,-,-,-,-,-,-,0.02,0.0454,0.0654
5240,Ondrej Duda,Hertha Berlin,-,-,-,-,-,-,-,-,-,-,-,-,-,-,-,-,-,-,-,-,-,0.0,0.0,-,-,-,-,-,-,-,0.0649,-,-,-,0.0649
5262,Alexander Schwolow,Freiburg,0.0,0.0,0.0,0.0,0.0,0.0,0.0,0.0,0.0,0.0,0.0,0.0,0.0,0.0454,0.0,0.0,0.0,0.0,0.0,0.0,0.0,0.0,0.0,0.0,0.0,0.0,0.0,0.0,0.0,0.0188,0.0,0.0,0.0,0.0,0.0642
147,Naldo,Schalke 04,0.0,0.0,0.0,0.0,-,0.0,0.0619,0.0,0.0,0.0,0.0,0.0,0.0,0.0,-,-,0.0,0.0,0.0,0.0,0.0,-,-,-,-,-,-,-,-,-,-,-,-,0.0,0.0619
299,Peter Niemeyer,Darmstadt,-,0.0,0.0,-,0.0,-,-,0.0,-,-,-,-,0.0,0.0,0.0,0.0,0.0,0.0,0.0,0.0586,0.0,-,0.0,0.0,-,-,-,-,-,-,-,-,-,-,0.0586
322,Joo-Ho Park,Borussia Dortmund,-,-,-,-,-,-,0.0498,0.0087,-,-,-,-,-,-,-,-,-,-,-,-,-,-,-,-,-,-,-,-,-,-,-,-,-,-,0.0585
302,Johan Djourou,Hamburger SV,0.0,-,0.0185,0.0,0.0186,-,-,-,0.0,0.0,0.0,0.0,0.0202,0.0,-,0.0,-,-,0.0,-,0.0,0.0,-,-,-,-,-,-,-,-,-,-,-,-,0.0573
394,Leon Balogun,Mainz 05,0.0,0.0,0.0,0.0561,0.0,-,-,0.0,0.0,0.0,0.0,0.0,0.0,-,-,-,-,-,-,-,-,-,-,-,-,0.0,-,-,0.0,0.0,-,0.0,0.0,0.0,0.0561
5330,Dzenis Burnic,Borussia Dortmund,-,-,-,-,-,-,-,-,-,-,-,-,-,-,-,-,-,-,-,0.0558,-,-,-,-,-,-,-,-,-,-,-,-,-,-,0.0558
411,Albin Ekdal,Hamburger SV,-,0.0,-,0.0,0.0,0.0,0.0,0.0,-,0.0337,-,-,0.0,0.0,-,0.0215,0.0,-,0.0,0.0,0.0,0.0,0.0,0.0,0.0,0.0,0.0,-,-,-,-,-,-,0.0,0.0552
272,Caiuby,Augsburg,0.0274,0.0274,-,-,-,-,-,-,-,-,-,-,-,-,-,-,-,-,-,-,-,-,-,-,-,-,-,-,-,-,-,0.0,0.0,0.0,0.0548
5341,Denys Oliinyk,Darmstadt,0.0,-,-,0.0,-,-,-,-,-,-,-,0.0,-,-,-,-,-,-,-,-,-,-,-,-,-,-,-,-,-,-,-,-,-,0.0548,0.0548
5269,Håvard Nielsen,Freiburg,-,-,-,-,-,-,-,-,-,-,-,-,-,0.0,-,-,-,-,0.0,-,-,-,-,-,-,-,-,-,-,0.054,-,-,-,0.0,0.054
22,John Brooks,Hertha Berlin,0.0,0.0,-,-,-,-,0.0,0.0,0.0,0.0,0.0,0.0,0.0,-,-,-,0.0,0.0,0.0,0.0,0.0,0.0,0.0,0.0528,0.0,0.0,-,0.0,0.0,0.0,-,0.0,-,0.0,0.0528
1217,Moritz Leitner,Augsburg,-,-,-,-,-,-,-,-,-,-,-,-,-,-,-,-,-,-,-,-,0.0,0.0,0.0,0.0293,0.0199,-,-,-,-,0.0,-,-,-,-,0.0492
4252,Marc Torrejón,Freiburg,-,-,-,-,-,-,0.0,0.0,0.0,0.0,0.0,0.0,-,-,-,-,0.0,0.0,-,0.0477,0.0,0.0,0.0,-,-,-,-,-,-,-,-,-,-,-,0.0477
5261,Kevin Danso,Augsburg,-,-,-,-,-,-,-,-,-,-,-,-,-,-,-,-,-,-,-,-,-,-,0.0,-,0.0293,0.0,0.0,0.0,0.0,0.0182,-,-,-,-,0.0475
311,Sven Bender,Borussia Dortmund,-,-,-,-,-,-,-,-,-,-,-,-,-,-,0.0,0.0,-,-,-,-,-,-,-,-,-,-,-,-,0.0463,0.0,-,0.0,-,0.0,0.0463
345,Júnior Caiçara,Schalke 04,0.0,-,-,-,-,-,-,-,-,-,-,-,0.0449,-,-,0.0,-,-,-,-,-,-,-,-,-,-,-,-,-,-,-,-,-,-,0.0449
5322,Victor Osimhen,Wolfsburg,-,-,-,-,-,-,-,-,-,-,-,-,-,-,-,-,-,-,-,-,-,-,-,-,-,-,-,-,-,-,-,-,0.0,0.0388,0.0388
2668,Martin Hinteregger,Augsburg,-,0.0,0.0,0.0,0.0,0.0,0.0,0.0,0.0,0.0103,0.0,0.0,0.0,0.0,0.0,0.0,0.0,0.0,0.0,0.0137,0.0,0.0,0.0,0.0,0.0139,-,0.0,-,0.0,0.0,0.0,0.0,0.0,0.0,0.0379
163,René Adler,Hamburger SV,0.0369,0.0,0.0,0.0,0.0,0.0,0.0,0.0,0.0,0.0,-,-,-,-,-,-,-,-,0.0,0.0,0.0,0.0,0.0,0.0,0.0,0.0,0.0,-,-,-,-,-,-,-,0.0369
5292,Manuel Gulde,Freiburg,0.0,0.0,0.0,0.0,0.0,-,-,-,-,-,-,0.0,0.0,0.0,0.0,0.0,0.0,-,0.0367,-,-,-,0.0,0.0,0.0,0.0,-,-,-,-,0.0,0.0,0.0,0.0,0.0367
390,Fabian Reese,Schalke 04,-,-,-,-,-,-,-,-,-,-,-,-,0.0,-,0.0365,0.0,-,-,-,-,-,-,-,-,-,-,-,-,-,-,-,-,-,-,0.0365
58,Georg Niedermeier,Freiburg,-,-,0.0,0.0,0.0337,0.0,-,0.0,-,-,-,-,-,-,-,-,-,-,-,-,-,-,-,-,-,-,0.0,-,-,-,-,-,-,-,0.0337
5226,Walace,Hamburger SV,-,-,-,-,-,-,-,-,-,-,-,-,-,-,-,-,-,-,-,0.0,0.0,0.0,0.0,-,-,0.0,0.0,0.0332,0.0,-,0.0,-,-,-,0.0332
197,Kyriakos Papadopoulos,Hamburger SV,-,-,-,-,-,-,-,-,-,-,-,-,-,-,-,-,0.0,0.0,0.0311,0.0,0.0,-,0.0,0.0,0.0,0.0,-,0.0,-,0.0,0.0,0.0,0.0,0.0,0.0311
5290,Shani Tarashaj,Eintracht Frankfurt,-,-,-,-,-,0.0,0.0,0.0171,0.0,-,-,-,-,-,0.0,0.0,-,0.0,0.0,0.0,-,0.0123,0.0,-,-,-,-,-,-,0.0,-,0.0,-,-,0.0294
165,Emir Spahic,Hamburger SV,-,0.0,0.0289,0.0,0.0,0.0,0.0,0.0,-,0.0,-,-,-,0.0,0.0,0.0,-,-,-,-,-,-,-,-,-,-,-,-,-,-,-,-,-,-,0.0289
5251,Rani Khedira,RasenBallsport Leipzig,-,-,-,-,-,-,-,-,-,-,-,0.0,0.0,-,-,-,-,0.0,0.0284,-,0.0,0.0,-,-,-,0.0,0.0,-,-,-,-,0.0,0.0,-,0.0284
445,Philipp Ochs,Hoffenheim,0.0278,-,-,-,-,-,-,-,-,-,-,-,0.0,-,-,-,0.0,-,-,-,-,-,-,-,-,-,-,-,-,-,-,-,-,-,0.0278
5214,Martin Hansen,Ingolstadt,-,-,-,-,-,-,-,-,-,0.0,0.0,0.0,0.0,0.0,0.0266,0.0,0.0,0.0,0.0,0.0,0.0,0.0,0.0,0.0,0.0,0.0,0.0,0.0,-,0.0,0.0,0.0,0.0,-,0.0266
127,Timo Horn,FC Cologne,0.0,-,0.0,0.0,0.0,0.0,0.0,0.0,0.0,0.0,-,-,-,-,-,-,-,-,-,-,-,-,-,0.0,0.0,0.0,0.0,0.0,0.0265,0.0,0.0,0.0,0.0,0.0,0.0265
331,Sascha Riether,Schalke 04,-,-,-,0.0,0.026,-,-,-,-,-,-,-,-,-,-,-,-,-,-,-,-,-,-,-,-,-,-,-,-,0.0,0.0,-,-,0.0,0.026
5279,Wilson Kamavuaka,Darmstadt,-,-,-,-,-,-,-,-,-,-,-,-,-,-,-,-,-,-,-,-,-,-,-,-,0.0,0.0,-,0.0156,0.0,0.0,0.0102,0.0,0.0,-,0.0258
330,Ralf Fährmann,Schalke 04,0.0,0.0,0.0,0.0,0.0,0.0,0.0,0.0,0.0,0.0,0.0,0.0,0.0,0.0,0.0,0.0,0.0,0.0,0.0,0.0,0.0,0.0,0.0,0.0,0.0,0.0,0.0,0.0,0.0,0.0,0.0,0.0,0.0255,0.0,0.0255
5346,Jonas Meffert,Freiburg,-,-,-,-,-,-,0.0249,-,-,-,-,-,-,-,-,-,-,-,-,-,-,-,-,-,-,-,-,-,-,-,-,-,-,-,0.0249
5241,Péter Gulácsi,RasenBallsport Leipzig,0.0,0.0,0.0,0.0,0.0,0.0,0.0,0.0,0.0,0.0,0.0,0.0,0.0,0.0,0.0,0.0,0.0,0.0,0.0,0.0,0.0204,0.0,0.0,0.0,0.0,-,0.0,0.0,0.0,0.0,0.0,0.0,0.0,0.0,0.0204
4244,Karim Guédé,Freiburg,-,-,-,-,-,-,-,-,0.0,-,-,-,-,-,-,0.0,-,-,-,-,-,-,-,-,-,-,0.0,-,0.0199,0.0,-,-,-,-,0.0199
238,Roger,Ingolstadt,0.0,0.0,0.0,0.0,0.0,0.0,0.0,0.0,0.0,0.0171,0.0,0.0,0.0,0.0,0.0,0.0,0.0,0.0,0.0,-,0.0,0.0,-,0.0,-,0.0,0.0,0.0,0.0,0.0,0.0,-,0.0,0.0,0.0171
281,Lukas Hradecky,Eintracht Frankfurt,0.0,0.0,0.0,0.0,0.0,0.0,0.0,0.0,0.0,0.0153,0.0,0.0,0.0,0.0,0.0,0.0,0.0,-,0.0,0.0,0.0,0.0,0.0,0.0,0.0,0.0,0.0,0.0,0.0,0.0,0.0,0.0,0.0,0.0,0.0153
1,Christian Mathenia,Hamburger SV,-,-,-,-,-,-,-,-,-,-,0.0,0.0,0.0,0.0,0.0,0.0,0.0,0.0,-,-,-,-,-,-,-,-,-,0.0,0.0152,0.0,-,0.0,0.0,0.0,0.0152
5353,Josip Brekalo,Wolfsburg,-,0.0,-,-,-,0.0122,0.0,-,0.0,-,-,-,-,-,-,-,-,-,-,-,-,-,-,-,-,-,-,-,-,-,-,-,-,-,0.0122
5223,Vasilije Janjicic,Hamburger SV,-,-,-,-,-,-,-,-,-,-,-,-,-,-,-,-,-,-,-,-,-,-,-,-,-,-,0.0,0.0115,-,-,-,0.0,0.0,-,0.0115
142,Thomas Kessler,FC Cologne,-,-,-,-,-,-,-,-,-,-,0.0,0.0,0.0,0.0,0.0,0.0,0.0,0.0101,0.0,0.0,0.0,0.0,0.0,-,-,-,-,-,-,-,-,-,-,-,0.0101
217,Manuel Neuer,Bayern Munich,0.0,0.0,0.0,0.0,0.0,0.0,0.0,0.0,0.0,0.0,0.0,0.0,0.0,0.0,0.0,0.0,0.0,0.0,0.0,0.0,0.0,0.0,0.0,0.0,0.0,-,-,-,0.0,-,-,-,-,-,0.0
5358,Lukas Klostermann,RasenBallsport Leipzig,-,0.0,-,-,-,-,-,-,-,-,-,-,-,-,-,-,-,-,-,-,-,-,-,-,-,-,-,-,-,-,-,-,-,-,0.0
2644,Filip Mladenovic,FC Cologne,-,0.0,-,-,0.0,-,-,-,-,-,-,-,-,-,-,-,-,-,-,-,-,-,-,-,-,-,-,-,-,-,-,-,-,-,0.0
219,Holger Badstuber,Bayern Munich,-,-,-,-,-,-,-,-,0.0,-,-,-,-,-,-,-,-,-,0.0,-,-,-,-,-,-,-,-,-,-,-,-,-,-,-,0.0
2645,Marcel Hartel,FC Cologne,-,-,-,-,-,-,-,-,-,-,-,0.0,0.0,-,-,-,-,-,-,-,-,-,-,-,-,-,-,-,-,-,-,-,-,-,0.0
5255,Fabio Coltorti,RasenBallsport Leipzig,-,-,-,-,-,-,-,-,-,-,-,-,-,-,-,-,-,-,-,-,-,-,-,-,-,0.0,-,-,-,-,-,-,-,-,0.0
5295,Sven Müller,FC Cologne,-,0.0,-,-,-,-,-,-,-,-,-,-,-,-,-,-,-,-,-,-,-,-,-,-,-,-,-,-,-,-,-,-,-,-,0.0
3738,Sehrou Guirassy,FC Cologne,-,-,-,-,0.0,-,-,-,-,0.0,-,-,0.0,0.0,0.0,-,-,-,-,-,-,-,-,-,-,0.0,-,-,-,-,-,-,-,-,0.0
2643,Mergim Mavraj,FC Cologne,0.0,0.0,0.0,0.0,0.0,0.0,0.0,0.0,0.0,0.0,0.0,0.0,0.0,0.0,0.0,0.0,-,-,-,-,-,-,-,-,-,0.0,-,-,-,-,-,-,-,-,0.0
231,Sven Ulreich,Bayern Munich,-,-,-,-,-,-,-,-,-,-,-,-,-,-,-,-,-,-,-,-,-,-,-,-,-,0.0,0.0,0.0,-,0.0,0.0,-,-,-,0.0
2698,Tom Starke,Bayern Munich,-,-,-,-,-,-,-,-,-,-,-,-,-,-,-,-,-,-,-,-,-,-,-,-,-,-,-,-,-,-,-,0.0,0.0,0.0,0.0
197,Kyriakos Papadopoulos,RasenBallsport Leipzig,-,-,-,0.0,-,-,-,-,-,-,-,-,-,-,-,-,-,-,-,0.0,-,-,-,-,-,-,-,-,-,-,-,-,-,-,0.0
5244,Marvin Compper,RasenBallsport Leipzig,0.0,0.0,0.0,0.0,0.0,0.0,0.0,0.0,0.0,0.0,0.0,-,-,-,-,-,0.0,0.0,0.0,-,0.0,0.0,0.0,0.0,0.0,0.0,-,0.0,0.0,0.0,-,0.0,0.0,-,0.0
440,Tom Mickel,Hamburger SV,-,-,-,-,-,-,-,-,-,-,-,-,-,-,-,-,-,-,-,-,-,-,-,-,-,-,-,-,-,-,0.0,-,-,-,0.0
4339,Mats Møller Dæhli,Freiburg,-,-,-,-,-,-,-,-,-,-,0.0,0.0,-,-,-,-,-,-,-,-,-,-,-,-,-,-,-,-,-,-,-,-,-,-,0.0
2657,Nabil Bahoui,Hamburger SV,-,-,-,-,0.0,-,-,-,-,-,-,-,-,-,-,-,-,-,-,-,-,-,-,-,-,-,-,-,-,-,-,-,-,-,0.0
304,Ashton Götz,Hamburger SV,-,-,-,-,-,-,-,-,0.0,-,-,-,-,-,-,-,-,-,-,-,-,-,-,-,-,-,-,-,-,-,-,-,-,-,0.0
2643,Mergim Mavraj,Hamburger SV,-,-,-,-,-,-,-,-,0.0,-,-,-,-,-,-,-,0.0,0.0,0.0,0.0,0.0,0.0,-,-,-,0.0,0.0,0.0,0.0,0.0,0.0,0.0,-,0.0,0.0
166,Cléber,Hamburger SV,0.0,0.0,-,-,-,0.0,0.0,-,-,0.0,-,-,-,-,-,-,-,-,-,-,-,-,-,-,-,-,-,-,-,-,-,-,-,-,0.0
5347,Jonas Föhrenbach,Freiburg,-,-,-,-,-,-,-,-,-,0.0,0.0,0.0,-,-,-,-,-,-,-,-,-,-,-,-,-,-,-,-,-,-,-,-,-,-,0.0
2215,Alen Halilovic,Hamburger SV,0.0,0.0,0.0,0.0,-,0.0,-,0.0,-,-,-,-,-,-,-,-,-,-,-,-,-,-,-,-,-,-,-,-,-,-,-,-,-,-,0.0
2699,Finn Porath,Hamburger SV,-,-,-,-,-,-,-,-,-,-,0.0,-,-,-,-,-,-,-,-,-,-,-,-,-,-,-,-,-,-,-,-,-,-,-,0.0
4236,Sinan Kurt,Hertha Berlin,-,-,-,-,-,0.0,-,-,-,0.0,-,-,-,-,-,-,-,-,-,-,-,-,-,-,-,-,-,-,-,-,-,-,-,-,0.0
312,Neven Subotic,FC Cologne,-,-,-,-,-,-,-,-,-,-,-,-,-,-,-,-,-,-,-,0.0,0.0,0.0,0.0,0.0,0.0,0.0,0.0,-,-,0.0,0.0,0.0,0.0,-,0.0
178,Jaroslav Drobny,Werder Bremen,-,-,0.0,0.0,0.0,0.0,-,-,-,-,-,0.0,0.0,0.0,0.0,0.0,0.0,-,-,-,-,-,-,-,-,-,-,-,-,-,-,-,-,-,0.0
2667,Sambou Yatabaré,Werder Bremen,0.0,-,0.0,-,-,-,-,-,-,-,-,-,-,-,-,-,-,-,-,-,-,-,-,-,-,-,-,-,-,-,-,-,-,-,0.0
5326,Ba-Muaka Simakala,Borussia M.Gladbach,-,-,-,-,-,-,-,-,-,-,-,-,-,-,-,-,0.0,-,-,-,-,-,-,-,-,-,-,-,-,-,-,-,-,-,0.0
2624,Djibril Sow,Borussia M.Gladbach,-,-,-,-,-,-,-,-,-,-,-,-,-,-,-,-,-,-,-,-,-,-,-,-,-,-,-,-,-,-,0.0,-,-,-,0.0
2063,Timothée Kolodziejczak,Borussia M.Gladbach,-,-,-,-,-,-,-,-,-,-,-,-,-,-,-,-,-,-,-,-,-,-,0.0,-,-,-,-,-,-,-,-,-,-,-,0.0
5350,Thanos Petsos,Werder Bremen,-,0.0,-,-,-,-,-,-,-,0.0,-,0.0,-,-,-,-,-,-,-,-,-,-,-,-,-,-,-,-,-,-,-,-,-,-,0.0
199,Yann Sommer,Borussia M.Gladbach,0.0,0.0,0.0,0.0,0.0,0.0,0.0,0.0,0.0,0.0,0.0,0.0,0.0,0.0,0.0,0.0,0.0,0.0,0.0,0.0,0.0,0.0,0.0,0.0,0.0,0.0,0.0,0.0,0.0,0.0,0.0,0.0,0.0,0.0,0.0
5323,Bernard Tekpetey,Schalke 04,-,-,-,-,-,-,-,-,-,-,-,-,-,-,0.0,-,-,-,-,-,-,-,-,-,-,-,-,-,-,-,-,-,-,0.0,0.0
5360,Weston McKennie,Schalke 04,-,-,-,-,-,-,-,-,-,-,-,-,-,-,-,-,-,-,-,-,-,-,-,-,-,-,-,-,-,-,-,-,-,0.0,0.0
39,Niko Bungert,Mainz 05,-,-,-,0.0,-,-,0.0,-,-,-,0.0,0.0,-,-,-,-,0.0,0.0,0.0,-,-,-,-,-,0.0,0.0,-,-,-,-,-,-,-,0.0,0.0
5306,Aaron Seydel,Mainz 05,-,-,-,-,-,-,-,-,-,-,-,0.0,-,0.0,-,0.0,-,0.0,-,0.0,0.0,-,-,-,-,-,-,-,-,-,-,-,-,-,0.0
51,Jannik Huth,Mainz 05,-,-,-,-,-,-,-,-,-,-,-,-,-,-,-,-,-,-,-,-,-,-,-,-,-,-,-,0.0,0.0,0.0,0.0,0.0,0.0,0.0,0.0
325,Roman Weidenfeller,Borussia Dortmund,-,-,-,-,-,-,-,0.0,-,-,-,0.0,0.0,0.0,0.0,0.0,0.0,-,-,-,-,-,-,-,-,-,-,-,-,-,-,-,-,-,0.0
309,Roman Bürki,Borussia Dortmund,0.0,0.0,0.0,0.0,0.0,0.0,0.0,-,0.0,0.0,0.0,-,-,-,-,-,-,0.0,0.0,0.0,0.0,0.0,0.0,0.0,0.0,0.0,0.0,0.0,0.0,0.0,0.0,0.0,0.0,0.0,0.0
4036,José Rodríguez,Mainz 05,-,-,0.0,-,-,-,-,-,0.0,-,-,-,-,-,-,-,-,-,-,-,-,-,-,-,-,-,-,-,-,-,-,-,-,-,0.0
5345,Mounir Bouziane,Mainz 05,-,-,-,-,-,-,-,-,-,-,-,-,-,-,-,-,0.0,-,-,-,-,-,-,-,-,-,-,-,-,-,-,-,-,-,0.0
246,Maurice Multhaup,Ingolstadt,-,-,-,-,-,-,-,-,-,-,-,-,-,-,-,-,-,-,-,-,-,-,-,-,0.0,-,-,-,-,-,-,-,-,-,0.0
250,Ørjan Nyland,Ingolstadt,0.0,0.0,0.0,0.0,0.0,0.0,0.0,0.0,0.0,-,-,-,-,0.0,-,-,-,-,-,-,-,-,-,-,-,-,-,-,0.0,-,-,-,-,0.0,0.0
5216,Robert Leipertz,Ingolstadt,-,0.0,-,0.0,-,-,-,-,-,-,-,0.0,-,-,-,-,0.0,-,0.0,-,-,-,-,-,-,-,-,-,-,-,-,0.0,-,-,0.0
5364,Silas Zehnder,Darmstadt,-,-,-,-,-,-,-,-,-,-,-,-,-,-,-,-,-,-,-,-,-,-,-,-,-,-,-,-,-,-,-,-,-,0.0,0.0
5283,Daniel Heuer Fernandes,Darmstadt,-,-,-,-,-,0.0,-,-,-,-,-,-,-,-,-,-,-,-,-,-,-,-,0.0,0.0,0.0,0.0,-,-,-,-,-,-,0.0,0.0,0.0
5278,Patrick Banggaard,Darmstadt,-,-,-,-,-,-,-,-,-,-,-,-,-,-,-,-,-,-,-,-,-,-,-,-,0.0,0.0,0.0,-,0.0,0.0,0.0,0.0,0.0,0.0,0.0
5277,Michael Esser,Darmstadt,0.0,0.0,0.0,0.0,0.0,0.0,0.0,0.0,0.0,0.0,0.0,0.0,0.0,0.0,0.0,0.0,0.0,0.0,0.0,0.0,0.0,0.0,-,-,-,-,0.0,0.0,0.0,0.0,0.0,0.0,-,-,0.0
450,Benjamin Gorka,Darmstadt,-,-,-,-,-,-,-,-,-,-,-,-,-,-,-,-,-,-,-,-,-,-,-,-,-,-,-,-,-,-,-,-,0.0,-,0.0
400,Lukas Fröde,Werder Bremen,-,-,-,0.0,0.0,0.0,-,-,-,-,-,-,-,-,-,-,-,-,-,-,-,-,-,-,-,-,-,-,-,-,-,-,-,-,0.0
124,Janek Sternberg,Werder Bremen,0.0,-,-,-,-,0.0,-,-,-,-,-,-,-,-,-,-,-,-,-,-,-,-,-,-,-,-,-,-,-,-,-,-,-,-,0.0
73,Oliver Baumann,Hoffenheim,0.0,0.0,0.0,0.0,0.0,0.0,0.0,0.0,0.0,0.0,0.0,0.0,0.0,0.0,0.0,0.0,0.0,0.0,0.0,0.0,0.0,0.0,0.0,0.0,0.0,0.0,0.0,0.0,0.0,0.0,0.0,0.0,0.0,0.0,0.0
109,Felix Wiedwald,Werder Bremen,0.0,0.0,-,-,-,-,0.0,0.0,0.0,0.0,0.0,-,-,-,-,-,0.0,0.0,0.0,0.0,0.0,0.0,0.0,0.0,0.0,0.0,0.0,0.0,0.0,0.0,0.0,0.0,0.0,0.0,0.0
130,Dominic Maroh,FC Cologne,0.0,-,-,-,-,-,-,-,0.0,-,-,-,-,-,-,-,0.0,0.0,0.0,0.0,-,0.0,0.0,0.0,0.0,0.0,-,0.0,-,-,-,-,-,-,0.0
76,Fabian Schär,Hoffenheim,0.0,0.0,-,-,0.0,-,-,-,-,-,-,0.0,-,-,-,-,0.0,0.0,-,-,-,-,-,-,-,-,-,-,-,-,-,-,-,-,0.0
2685,Baris Atik,Hoffenheim,-,-,-,-,-,-,-,-,-,-,-,-,0.0,-,0.0,0.0,-,-,-,-,-,-,-,-,-,-,-,-,-,-,-,-,-,-,0.0
263,Marwin Hitz,Augsburg,0.0,0.0,0.0,0.0,0.0,0.0,0.0,0.0,0.0,0.0,0.0,0.0,0.0,0.0,0.0,0.0,0.0,0.0,0.0,0.0,0.0,0.0,0.0,0.0,0.0,0.0,0.0,0.0,0.0,0.0,0.0,0.0,-,-,0.0
266,Jan-Ingwer Callsen-Bracker,Augsburg,-,-,-,-,-,-,-,-,-,-,-,-,-,-,-,-,-,-,-,-,-,-,-,-,-,-,-,-,-,-,0.0,-,-,-,0.0
278,Markus Feulner,Augsburg,-,-,-,-,-,-,-,-,-,-,-,-,-,-,-,0.0,-,-,-,-,-,-,-,-,-,-,-,-,-,-,-,-,-,-,0.0
5233,Andersson Ordóñez,Eintracht Frankfurt,-,-,-,-,-,-,-,-,-,-,-,-,-,-,-,-,-,-,-,-,-,-,-,-,-,-,0.0,0.0,0.0,0.0,-,-,-,-,0.0
2656,Tim Rieder,Augsburg,-,-,-,-,-,-,0.0,-,-,-,-,-,-,-,-,-,-,-,-,0.0,-,-,-,-,0.0,0.0,-,-,-,0.0,-,-,-,-,0.0
295,Heinz Lindner,Eintracht Frankfurt,-,-,-,-,-,-,-,-,-,-,-,-,-,-,-,-,0.0,0.0,-,-,-,-,-,-,-,-,-,-,-,-,-,-,-,-,0.0
293,Marco Russ,Eintracht Frankfurt,-,-,-,-,-,-,-,-,-,-,-,-,-,-,-,-,-,-,-,-,-,-,-,0.0,0.0,-,-,0.0,-,-,0.0,-,-,-,0.0
289,Marc Stendera,Eintracht Frankfurt,-,-,-,-,-,-,-,-,-,-,-,-,-,-,-,-,-,-,-,-,-,-,-,-,-,-,-,-,-,-,0.0,0.0,-,-,0.0
5274,Michael Hector,Eintracht Frankfurt,0.0,-,-,0.0,0.0,-,0.0,-,-,0.0,-,0.0,0.0,0.0,0.0,-,0.0,0.0,-,0.0,0.0,0.0,0.0,0.0,0.0,0.0,-,-,-,-,0.0,0.0,0.0,0.0,0.0
5313,Julian Günther-Schmidt,Augsburg,-,-,-,-,-,-,-,0.0,-,-,-,-,-,-,0.0,-,-,-,-,-,-,0.0,-,-,-,-,-,-,-,0.0,-,-,-,-,0.0
19,Rune Jarstein,Hertha Berlin,0.0,0.0,0.0,0.0,0.0,0.0,0.0,0.0,0.0,0.0,0.0,0.0,0.0,0.0,0.0,0.0,0.0,0.0,0.0,0.0,0.0,0.0,0.0,0.0,0.0,0.0,0.0,0.0,0.0,0.0,0.0,0.0,0.0,0.0,0.0
30,Jens Hegeler,Hertha Berlin,0.0,0.0,0.0,-,0.0,-,-,-,-,-,-,-,-,-,0.0,0.0,-,-,-,-,-,-,-,-,-,-,-,-,-,-,-,-,-,-,0.0
5343,Hendrik Hansen,Wolfsburg,-,-,-,-,-,-,-,-,0.0,-,-,-,-,-,-,-,-,-,-,-,-,-,-,-,-,-,-,-,-,-,-,-,-,-,0.0
5324,Justin Möbius,Wolfsburg,-,-,-,-,-,-,-,-,-,-,-,-,-,0.0,-,-,-,-,-,-,-,-,-,-,-,0.0,-,-,-,-,-,-,-,-,0.0
5297,Florian Baak,Hertha Berlin,-,-,-,-,-,-,-,-,-,-,-,-,-,-,-,-,-,-,-,-,-,-,-,-,-,-,-,-,-,-,0.0,-,0.0,-,0.0
5298,Arne Maier,Hertha Berlin,-,-,-,-,-,-,-,-,-,-,-,-,-,-,-,-,-,-,-,-,-,-,-,-,-,-,-,-,-,-,-,-,0.0,-,0.0
159,Koen Casteels,Wolfsburg,0.0,0.0,0.0,0.0,0.0,0.0,0.0,0.0,-,-,-,-,-,-,-,-,-,-,-,-,-,-,0.0,0.0,0.0,0.0,0.0,0.0,0.0,0.0,0.0,0.0,0.0,0.0,0.0
145,Diego Benaglio,Wolfsburg,-,-,-,-,-,-,-,-,0.0,0.0,0.0,0.0,0.0,0.0,0.0,0.0,0.0,0.0,0.0,0.0,0.0,0.0,-,-,-,-,-,-,-,-,-,-,-,-,0.0
5351,Lennart Thy,Werder Bremen,0.0,0.0,-,0.0,0.0,-,-,-,0.0,-,0.0,-,-,-,-,-,-,-,-,-,-,-,-,-,-,-,-,-,-,-,-,-,-,-,0.0
3,Luca Caldirola,Werder Bremen,0.0,0.0,-,-,-,-,-,-,-,-,-,-,-,-,-,-,-,-,-,-,-,-,-,-,-,0.0,0.0,0.0,-,-,-,-,-,-,0.0
5365,Massimo Bruno,RasenBallsport Leipzig,0.0,-,-,-,-,-,-,-,-,-,-,-,-,-,-,-,-,-,-,-,-,-,-,-,-,-,-,-,-,-,-,-,-,-,0.0
