id,name,team,1,2,3,4,5,6,7,8,9,10,11,12,13,14,15,16,17,18,19,20,total
5657,Karl Toko Ekambi,Lyon,0.5251,0.4719,0.5923,0.0,-,0.6335,1.9384,0.9004,0.2868,0.7221,-,0.6607,0.786,0.0,0.0465,0.7294,0.6779,-,0.3318,0.162,9.4648
3423,Kylian Mbappe-Lottin,Paris Saint Germain,-,-,-,0.432,0.7418,0.6229,1.4317,0.715,0.4499,-,0.5339,0.5254,0.9101,0.0578,0.3632,0.0,0.7379,0.0465,0.9171,0.9642,9.4494
8702,Tinotenda Kadewere,Lyon,-,0.1973,0.0646,0.0622,0.0,0.3359,0.6683,0.1103,0.0173,1.2775,0.8736,0.3211,0.2149,0.3378,0.9989,0.3958,0.6324,0.3694,0.1486,0.2908,7.3167
1304,Moise Kean,Paris Saint Germain,-,-,-,-,-,-,0.5708,1.2165,0.0,0.4926,0.4381,0.6677,0.3296,0.0,0.435,0.3611,0.6481,0.8687,0.7832,0.1499,6.9613
83,Kevin Volland,Monaco,-,-,0.1185,0.0,0.0,0.0,0.0,0.0,1.5881,0.1642,1.3656,1.2556,0.0825,0.0,0.5186,0.1264,0.3817,0.0262,0.898,0.3933,6.9187
6401,Amine Gouiri,Nice,0.1596,0.0,0.0409,0.1746,0.1769,0.2108,1.4385,0.0,0.4548,0.0,0.6082,0.1463,0.1945,0.9051,0.4669,-,1.0512,0.2846,0.0996,-,6.4125
3530,Andy Delort,Montpellier,-,0.1738,0.8432,0.9228,1.0068,0.0847,0.0,0.0738,0.0359,0.6729,0.7258,0.0859,-,0.1661,0.0184,0.2558,0.1467,0.4868,0.1392,0.3281,6.1667
3210,Wissam Ben Yedder,Monaco,0.4424,0.0743,0.1501,0.4212,0.8235,0.4417,0.0677,0.2603,0.1726,0.571,-,0.4125,0.0396,0.5658,0.0,0.066,0.0,0.1537,0.4872,0.9583,6.1079
6905,Ludovic Ajorque,Strasbourg,0.0432,0.0705,0.0,0.0,0.0416,0.1282,0.0761,0.3102,0.4336,-,1.0922,0.0322,0.1527,0.1343,0.3085,0.0649,0.1319,1.396,0.6632,1.0131,6.0924
7716,Darío Benedetto,Marseille,0.1834,0.0086,-,0.1475,0.3389,0.0,0.0,0.1975,0.0,0.7486,0.4591,0.6405,0.4992,0.1912,0.0,0.9046,0.6908,0.9764,0.0,-,5.9863
7746,Hwang Ui-Jo,Bordeaux,0.5644,0.5137,0.0,0.0,0.0897,0.0564,0.0668,0.0,0.0496,-,-,0.1023,0.9874,0.0446,0.245,0.0608,0.8849,0.0,0.2174,1.5362,5.4192
8637,Burak Yilmaz,Lille,0.0,0.0,0.0898,0.5321,0.1037,0.3496,0.4286,0.4609,0.0477,1.1041,-,0.2065,0.1649,0.3121,0.0,0.1338,0.4473,0.139,0.6307,-,5.1508
7747,Mama Baldé,Dijon,-,-,-,-,0.6418,0.142,0.5157,0.9769,0.1137,0.7043,0.2893,0.6426,0.0,-,-,0.0,0.792,0.0154,0.3137,-,5.1474
3800,Steve Mounie,Brest,-,-,0.787,0.1595,0.2167,0.1088,0.2248,0.0578,0.0396,0.0822,0.1828,0.0,0.0238,1.2795,0.0,0.6637,0.0924,0.4125,0.0276,0.7859,5.1446
7224,Boulaye Dia,Reims,1.0179,-,0.0661,0.1292,0.0559,0.1826,-,1.0795,0.1942,0.9175,0.0721,0.0763,0.0432,0.0315,0.0304,0.0,0.5448,0.0573,0.5796,0.0502,5.1283
7142,Moussa Dembele,Lyon,0.8393,0.2409,0.0609,0.659,0.039,0.0,0.7433,0.8106,0.0,0.5185,0.0,0.5011,0.0,0.0,0.5857,0.0,-,-,-,-,4.9983
2099,Neymar,Paris Saint Germain,-,1.0125,-,-,0.4456,1.1447,-,2.0076,-,-,0.0583,0.2442,-,0.0,-,-,-,-,-,0.0808,4.9937
555,Memphis Depay,Lyon,0.6575,0.1515,0.0709,0.087,0.0551,0.0916,0.5981,0.6679,0.0171,0.1773,0.0,0.0382,0.3844,0.0,0.0823,0.1559,1.0684,0.4754,0.066,0.1357,4.9803
3348,Florian Sotoca,Lens,0.0638,0.5265,0.0344,0.2988,0.3978,0.7287,0.1238,0.6903,0.1719,0.0,0.0238,0.0,0.0601,-,0.8326,0.4468,0.1767,0.2399,0.03,0.1324,4.9783
942,Florian Thauvin,Marseille,0.0447,0.4687,1.0016,0.0168,0.0539,0.0,0.0766,0.1948,0.0,0.4502,0.2393,0.7966,0.0,0.9781,0.0194,0.2964,0.081,0.0956,0.0,-,4.8137
6238,Ignatius Ganago,Lens,0.9477,0.5011,0.4566,1.2326,0.4826,0.0,-,-,0.0937,0.0,0.0,0.479,0.0819,0.0433,0.0511,0.1896,0.0712,0.0,0.0397,-,4.6701
5786,Yoane Wissa,Lorient,0.5002,0.0435,0.0,0.363,0.1832,0.0,0.1712,0.472,0.1523,0.4431,0.1853,0.0,0.0,1.1227,0.4822,0.3741,0.0812,0.0,0.0,-,4.574
3781,Denis Bouanga,Saint-Etienne,0.5921,0.0169,0.653,0.0211,0.0,0.035,0.0455,0.0569,0.1873,0.3088,0.11,0.1029,0.4787,0.1962,0.898,0.05,0.2035,0.439,0.1623,-,4.5572
5769,Habib Diallo,Strasbourg,-,-,-,-,-,-,0.6166,0.1286,0.1032,0.0818,0.2937,0.0194,1.4659,0.1253,0.0229,0.0,0.0,0.471,0.3785,0.8191,4.526
8636,Jonathan Christian David,Lille,0.0,0.0199,0.1422,0.0714,0.7624,0.1099,0.1698,0.0,0.0,0.0,1.0286,0.0,0.4185,0.4385,0.3164,0.0447,0.0,0.0,0.0,0.9194,4.4417
5724,Irvin Cardona,Brest,0.0486,0.2308,0.6631,0.4821,0.0,-,0.0583,0.0445,0.0,0.5902,0.4256,0.1582,0.0,0.7536,0.1577,0.5115,0.0988,0.0623,0.0708,0.0598,4.4159
5733,Houssem Aouar,Lyon,-,0.3602,0.1072,-,0.2769,0.2032,0.0827,0.0156,0.0743,0.4602,-,-,0.2232,0.124,0.1389,0.8845,0.6706,0.0598,0.1025,0.5086,4.2924
3746,Gaetan Laborde,Montpellier,0.1936,0.74,0.0438,0.0119,0.1975,0.313,0.0367,0.0,0.3959,0.2336,0.2941,0.2042,0.1257,0.4314,0.1501,0.063,0.5877,0.069,0.1524,0.0,4.2436
3795,Adrien Hunou,Rennes,-,0.8062,0.0,-,0.2954,-,0.0,0.6828,0.0704,0.0402,0.7704,0.7237,0.0,-,0.5383,0.1756,0.0,0.0765,-,-,4.1795
5743,Randal Kolo Muani,Nantes,-,0.1239,0.075,0.1049,0.1343,0.1893,1.0756,0.0793,0.0188,0.6275,0.7057,0.0,0.0224,0.0301,0.0692,0.0459,0.082,0.1213,0.5776,0.0733,4.1561
5980,Stéphane Bahoken,Angers,-,0.1832,0.76,0.1028,0.1963,0.4013,-,0.4785,0.0,0.4307,0.1116,0.184,0.8045,0.0339,0.0,0.0771,-,0.0,0.0366,0.0367,3.8372
3475,Ludovic Blas,Nantes,0.0,0.0,0.3039,0.0,0.0628,0.0,0.2077,0.0191,1.1361,0.2568,0.5774,0.0344,0.2353,0.0911,0.723,0.0561,-,0.0172,-,0.0,3.7209
8056,Arnaud Kalimuendo Muinga,Lens,-,0.1166,-,-,-,-,0.0,0.0189,0.8632,0.0,0.8617,0.4232,0.1238,-,0.0,0.1636,0.0,0.0213,0.0,0.9868,3.5791
2199,Pablo Sarabia,Paris Saint Germain,0.0,0.446,0.8256,0.0,0.5729,0.0,0.3902,0.1755,0.8558,-,0.0707,0.0,-,-,-,-,-,0.0937,0.128,0.0,3.5584
1513,Mauro Icardi,Paris Saint Germain,-,-,0.685,0.529,1.3685,0.275,-,-,-,-,-,0.0,-,-,-,-,-,-,0.6923,0.0,3.5498
6420,Romain Faivre,Brest,0.1333,0.1185,0.5082,0.1839,0.4281,0.0924,0.0585,0.0,0.0543,0.5203,0.1679,0.0216,0.0155,0.4186,0.0,0.0,0.1123,0.2794,0.2297,0.0,3.3425
7169,Moses Simon,Nantes,0.0146,0.4566,0.7032,0.357,0.066,0.0,0.1591,0.7216,-,-,-,0.0,0.0786,0.5626,0.0338,0.1853,0.0,0.0,-,-,3.3384
8997,Terem Igobor Moffi,Lorient,-,-,-,-,-,-,1.0661,0.0,0.0,0.7778,0.0,0.0,0.0,0.0,0.073,0.1334,0.2319,0.1537,0.9019,-,3.3378
8669,Simon Banza,Lens,0.7105,0.6899,-,0.0,0.1762,0.1171,0.0654,0.703,0.0,0.0123,0.0,-,0.0,0.1379,0.0,0.0528,0.0,0.0,0.0417,0.5533,3.2601
5677,Florent Mollet,Montpellier,0.0,-,0.0223,0.5556,0.028,0.0,0.0,0.0,0.3109,0.5016,0.5914,0.0573,0.0929,0.0,0.0,0.1062,0.2613,0.5296,0.0512,0.1349,3.2432
3549,Adrien Thomasson,Strasbourg,0.0073,0.0,0.2766,0.0888,0.0,0.0664,0.0837,0.0,0.0,0.0712,0.0,0.7362,0.2762,0.2751,0.0,0.5663,0.0,0.1226,0.0561,0.5941,3.2206
3553,Ángel Di María,Paris Saint Germain,-,0.0,0.174,0.694,0.5958,-,-,-,-,0.414,0.1446,0.0,0.0931,0.082,0.0,0.0956,0.5235,0.2147,0.1066,0.0178,3.1557
6902,Toma Basic,Bordeaux,0.0158,0.5088,0.0,0.0,0.5718,0.4585,0.0729,0.1679,0.0,0.0,0.0,0.0174,0.1523,0.4635,0.0,0.0662,0.0,0.0851,0.0,0.5386,3.1188
2549,Gaël Kakuta,Lens,0.0436,0.0,0.0635,0.3456,0.1163,0.0,0.0289,0.0477,0.0,0.5659,0.0776,0.0,0.0916,0.4203,0.0149,0.2785,0.4513,0.0681,0.4849,0.0,3.0987
7756,Yusuf Yazici,Lille,0.0,0.0795,0.0,-,0.0,0.0,0.2519,0.0,0.1391,0.0714,1.082,0.0,0.6214,0.0745,0.4885,0.0,0.0,-,-,0.2257,3.034
8653,Adrian Grbic,Lorient,1.1465,0.0729,0.0772,0.5446,0.0,0.0442,0.0682,0.0,0.0726,0.0,0.159,0.0,0.0,-,0.6477,0.0317,0.1306,0.0,0.0,-,2.9952
5684,Arnaud Nordin,Saint-Etienne,0.3007,0.038,0.0413,0.0365,0.0707,0.0583,-,-,-,-,0.0946,0.0,0.0,0.0237,0.1587,1.3083,0.2034,0.5382,0.0332,0.019,2.9246
3243,Gaëtan Charbonnier,Brest,0.0,1.2956,0.1159,0.0784,0.5372,0.4448,0.022,0.2882,0.0,0.0,0.0,0.0,0.0,0.0,0.0158,0.0,0.0,0.0,0.0,0.0,2.7979
3738,Sehrou Guirassy,Rennes,-,0.1061,0.7357,0.0945,0.4162,0.5977,0.0,0.0,0.1847,0.062,0.5766,0.0,-,-,-,-,-,-,-,-,2.7735
7012,Gelson Martins,Monaco,0.2482,0.0,0.0,0.0,-,0.1609,0.1553,0.0,0.9034,0.4275,0.1168,0.6006,0.0,0.0,0.0,0.1472,0.0,0.0,0.0,-,2.7599
4773,Benjamin Bourigeaud,Rennes,0.0,0.0552,0.3309,0.1412,0.0,0.241,0.225,0.0965,0.0,0.028,0.0118,0.2734,0.0308,0.0,0.0559,0.0925,0.0924,0.3354,0.2246,0.4853,2.7199
5988,Ibrahima Niane,Metz,0.1109,0.6823,0.0764,0.8553,0.6802,0.2845,-,-,-,-,-,-,-,-,-,-,-,-,-,-,2.6896
3561,Romain Hamouma,Saint-Etienne,0.367,0.0,0.0843,0.0,0.0,0.0,0.0842,0.1033,0.0555,0.0593,-,0.0568,0.0912,0.0,0.8905,0.4091,0.0428,0.115,0.2102,-,2.5692
3495,Pierrick Capelle,Angers,0.0,0.0,0.1355,0.0507,0.0201,0.0863,0.0,-,-,-,0.0393,0.9374,0.5057,0.0,0.0,0.1418,0.0,0.1032,0.475,0.074,2.569
5676,Opa Nguette,Metz,0.0,0.0,0.0405,0.6151,0.022,0.2442,0.9891,0.066,0.0,0.0,0.0,0.1733,0.137,0.0266,0.0,0.183,-,-,-,-,2.4968
7484,Stephy Mavididi,Montpellier,-,0.0835,0.0,0.1138,0.0,0.0,0.0451,0.0,0.0508,0.0,0.0,0.0963,1.7177,0.3804,0.0,0.0,0.0,-,-,0.0,2.4876
6935,Naif Aguerd,Rennes,0.0,0.3514,0.4385,0.0242,0.3557,0.0,0.1308,0.1895,0.1062,0.0364,0.1639,-,-,0.5164,0.0,0.0,0.0,0.011,0.064,0.0918,2.4798
3749,Jonathan Bamba,Lille,0.3186,0.0449,0.094,0.0271,0.1978,0.0,0.6833,0.3432,0.1697,0.0393,0.1585,0.0252,0.0412,0.06,0.0194,0.0,0.0249,0.0,0.1253,0.1007,2.4731
7240,Benoit Badiashile Mukinayi,Monaco,0.6238,0.0798,0.1236,0.0749,0.0326,0.5168,0.0131,0.1227,0.0438,0.0,0.0,0.0,0.1106,0.0218,0.0,0.5286,-,0.1624,0.0,0.0,2.4545
5587,Josh Maja,Bordeaux,0.0,0.9357,0.0,0.0336,0.0697,0.5752,0.2338,0.1285,-,0.0,0.0,0.0557,0.2943,0.0,0.1201,-,0.0,0.0,0.0,-,2.4466
5762,Pierre-Yves Hamel,Lorient,0.3909,0.0,-,0.0,0.0831,0.6422,0.6869,0.0886,-,0.1181,0.035,0.0489,0.1032,0.2204,-,0.0241,-,-,-,-,2.4414
6019,Angelo Fulgini,Angers,0.5368,0.0597,0.1529,0.0271,0.1751,0.0127,0.1343,0.0693,0.1024,0.1887,0.0636,0.0206,0.4142,0.115,0.0795,-,0.2176,0.0,0.0,0.0164,2.3859
8749,Lamine Gueye,Metz,-,0.0,-,-,-,-,0.0,0.0,0.6115,0.0444,0.2534,0.085,-,-,0.0,-,0.4228,0.4523,0.2764,0.2242,2.37
7980,Adil Aouchiche,Saint-Etienne,0.0851,0.1775,0.1333,0.9215,0.0417,0.0,0.4302,0.0,0.1052,0.0223,0.0,-,-,0.0,0.0401,0.337,0.0,0.0,0.0206,0.0,2.3145
1254,Alessandro Florenzi,Paris Saint Germain,-,0.0113,-,0.0,0.0,0.3679,1.5063,-,-,0.0,0.0,0.216,-,0.0862,0.0762,0.0,-,-,0.0,0.0442,2.3081
6884,Remi Oudin,Bordeaux,0.0,0.0,0.0609,0.0924,0.1261,0.0891,0.0139,0.2587,0.0,0.0,0.0,0.209,0.0,0.0,0.0792,0.2021,0.0,0.0625,1.0168,0.0855,2.2962
8982,Niclas Eliasson,Nimes,-,-,-,-,-,-,0.1126,0.0642,0.0,0.0,-,0.0379,0.0696,0.0672,0.0802,0.0483,0.0,0.4145,0.0,1.3814,2.2759
6012,Luiz Araujo,Lille,0.0152,0.024,0.2719,0.3399,0.1412,0.0517,0.6284,0.0143,0.0395,-,0.6632,0.0483,-,-,-,-,-,-,-,0.0275,2.2651
4670,Moussa Konate,Dijon,-,-,-,-,-,-,-,0.0405,0.0,0.6223,0.024,0.0,0.0,0.5242,0.0133,0.4567,0.5182,0.0,0.047,-,2.2462
6846,Sofiane Diop,Monaco,0.0797,0.0,0.088,0.0142,0.0496,0.0824,0.1728,0.017,0.2553,0.3782,0.0114,0.0888,0.0549,0.0,0.0,0.0,0.2987,0.4773,0.1212,0.0537,2.2432
7365,Lucas Paquetá,Lyon,-,-,-,-,-,-,0.0417,0.1374,0.0264,0.0256,0.1214,0.2613,0.0722,0.0577,0.3664,0.1166,0.779,0.0685,0.0,0.0487,2.1229
7562,Eric Junior Dina Ebimbe,Dijon,0.1543,0.018,0.0,0.106,0.4706,0.0211,0.048,0.291,0.0,-,-,0.1528,0.127,0.0,0.0,0.5941,0.0176,0.0113,0.0929,-,2.1047
5757,Farid Boulaya,Metz,0.0741,-,0.4275,0.1238,0.1504,-,0.0825,0.1097,0.2204,0.0787,0.0206,0.2728,0.13,0.014,0.1844,0.1177,0.0244,-,-,0.0541,2.0851
3362,Rony Lopes,Nice,-,0.0,0.0,0.473,0.1917,0.2649,0.1193,0.0,0.4028,0.0205,0.1977,0.0585,-,0.1213,0.0677,0.0,0.0,0.1557,-,-,2.0731
7767,John Boye,Metz,0.0121,0.0,0.0,0.0,0.0,0.0,0.0606,0.0,-,0.5555,0.0,0.023,0.0,-,0.0,0.4948,0.1339,0.0,0.7287,0.0,2.0086
6885,Axel Disasi,Monaco,0.476,0.0,0.0636,0.1429,0.0,-,-,0.0103,0.0394,0.0698,0.0,0.0,0.0,0.1115,0.0,-,0.0,0.9651,0.0486,0.0,1.9272
6560,Aurelien Tchouameni,Monaco,0.4132,0.0351,0.5549,0.0139,0.0171,-,0.2221,0.0672,0.1141,0.0892,0.0276,0.0,0.0,0.049,0.0,0.0996,0.0,0.0834,0.0638,0.0644,1.9146
3309,Valère Germain,Marseille,0.0,0.0,0.0,0.5027,0.0,-,0.0,-,0.0,0.0,0.9221,0.0,0.0,0.0,0.0,0.4666,0.0,0.0,0.0,-,1.8914
7776,Kévin Denkey,Nimes,0.758,0.214,0.4183,-,0.0,0.0134,-,0.0,0.1289,0.2385,0.0385,0.0,-,-,-,-,-,-,-,-,1.8096
8025,Kasper Dolberg,Nice,0.0,0.4228,0.1502,-,0.0783,0.6461,-,0.3991,0.0213,0.0278,-,-,0.0,-,-,-,-,0.0,0.029,-,1.7746
5661,Jonathan Ikone,Lille,0.0326,0.0379,0.18,0.0,0.0968,0.0,0.4916,0.0,0.0233,0.0938,0.0,0.0866,0.0924,0.3365,0.1132,0.0865,0.0245,0.0525,0.0,0.0,1.7482
3244,Nicolas de Preville,Bordeaux,0.0,0.3271,0.0283,0.0276,0.1138,0.0221,0.0859,0.0,0.0,0.0,-,0.2956,0.0707,0.0,0.0,0.0,-,0.0459,0.3014,0.4181,1.7365
3314,Franck Honorat,Brest,0.0427,0.0,-,0.1953,0.0,0.0,0.0,0.0,0.0914,0.0579,0.0143,0.0376,0.0217,0.0473,0.0,0.0,0.0592,0.3327,0.081,0.7332,1.7143
6601,Timothy Weah,Lille,-,0.4764,0.0,0.4217,-,0.0,-,-,-,0.0738,0.0,-,0.0526,0.0518,0.0976,0.0,0.3464,0.0,0.1809,0.0,1.7012
7486,Leonardo Balerdi,Marseille,0.4621,-,0.4729,-,-,-,-,0.1584,0.0,-,-,0.0,0.5735,-,-,-,-,-,0.0,-,1.6669
6864,Renaud Ripart,Nimes,0.0,0.2458,0.0318,0.0762,0.0973,0.4714,0.0108,0.0,0.1373,0.0225,0.0398,0.0,0.1857,0.0,0.0175,0.0,0.1955,0.0352,0.0819,0.0,1.6487
8318,Moussa Koné,Nimes,0.1376,0.0,0.0,-,-,-,0.0,0.0,0.0,0.6204,0.0,-,0.1041,0.0,0.4726,0.0,-,0.2078,0.0,0.0987,1.6412
1524,Stevan Jovetic,Monaco,-,0.0,0.0266,0.0,0.4578,0.1806,0.1002,0.3341,0.0,-,0.0,0.0357,-,0.0,-,0.0377,-,0.1639,0.2983,0.0,1.6349
5611,Martin Terrier,Rennes,0.0984,0.0266,-,0.2511,0.0,-,0.1208,0.0,0.3495,0.0766,0.0,-,-,0.0,0.1734,0.1213,0.1283,0.0,0.2254,0.0585,1.6299
5624,Yunis Abdelhamid,Reims,0.0,0.0,-,0.0,0.0,0.4645,0.0,0.0755,0.0,0.0,0.0461,0.0,0.0,0.0,0.0414,0.0,0.4976,0.5002,0.0,0.0,1.6253
5619,Pierre Lees-Melou,Nice,0.0208,0.0,0.0345,0.0401,0.1694,0.0279,0.4429,0.0,0.055,0.6142,0.1846,-,-,-,-,-,-,-,0.0168,-,1.6062
5228,Renato Sanches,Lille,0.0345,-,-,0.0,0.0417,1.4281,0.0404,0.014,0.0145,0.0252,-,-,-,-,-,-,-,-,0.0,-,1.5984
536,Dimitri Payet,Marseille,-,0.0,0.0,0.0552,0.1654,0.3315,-,-,0.0,0.5056,0.1163,-,0.141,0.0,0.0086,0.1041,0.0,0.0878,0.0665,-,1.582
3638,Hatem Ben Arfa,Bordeaux,-,-,-,-,-,-,0.0,0.1782,0.0181,0.3314,0.1993,0.2103,0.0793,0.2961,0.019,0.1292,0.1086,-,-,-,1.5695
6073,Guillermo Maripán,Monaco,-,0.0,-,0.0,-,-,-,-,0.0405,-,-,-,0.0,0.0,0.2934,0.0513,0.0,0.7576,0.3697,0.0,1.5125
686,Cesc Fàbregas,Monaco,-,-,0.1846,0.0,0.048,0.0126,0.0,0.0,0.0,-,0.6794,0.5603,0.0,-,-,-,-,-,-,-,1.4849
7551,Mohamed Simakan,Strasbourg,0.0,0.0,0.0,0.0668,0.0,0.1443,0.4426,0.0,0.0,0.0477,0.4433,0.0,0.0,0.1559,0.0,0.0904,0.0887,0.0,0.0,-,1.4797
6452,Mahdi Camara,Saint-Etienne,0.0,0.6659,0.0,0.0,0.0176,0.0,0.0,0.0125,0.0,0.1098,0.6151,0.0,0.0,0.0,0.0,0.0172,0.0186,-,0.0,0.0,1.4567
1056,Jeff Reine-Adelaide,Nice,-,-,-,-,-,-,-,0.0,0.0803,0.0188,0.0148,0.1553,0.0409,0.3693,-,0.6061,0.0,0.1493,0.0,-,1.4348
7730,Jean-Charles Castelletto,Nantes,-,0.0,-,-,-,0.0,0.0,0.0,-,0.0,-,0.0,-,0.0128,0.8891,-,0.4972,-,-,-,1.3991
3552,Marco Verratti,Paris Saint Germain,0.0162,0.5968,-,0.0,0.0,0.0383,-,-,-,-,-,0.0,-,0.0,0.0,0.0,0.4574,0.0,0.1899,0.0885,1.3871
5979,Idriss Saadi,Strasbourg,0.0,0.0,0.0,1.1789,0.0563,0.1382,-,-,-,-,-,-,-,-,-,-,-,-,-,-,1.3734
3278,Maxwel Cornet,Lyon,0.0414,0.1408,0.0,0.7969,0.0439,0.0,0.0,0.0,0.0,0.0,-,0.0187,0.0,0.0236,0.166,0.0,0.0,0.0641,0.0189,0.0427,1.357
5623,Lois Diony,Angers,-,-,0.0,0.0,0.0,0.0,0.0379,0.0,0.0,0.078,0.0,0.1872,0.0,0.0,0.0,0.1292,0.1989,0.0,0.1122,0.6085,1.3519
7736,Brendan Chardonnet,Brest,0.1674,-,0.0,0.0,-,0.0,-,-,0.0,0.0,-,0.2414,0.0,0.0,0.0,0.7946,0.0,0.0713,0.0,0.0725,1.3472
4765,Loïck Landre,Nimes,0.6134,0.0799,0.0,0.0,0.0,0.0,0.0,-,-,0.6454,0.0,0.0,0.0,0.0,0.0,-,-,-,-,-,1.3387
3297,Marquinhos,Paris Saint Germain,-,-,0.0,0.8322,0.1116,0.0503,-,0.0,0.0,0.0519,-,-,-,-,-,0.0,0.0833,0.098,0.1073,0.0,1.3346
8294,El Bilal Touré,Reims,0.3623,0.0,0.0,0.0,0.0,0.2262,-,-,0.0,0.0,0.5925,0.0127,0.0,0.0588,0.0689,0.0,0.0,0.0,0.0,0.0,1.3214
3487,Ismael Traoré,Angers,0.4241,0.0979,0.0288,0.1936,0.1038,0.3483,0.0,0.0,0.0466,0.0553,0.0,0.0,0.0,0.0,0.0167,0.0,0.0,0.0,0.0,0.0,1.3151
967,Mathieu Debuchy,Saint-Etienne,0.0121,0.0168,0.0,-,-,-,-,-,-,-,0.0656,0.0,0.0,0.1644,0.0388,0.0,0.2005,0.0778,0.7261,-,1.3021
8050,Hichem Boudaoui,Nice,-,-,-,-,-,-,-,0.0,0.9661,0.0,0.0168,0.0226,0.0188,-,0.0,0.0,0.0,0.1226,0.1477,-,1.2946
7160,Nemanja Radonjic,Marseille,0.0,0.0,-,0.0,0.0189,0.0,-,0.0,-,-,-,-,-,0.0,-,0.6139,0.6247,0.0,0.0177,-,1.2752
6500,Romain Perraud,Brest,-,0.0494,0.0907,0.0812,0.0,0.0547,0.3394,0.1,0.3322,0.074,0.0,0.0806,0.0175,0.0,0.0,0.0294,0.0,0.0,0.0211,0.0,1.2702
6061,Quentin Boisgard,Lorient,0.09,0.0277,0.0331,0.0,-,-,0.0616,0.1058,0.0,-,-,0.0686,0.0155,0.1395,-,0.0,0.6285,0.0978,0.0,-,1.2681
4932,Pietro Pellegri,Monaco,-,-,0.3947,-,-,0.0,0.1875,-,0.0,0.0899,-,0.1312,0.3814,0.0446,0.0,0.0,0.0,-,-,-,1.2293
3786,Mathieu Cafaro,Reims,0.0,0.0181,0.0431,0.0203,-,0.0,0.0278,0.1074,0.0691,0.0949,0.1142,0.1682,0.0871,-,0.1719,0.0387,-,0.0178,0.233,0.014,1.2256
3221,Pedro Mendes,Montpellier,0.0,0.0,0.0,0.0,0.0,0.0,-,-,0.0,0.0,0.5561,0.0,0.0,0.5687,0.0,0.0973,-,-,-,0.0,1.2221
5744,Matteo Ahlinvi,Nimes,-,-,-,0.0,-,-,0.0,0.0517,-,-,0.0349,-,0.0,0.0,0.0619,0.3982,0.6084,0.0,0.0639,-,1.219
5686,Digbo Maiga,Metz,0.0,0.0402,0.0,0.0,0.1905,0.1338,-,0.0,0.0,0.0,0.0,-,0.0723,0.0,0.4759,0.0182,-,0.0,0.1129,0.1535,1.1973
8037,Marley Aké,Marseille,0.0,-,0.6169,0.0,-,-,0.0,0.0318,-,0.0,-,-,0.0,-,0.5456,-,0.0,-,-,-,1.1943
5787,Aaron Leya Iseka,Metz,-,-,-,-,-,-,-,-,0.0,0.3764,0.0904,0.0,0.0337,-,0.0,-,0.059,0.0161,0.0,0.6115,1.1871
7064,Farid El Melali,Angers,0.5377,0.0545,-,-,-,-,-,-,-,0.0346,0.0328,0.0964,0.0,0.1143,0.0419,0.2602,0.0,-,-,0.0,1.1724
1126,M'Baye Niang,Rennes,0.0594,-,-,-,-,-,-,-,-,-,0.0976,0.578,0.1382,0.0586,0.1022,0.0,0.0689,0.0679,-,-,1.1708
6863,Téji Savanier,Montpellier,0.048,0.1309,0.1575,0.0569,0.1182,0.1147,0.0,-,-,0.1531,0.0,0.0531,0.1756,0.0,0.1484,-,-,-,-,0.0135,1.1699
6945,Youssouf Fofana,Monaco,0.0402,0.0,-,0.0889,0.0409,0.0,-,0.3067,0.0202,0.0149,0.0127,0.3063,0.0,0.0,0.1164,0.0186,-,0.0237,0.0,0.1415,1.131
5752,Alexis Claude Maurice,Nice,0.0,-,0.0502,-,0.0,-,-,0.0184,-,0.0,0.0812,-,0.3759,0.4449,0.0248,0.0,0.1353,0.0,0.0,-,1.1307
8657,Jeremy Le Douaron,Brest,0.0597,0.0,0.0,0.0,0.3629,0.0,0.0,0.1664,0.541,0.0,0.0,0.0,0.0,-,-,-,-,-,0.0,-,1.13
3305,Paul Baysse,Bordeaux,0.0,0.0,0.1014,0.0,-,0.0,0.0,0.0241,-,-,0.0,0.0413,0.0598,0.0,0.0,0.0,0.0927,0.0,0.0,0.8036,1.1229
4811,Jean Eudes Aholou,Strasbourg,-,-,-,-,-,0.1023,0.1953,0.0,-,-,0.0,0.0,-,0.0,0.1013,0.0503,0.0,0.4897,0.1402,0.0394,1.1185
7359,Eduardo Camavinga,Rennes,0.6428,0.1141,0.0,0.0,0.0,0.0,0.0,0.0,-,-,0.0,0.0,0.0,0.0212,0.032,0.1251,0.0,0.0,0.0837,0.0934,1.1123
2100,Rafinha,Paris Saint Germain,-,-,-,-,-,-,0.0,0.0,0.0982,0.0316,0.0,0.0491,0.0544,0.0456,0.5105,0.0298,0.2598,-,-,-,1.079
8249,Renaud Emond,Nantes,-,0.0,0.0,0.6016,0.1643,0.1254,-,-,-,0.0,0.0,-,-,0.0721,0.1104,0.0,-,-,-,-,1.0738
7913,Lamine Fomba,Nimes,0.0,-,0.0916,0.4251,0.0,0.0,0.0,0.1134,0.0,-,0.0,0.0,0.0,0.2877,-,0.0,-,0.0,0.1361,0.0,1.0539
7743,Pereira Lage,Angers,0.0212,-,-,-,-,-,-,-,0.0,0.1618,0.0373,0.0103,0.1149,0.1365,0.0,0.0219,0.2778,0.0576,0.0538,0.1598,1.0529
3542,Damien Da Silva,Rennes,0.1502,0.0121,0.0091,0.0,0.0,0.428,-,0.0389,0.2161,0.0201,0.03,0.0322,0.0,0.0,0.0,0.0943,0.0177,0.0,-,-,1.0487
8312,Kaj Sierhuis,Reims,0.0,0.0,-,0.0,-,0.0,0.0658,0.7627,0.0133,0.0176,0.0,0.0092,0.0,0.1035,0.0652,-,-,-,0.0,-,1.0373
8023,Mounir Chouiar,Dijon,0.0,0.0691,-,0.0,0.3114,0.0536,0.1594,0.0533,0.0473,0.2514,-,0.0,0.0506,0.0,0.0,0.0,-,0.0141,-,-,1.0102
2413,Steven N'Zonzi,Rennes,0.0175,0.0,0.0495,0.2867,0.0,0.1333,-,0.0,0.0134,0.3549,-,0.0881,0.0,0.0,0.0326,0.0,0.0,0.0,0.0301,0.0,1.0061
7397,Arbër Zeneli,Reims,0.0905,0.0,0.0,0.185,0.0155,0.0,-,-,-,-,0.0543,0.015,0.0616,0.2371,0.1426,0.0,0.1789,0.0,0.0,0.0236,1.0041
552,Ander Herrera,Paris Saint Germain,0.129,0.0719,0.0909,0.087,0.0,0.0,0.1136,0.0,0.4144,0.0,-,0.0,0.0,0.0,0.0551,0.0,0.0,0.033,0.0,0.0,0.9949
152,Julian Draxler,Paris Saint Germain,-,0.0,0.5008,0.0,0.085,0.3596,-,0.0437,-,-,-,-,-,-,0.0,0.0,0.0,0.0,0.0,-,0.9891
3721,Romain Del Castillo,Rennes,0.0872,0.0511,0.519,0.0,0.0993,0.0,0.02,0.0,0.0505,0.0,0.0989,-,0.0631,-,-,-,-,-,-,-,0.9891
3568,Clément Grenier,Rennes,-,-,-,-,-,-,0.0622,-,0.0186,0.0,-,-,-,0.0,0.0775,0.1771,0.1376,0.0,0.4971,0.0104,0.9805
3358,Ibrahim Amadou,Angers,-,-,-,-,-,-,0.0,0.0,0.0087,0.1128,0.0989,0.7256,0.0,-,-,-,-,0.0,0.0,0.033,0.979
6112,Andrei Girotto,Nantes,0.0136,0.244,0.0,0.0462,0.0,0.0,-,-,0.0136,0.0297,0.0343,0.0,0.0531,0.0928,0.0747,0.0169,0.0365,0.0,0.3185,0.0,0.9739
3265,Pablo,Bordeaux,-,-,-,0.0,0.0,0.0,0.0399,0.0464,0.0,0.0596,-,-,0.1849,0.0,0.0,0.4626,0.0579,0.1161,-,-,0.9674
8166,Mehdi Zerkane,Bordeaux,0.0,-,-,-,-,0.0,0.0,0.333,0.0,0.0262,0.0527,0.0585,0.4244,0.0,0.0,0.0,0.068,0.0,-,-,0.9628
7178,Valon Berisha,Reims,0.2705,0.0,0.0475,0.0463,0.0093,0.0,-,0.1916,0.0,0.0,0.0681,-,0.1409,0.0313,0.0302,0.0,0.0417,0.0597,-,-,0.9371
7773,Zinedine Ferhat,Nimes,0.0285,0.0768,0.1665,0.0931,0.1625,0.0581,-,-,-,0.1098,0.0,0.0172,0.0139,0.0466,0.0,0.1092,0.0,0.0,0.0135,0.0412,0.9369
148,Dante,Nice,0.0,0.0,0.0873,0.1202,0.0,0.5927,0.0,0.1057,0.0,-,-,-,-,-,-,-,-,-,-,-,0.9059
3696,Morgan Sanson,Marseille,0.0,-,0.4686,0.0344,0.1317,0.0,0.0,0.0357,0.042,-,0.0993,0.0,-,-,-,-,-,0.0592,0.0178,-,0.8887
8026,Raphinha,Rennes,0.0404,0.1858,0.0,0.0183,0.0216,0.6174,-,-,-,-,-,-,-,-,-,-,-,-,-,-,0.8835
834,José Fonte,Lille,0.0,0.0597,0.0225,0.0122,0.0,0.0,0.0474,0.0,0.0,0.4139,-,0.0,0.0,0.0535,0.0,0.0648,0.0127,0.0504,0.0773,0.0681,0.8825
8689,Yvan Neyou,Saint-Etienne,0.0288,0.0133,0.0,0.0,0.0,0.0,-,0.0238,0.0492,0.0348,0.016,0.0,0.0,0.3509,0.118,0.08,0.1616,-,-,-,0.8764
3488,Romain Thomas,Angers,0.0,0.0455,0.0,-,-,-,0.0,0.0,0.0,0.0,0.0152,0.5797,0.0,0.0,0.0474,0.0636,0.0,0.1198,0.0,0.0,0.8712
8646,Wout Faes,Reims,0.0913,0.0,0.0,-,-,0.0391,0.0,0.0877,0.4342,0.0,-,0.0,0.1062,0.0,0.0,0.0,0.0,0.0,0.0957,0.0099,0.8641
6615,Trevoh Chalobah,Lorient,-,-,0.0,-,-,-,0.0,0.0268,-,0.0,0.0,0.0,0.0,0.4288,0.0,0.3893,-,0.0,0.0,-,0.8449
6011,Thiago Mendes,Lyon,-,0.0267,-,-,0.0,0.4343,0.0167,0.0,0.0,0.0,0.1251,0.0447,-,0.0199,-,-,0.0247,0.0113,0.031,0.1104,0.8448
3370,Issiaga Sylla,Lens,0.0,0.0,0.0,0.1479,0.0,-,-,0.0,0.0,0.132,0.0639,0.0,0.0394,0.3064,0.0492,-,0.0,0.1029,-,-,0.8417
7762,Jean-Ricner Bellegarde,Strasbourg,0.0224,0.0169,0.0865,0.0947,0.0,0.0,0.1463,0.0794,0.1296,0.0325,0.0303,0.0,-,-,0.0204,0.0,0.0785,0.049,0.0,0.0502,0.8367
4403,Mehdi Abeid,Nantes,-,0.0,-,0.0793,0.0,0.0301,0.0287,0.0,0.0558,0.2768,0.0,0.0,0.0503,0.0351,-,0.0354,0.1477,0.0618,0.0286,0.0,0.8296
7719,Nathanael Mbuku,Reims,-,-,-,-,0.0549,0.077,0.0396,0.3,0.0656,0.0,0.0234,0.0,0.0,0.0192,-,0.0,0.0,0.1349,0.0,0.1131,0.8277
8655,Mehdi Chahiri,Strasbourg,0.1422,0.0418,0.0745,0.0,0.3728,0.0361,-,-,-,0.0551,0.0,0.0,0.0144,0.0572,0.0,0.0317,0.0,-,-,-,0.8258
3322,Alexander Djiku,Strasbourg,0.0,0.0,0.1095,0.4856,0.076,0.0,-,0.0,-,0.0,-,-,0.0,0.0136,0.0,0.0897,0.0393,0.0,0.0,0.0,0.8137
3338,Daniel Congré,Montpellier,0.0,0.5193,0.0,0.0,0.0525,0.0319,0.0,0.0,0.0,0.0126,0.0,0.0433,0.0,0.0,0.0815,0.0,0.0625,0.0,0.0,0.0,0.8036
3456,Jimmy Cabot,Angers,-,-,-,-,0.0,0.0,0.1033,0.0,0.0,0.0511,-,0.1049,0.0071,0.3521,0.0297,0.1463,-,0.0,0.0,0.0,0.7945
6332,Willem Geubbels,Monaco,0.0,0.0,0.3417,0.0159,-,0.0,0.0,-,-,0.0735,0.2987,-,0.0,-,0.0,0.0627,0.0,0.0,-,-,0.7925
8701,Timothee Pembele,Paris Saint Germain,-,-,-,-,-,-,-,-,-,-,-,0.0,0.0637,-,0.1046,-,0.6207,0.0,-,-,0.789
2897,Aleksandr Golovin,Monaco,0.1416,0.0,-,-,-,-,-,-,-,-,-,-,-,-,-,-,-,0.0384,0.0214,0.5783,0.7797
3445,Corentin Jean,Lens,0.1288,0.0,0.3272,0.0658,0.0669,0.0,0.0,0.0,0.1308,-,0.0427,-,-,0.0,0.0173,-,-,0.0,-,-,0.7795
7007,Duje Caleta-Car,Marseille,0.6338,0.0121,0.0,0.0507,0.0,0.0,0.0,0.0,0.0,0.0,0.0801,0.0,-,0.0,0.0,0.0,0.0,0.0,0.0,-,0.7767
4883,Bruno Ecuele Manga,Dijon,0.0,0.0,0.094,0.0,0.0435,0.0,0.0,0.0481,0.1207,0.0543,0.2692,0.0,0.015,0.0,0.0,0.0565,0.0503,0.0202,0.0,-,0.7718
4849,Sada Thioub,Angers,0.22,0.0248,0.0,0.0541,0.0477,0.0454,0.0,0.1622,0.1577,0.0,0.0569,-,-,-,0.0,-,-,0.0,0.0,0.0,0.7688
3673,Valentin Rongier,Marseille,0.0,0.0134,0.0622,0.0277,0.0,0.0352,0.0,0.0244,0.0,0.0,0.0128,0.0,0.0,0.0422,0.0188,-,0.3843,0.1313,0.0,-,0.7523
8981,Jéremy Doku,Rennes,-,-,-,-,-,-,0.0,0.054,0.0177,0.0685,0.0969,0.0185,0.0,0.2026,0.0,0.0751,0.218,0.0,0.0,0.0,0.7513
93,Marcelo,Lyon,0.0,0.0,0.2016,0.0,0.0,0.0662,0.0759,0.0301,0.0,-,0.0,0.0,0.1305,0.0,0.0684,0.0,0.0394,-,0.0,0.1339,0.746
6697,Armand Lauriente,Lorient,-,-,-,-,-,-,0.0,0.0,0.0,0.0437,0.0,0.0,0.0731,0.1492,0.0,0.0425,0.129,0.1844,0.1153,-,0.7372
7278,Imran Louza,Nantes,0.0,0.0,-,-,0.0867,0.0,0.0186,0.0,0.0176,-,0.044,0.055,0.0,-,0.0128,0.0,0.0,0.3639,0.0798,0.0489,0.7273
8049,Jean-Kevin Duverne,Brest,0.0,0.0863,0.0,0.0322,0.071,0.0588,0.054,0.0,0.0,0.0494,0.2513,0.1015,0.0159,0.0,0.0,0.0,0.0,0.0,0.0,0.0,0.7204
1064,Sylvain Marveaux,Lorient,0.311,0.0,0.0282,-,-,0.0624,-,-,-,0.3154,0.0,-,-,-,0.0,0.0,-,0.0,-,-,0.717
3463,Romain Philippoteaux,Brest,0.4123,-,-,-,0.0,-,0.051,0.0,0.0,-,-,-,-,-,0.023,0.1136,0.019,0.0,0.0,0.091,0.7099
2063,Timothée Kolodziejczak,Saint-Etienne,0.0,0.0189,0.0,0.0,0.0118,0.0,-,-,0.0464,0.0469,0.0463,0.0,0.0169,0.105,0.0,0.0,0.3774,0.0388,-,-,0.7084
8983,Karim Aribi,Nimes,-,-,-,-,-,-,0.0,0.2605,0.3538,0.0,0.0,-,-,0.0,-,0.0,0.0881,-,-,0.0,0.7024
8629,Aurelien Scheidler,Dijon,0.1882,0.119,-,0.0,-,0.0,0.3454,0.0,0.0496,-,0.0,-,-,0.0,-,-,-,-,0.0,-,0.7022
3479,Marcus Coco,Nantes,0.0,0.0,-,0.0399,0.0281,0.0,0.241,0.0,0.0,0.091,0.0317,0.0777,0.0,0.1675,0.0,0.0,0.0,-,0.0226,0.0,0.6995
7760,Abdoul Kader Bamba,Nantes,0.0925,0.0,0.0,0.0,0.0,0.0226,0.104,0.0,0.1544,0.1502,0.0,0.0,0.0,0.0577,0.0206,-,0.0873,0.0,0.0,0.0,0.6893
3461,Majeed Waris,Strasbourg,0.057,0.0383,0.4662,0.0,0.0095,-,0.0,-,0.0,0.0,-,-,-,-,0.0,0.0,-,0.107,0.0,0.0,0.678
3741,Paul Lasne,Brest,-,-,-,-,0.0,0.0,-,0.0,-,0.0,0.0,0.6605,0.014,0.0,0.0,-,-,0.0,0.0,0.0,0.6745
5963,Thomas Monconduit,Lorient,-,-,-,0.2977,0.0,0.106,0.0,0.0428,0.0344,0.0,-,-,-,0.0,0.0,0.0093,0.1379,0.0208,0.014,-,0.6629
4242,Stefan Mitrovic,Strasbourg,0.0,-,0.0305,0.3862,0.0,0.1453,0.0941,0.0,0.0,0.0,0.0,0.0,-,-,-,-,0.0,-,0.0,0.0,0.6561
8327,Bruno Guimarães,Lyon,0.1027,0.0297,0.0,0.0536,0.0333,0.0188,-,0.0,0.0,0.0,0.0,0.0126,0.0,0.2706,0.0634,0.071,0.0,-,-,0.0,0.6557
6907,Colin Dagba,Paris Saint Germain,0.0,0.0,0.0682,0.0,-,0.0,0.0,0.0666,0.0,0.0,0.0,-,0.4982,-,-,0.0,0.0195,0.0,0.0,-,0.6525
668,Idrissa Gueye,Paris Saint Germain,0.0,0.0702,0.039,0.0,-,0.0413,0.2165,-,0.0,0.0,-,-,0.1779,0.0,0.057,0.0,0.0182,0.0,0.0156,-,0.6357
8664,Facundo Medina,Lens,0.0797,0.0,0.0873,0.0323,0.0,0.0,-,0.4157,0.0,0.0,0.0,-,-,0.0,-,-,-,-,-,0.0,0.615
3412,Léo Dubois,Lyon,0.0431,0.0,0.0,0.0,0.0692,0.3261,0.0,0.0,0.0,0.0,0.0,0.0,0.0,0.0,0.044,0.0,0.0,0.0,-,0.1275,0.6099
3670,Nicolas Pallois,Nantes,0.0,0.5232,0.0135,0.0186,0.0329,0.0078,0.0,-,0.0,-,0.0,0.0,0.0,0.0,0.0097,0.0,0.0,0.0,0.0,0.0,0.6057
1734,Sofiane Boufal,Angers,-,-,-,-,-,-,0.0,0.4569,0.0,-,-,0.0753,0.0671,-,-,-,-,-,-,-,0.5993
8094,Mathis Cherki,Lyon,0.164,0.0,0.0,0.0612,0.1012,0.0,-,-,-,-,0.0,0.1139,0.0,-,0.0,0.0,0.0776,0.0,0.0,0.0665,0.5844
6904,Ibrahima Sissoko,Strasbourg,0.0,0.0,0.0,0.0,0.0224,0.0,0.0,0.0148,0.0263,0.0,0.0,0.0,0.0,0.0274,0.0349,0.07,0.0,0.0,0.3397,0.0465,0.582
8662,Dan Ndoye,Nice,0.0,0.0,0.0,0.0129,0.0,0.0,0.0992,-,-,0.0708,0.1485,0.0,-,0.0568,0.0546,0.0,0.0943,0.0,0.044,-,0.5811
7265,Kephren Thuram,Nice,0.0,0.0,0.0,0.0,-,0.0994,0.0,0.1355,0.0,0.0,0.3133,0.0,0.0,0.0,0.0316,0.0,0.0,0.0,0.0,-,0.5798
8685,Mohamed Ali-Cho,Angers,-,0.0,-,0.0,0.515,0.0,-,-,0.0622,-,0.0,-,-,0.0,0.0,-,0.0,-,-,-,0.5772
5769,Habib Diallo,Metz,0.0916,0.0,0.3549,-,0.0,-,-,-,-,-,-,-,-,0.1253,-,-,-,-,-,-,0.5718
3239,Hamari Traore,Rennes,-,-,0.0,0.0,0.0958,0.0,0.0,0.0568,0.041,0.0,0.0,0.0,0.0134,0.2189,0.0919,0.0197,0.0,0.0,0.0239,0.0,0.5614
6874,Yann Gboho,Rennes,-,0.0,0.0,-,-,-,0.0684,0.0982,0.2038,0.0793,0.0,0.1047,0.0,-,-,-,-,-,-,-,0.5544
3298,Layvin Kurzawa,Paris Saint Germain,0.0613,0.0,-,-,-,-,-,-,0.0,0.0,0.0,-,0.0,-,0.409,0.0,-,-,0.0,0.0816,0.5519
1054,Bersant Celina,Dijon,-,-,0.0,0.0,0.0,0.0,-,0.0,-,0.0321,0.0207,0.1519,0.0,0.0684,0.1342,0.0248,0.1173,0.0,0.0,-,0.5494
7908,Marshall Munetsi,Reims,0.0,0.0,0.0,0.0,-,0.0396,-,0.0,0.0197,0.0,0.0337,0.0,0.0093,0.0,0.4163,-,0.0258,-,0.0,0.0,0.5444
1039,Jason Denayer,Lyon,0.0,0.0,0.0,0.0,0.0,0.1221,0.0,-,-,0.0,0.0,0.0,0.0,0.0,0.0,0.0,0.0177,0.0,0.3992,0.0,0.539
6947,Samuel Kalu,Bordeaux,0.0,0.0,0.0,0.0347,0.0245,0.1589,-,-,-,-,0.0256,-,-,-,-,-,-,0.0212,0.0632,0.2107,0.5388
8666,Cheick Oumar Doucoure,Lens,0.0,0.0,0.0,0.029,0.0,0.0828,0.0369,0.0,0.0,0.1655,0.0,-,-,0.0185,0.0893,0.0,0.0774,0.0109,-,0.0185,0.5288
8278,Papa Ndiaga Yade,Metz,0.0492,0.0,-,0.0,0.0383,0.0253,0.0,-,0.0,0.0881,-,0.0,-,-,0.018,0.1798,0.045,-,0.0569,0.0239,0.5245
5725,Jordan Marié,Dijon,0.4267,0.0,0.0,0.0,0.0,-,0.0,-,0.0185,-,0.0138,0.0,-,0.0403,0.0,-,-,0.0238,-,-,0.5231
8697,Jonathan Clauss,Lens,-,-,0.0,0.0212,0.0914,0.0365,0.0,0.0865,0.0205,-,0.1966,0.0,0.0286,-,0.0107,-,0.03,0.0,0.0,0.0,0.522
7358,Souleyman Doumbia,Angers,0.0,0.0235,0.0166,-,-,-,0.0,0.0,0.0098,0.0,0.4605,0.0,-,0.0,0.0,0.0,0.0,-,0.0,0.0,0.5104
943,Massadio Haidara,Lens,-,-,-,-,-,0.347,0.0,-,-,0.0,0.0,0.0,0.0,0.0,0.0,0.1378,-,0.0208,0.0,0.0,0.5056
3674,Abdoulaye Touré,Nantes,-,-,0.0134,0.0,-,0.0,0.0,0.0393,0.0694,0.0176,0.0,0.1495,0.0854,0.0,0.0916,0.0,0.0,0.0,0.0,0.0388,0.505
3463,Romain Philippoteaux,Nimes,0.4123,0.0889,0.0,-,-,-,-,-,-,-,-,-,-,-,-,-,-,-,-,-,0.5012
8276,Yun Il-Lok,Montpellier,-,-,-,-,-,-,-,0.0561,0.0,0.0,0.3473,0.017,0.0154,0.0,0.0426,0.0,0.016,0.0,-,-,0.4944
6148,Michaël Cuisance,Marseille,-,-,-,-,-,-,0.0,0.0912,0.0,0.2711,0.0842,0.0,0.0,0.0,0.0,0.0124,0.0,0.0339,0.0,-,0.4928
3354,Sébastien Corchia,Nantes,-,-,-,-,-,-,0.0,-,-,0.0387,0.0138,0.0,0.0596,0.0,-,0.0,0.1142,0.0,0.1738,0.0877,0.4878
6314,Joachim Andersen,Lyon,0.0,0.2022,0.2789,-,-,-,-,-,-,-,-,-,-,-,-,-,-,-,-,-,0.4811
7764,Mamadou Fofana,Metz,-,0.0,0.0,-,0.0257,-,-,0.0,0.0,0.4537,0.0,0.0,-,0.0,0.0,-,0.0,-,-,-,0.4794
6060,Otávio,Bordeaux,0.0199,0.0,0.0,0.0313,0.0,-,0.0,0.0,0.0,0.0267,0.0,0.0,0.0,0.0,0.0,0.3728,-,0.0,0.0215,0.0,0.4722
8640,Adrien Truffert,Rennes,-,-,-,0.0415,-,-,-,0.0,-,0.0569,0.0266,0.0193,0.0129,0.1365,0.0588,0.1197,0.0,0.0,0.0,0.0,0.4722
5736,Myziane Maolida,Nice,-,-,0.0,-,0.0,0.0,0.4691,-,-,0.0,-,-,-,-,-,-,-,-,0.0,-,0.4691
734,Wahbi Khazri,Saint-Etienne,-,-,-,-,-,0.0,-,0.0351,0.0409,0.0,-,0.0407,0.0377,0.0,0.0222,0.2879,-,-,-,-,0.4645
3223,Benjamin André,Lille,0.0,0.1645,0.0,0.0482,0.0,0.0,0.0463,0.013,0.0,-,0.1055,0.0253,0.0,0.0,0.0,0.0125,0.0,0.0,0.0,0.0364,0.4517
1144,Seko Fofana,Lens,-,-,-,0.0,-,-,-,0.0,0.0,0.0,0.1214,0.0,0.0347,0.0112,0.097,0.0,0.0223,0.1114,0.0,0.0531,0.4511
6869,Antonin Bobichon,Angers,-,0.0193,0.2345,0.1062,0.0,-,-,0.0,-,0.0553,0.0221,0.0,-,0.0,-,0.0,0.0,-,0.0118,-,0.4492
3490,Thomas Mangani,Angers,0.0,0.0115,0.02,0.0152,0.0596,0.0,0.0556,0.0383,0.0,0.1139,-,0.0329,0.0,0.0,0.0,0.1019,0.0,0.0,0.0,-,0.4489
5655,Flavien Tait,Rennes,0.065,-,0.0,0.0,0.0,0.0136,0.1001,0.0,-,-,0.0778,0.0,0.1918,0.0,-,-,-,-,0.0,-,0.4483
6128,Kévin Zohi,Strasbourg,0.0548,0.0,0.1599,-,0.0284,0.0712,-,0.0,0.0,0.0,0.0,-,0.1305,0.0,0.0,0.0,-,0.0,-,0.0,0.4448
5947,Mihailo Ristic,Montpellier,0.0,0.0198,0.0,0.0,0.0473,0.0,-,-,-,0.0,0.0492,0.0131,0.0674,0.0706,0.0838,0.0,0.0284,0.0624,0.0,0.0,0.442
2430,Álvaro González,Marseille,-,0.0,0.047,0.0119,0.1284,0.0,0.0,0.017,-,0.0217,0.0455,0.0104,0.0,0.0,0.1196,0.0392,0.0,0.0,-,-,0.4407
5789,Boubacar Kamara,Marseille,0.0,0.0,0.0,0.0203,0.015,0.0,0.0,0.1157,0.0,0.0175,0.0575,0.08,0.0,0.0617,0.0134,0.0281,0.0213,0.0,-,-,0.4305
3118,Damien Le Tallec,Montpellier,0.1416,0.0,0.061,0.0,0.0859,0.1223,0.0,0.0,-,-,-,-,-,-,-,-,-,0.0,0.0137,0.0,0.4245
3507,Vincent Pajot,Metz,0.2327,0.0,0.0,0.0,-,0.0344,0.0,0.1552,-,-,0.0,-,-,-,-,-,-,-,-,-,0.4223
7557,Yassin Benrahou,Nimes,0.1083,0.0,0.0284,-,0.0,-,-,0.0,0.0163,0.038,-,-,-,0.0828,-,-,-,0.0778,-,0.0665,0.4181
3477,Jimmy Briand,Bordeaux,0.0,0.0,0.0,0.0,0.1542,0.0162,0.0,0.0,0.137,0.0307,0.0,0.0269,0.0,0.0,0.035,0.016,-,0.0,-,-,0.416
9182,Sepe Elye Wahi,Montpellier,-,-,-,-,-,-,-,-,-,-,-,-,-,-,0.3393,-,-,-,-,0.0754,0.4147
3517,Ronael Pierre Gabriel,Brest,0.0,0.0,0.0,-,0.0,0.0,-,-,-,0.0985,0.0,0.0,0.0476,0.0,-,0.0,0.0,0.0,0.1167,0.1447,0.4075
5978,Dmitri Lienard,Strasbourg,-,0.0,0.1017,0.0,0.0231,0.0128,0.0808,-,-,0.0,0.0,0.0,0.0429,0.0,0.0,0.0477,0.0,0.0979,0.0,0.0,0.4069
8684,Fodé Doucouré,Reims,-,-,-,-,-,-,-,0.0763,0.0189,0.0,-,-,-,-,-,0.3099,-,-,-,-,0.4051
8665,Loic Bade,Lens,0.1234,0.0,0.1169,-,0.0,0.0,0.0,0.0,0.0,0.0,0.0,0.0,0.0464,-,0.0,0.0,0.1184,0.0,-,-,0.4051
5635,Faitout Maouassa,Rennes,0.1291,0.0648,0.0115,0.0,-,-,-,-,-,-,-,0.0289,0.0535,0.1056,0.0091,0.0,-,-,-,0.0,0.4025
7717,Isaac Lihadji,Lille,-,-,-,-,0.0,0.0,-,0.0,0.0,0.2427,0.1597,0.0,0.0,-,0.0,-,-,0.0,0.0,-,0.4024
4896,Andrew Gravillon,Lorient,-,-,-,-,-,-,0.0,0.0,0.0,0.0271,0.0631,0.0743,0.0146,0.0,0.0,-,-,0.1492,0.0726,-,0.4009
6436,Stanley N'Soki,Nice,-,-,-,-,-,-,0.118,0.0577,-,0.0,0.0759,0.025,0.0,0.0487,0.069,0.0,0.0,0.0,0.0,-,0.3943
9060,Danilo Pereira,Paris Saint Germain,-,-,-,-,-,-,-,0.1967,0.1469,0.0,0.0108,-,0.0,0.0385,0.0,-,-,-,-,-,0.3929
7317,Marvin Tshibuabua,Saint-Etienne,-,-,-,-,-,-,-,0.3835,-,-,-,-,-,-,-,-,-,-,-,-,0.3835
7763,Fabien Centonze,Metz,0.0173,0.0,0.0,0.0,0.0,0.0943,0.0,0.0,0.0,0.0081,-,0.0125,0.0129,0.0,0.0,0.0,0.0,0.1541,0.0139,0.0702,0.3833
6239,Junior Sambia,Montpellier,0.0,0.0,0.0,0.2448,0.0,0.0,0.0,-,0.0,0.0,0.0673,0.0238,0.0102,0.0,0.0185,0.0,0.0148,0.0,0.0,0.0,0.3794
7749,Rayan Philippe,Dijon,0.0,0.0,0.0586,0.3181,-,-,-,-,-,-,-,-,-,-,-,-,-,-,-,-,0.3767
6232,Kalifa Coulibaly,Nantes,0.0,-,-,-,-,-,-,-,-,-,0.0,-,-,-,-,-,0.0779,0.0365,0.1099,0.151,0.3753
494,Laurent Koscielny,Bordeaux,0.0,0.0,0.0,0.1396,0.0,0.0,-,-,0.0,0.0,0.0,0.0,-,-,-,-,-,0.2332,0.0,0.0,0.3728
3512,Nolan Roux,Nimes,-,-,0.0251,0.0083,0.0355,0.0,0.0,-,0.0408,-,-,-,0.0,0.0,0.1918,0.0,0.0,0.0713,0.0,-,0.3728
8668,Tony Mauricio,Lens,0.0546,0.0,0.0903,0.0,-,0.1265,0.0,0.0413,-,0.0,0.0179,0.0257,-,0.0,0.0,-,-,-,0.0,0.0,0.3563
7734,Cristian Battocchio,Brest,0.0,-,0.031,0.0,0.0,-,-,0.0,0.0,0.0,0.0,0.0,0.0148,0.0,0.298,-,0.0,0.0,0.0,-,0.3438
7850,Henry Onyekuru,Monaco,0.1123,0.0,0.2265,0.0,-,-,-,-,-,-,-,-,-,-,-,-,-,-,-,-,0.3388
6734,Ambroise Oyongo,Montpellier,0.0,0.0,-,0.0,0.0,0.0,0.0,0.0,0.0,0.0,-,0.0,0.0,-,-,-,0.0,-,0.3244,-,0.3244
3729,Hassane Kamara,Nice,0.0,0.026,0.0136,0.0,0.0289,0.0473,0.0,0.0389,0.0399,-,-,0.0305,0.0336,0.0,0.0204,0.0,0.0,0.0,0.0424,-,0.3215
2782,Moussa Doumbia,Reims,-,-,-,-,-,-,0.0,0.0,0.0832,0.0,0.0495,0.0245,0.0685,0.0,0.0,-,0.0,0.0945,0.0,-,0.3202
7750,Harold Moukoudi,Saint-Etienne,-,-,-,0.0,0.0,0.0,0.0,-,-,0.0826,0.058,0.0,0.0,0.0437,0.0,0.0766,-,0.0539,0.0,-,0.3148
1752,Fabio,Nantes,0.0,0.0,-,0.0882,0.0853,0.0,0.0722,-,0.0,0.0,0.0,0.0119,0.0507,0.0,0.0,0.0,-,0.0,0.0,0.0,0.3083
3337,Hilton,Montpellier,-,0.0,0.0,-,0.0,0.0,0.0273,0.0,-,-,0.0,0.0,-,0.0,-,0.0,0.0731,0.0,0.2066,-,0.307
5975,Kenny Lala,Strasbourg,0.0,0.0604,0.0562,0.0625,0.0,0.0,0.0672,0.0,0.0,0.0,0.0124,0.0,0.0,0.0,0.0229,0.0,0.0249,0.0,0.0,0.0,0.3065
6407,Vágner,Metz,-,-,-,-,-,-,-,0.0,0.0,0.0424,0.1005,0.0521,-,-,0.0,0.0,0.0,0.0,-,0.1087,0.3037
5621,Frederic Sammaritano,Dijon,0.0,0.0,0.0,0.0,0.0,0.0,0.0181,-,-,-,0.0,-,0.0,0.2852,0.0,0.0,0.0,0.0,0.0,-,0.3033
8372,Lucas Gourna Douath,Saint-Etienne,-,0.0,0.0,0.0,-,0.0,0.0273,0.0164,-,0.0,0.0,0.0,-,0.0,0.0,0.0,0.0,0.0,0.0,0.259,0.3027
3343,Ryad Boudebouz,Saint-Etienne,-,-,-,-,-,-,-,-,-,-,0.0151,0.0,0.0,0.1963,0.0215,0.0129,0.0,0.0,0.0251,0.0275,0.2984
6762,Yacine Adli,Bordeaux,-,-,0.0405,0.0,0.0,0.0,0.0,0.0,0.0,0.0,0.0,0.0704,0.0843,0.0,0.0,0.0,0.0,0.0811,0.0,0.0203,0.2966
8658,Heriberto Tavares,Brest,0.0,0.296,-,-,-,-,0.0,-,-,-,-,-,0.0,-,-,-,-,-,-,-,0.296
8687,Kiki Kouyate,Metz,-,-,-,-,0.0,-,0.0,-,0.0,-,-,-,0.0309,0.0,0.1265,0.0267,0.0915,0.0194,0.0,0.0,0.295
6251,Wilfried Kanga,Angers,0.29,0.0,-,-,-,-,-,-,-,-,-,-,-,-,-,-,-,-,-,-,0.29
3740,Lucas Deaux,Nimes,0.0,0.0369,0.0902,-,-,0.0303,0.0,0.0,0.0124,0.0,-,0.115,-,-,-,-,-,0.0,0.0,0.0,0.2848
2713,Petar Skuletic,Montpellier,0.0168,-,-,-,-,-,-,-,0.1245,-,-,0.1172,0.026,-,0.0,-,-,-,-,-,0.2845
7316,Charles Nathan Abi,Saint-Etienne,-,0.0,0.1175,-,-,-,-,-,0.0,0.0459,0.0,-,-,0.0,-,-,-,0.0,0.1205,-,0.2839
8688,Warren Tchimbembé,Metz,-,0.0,-,0.0,0.0,0.0,0.0,0.0,0.0338,-,0.0866,-,0.0,0.1582,-,-,0.0,0.0,-,-,0.2786
3271,Jérémy Morel,Lorient,0.0,0.0,0.0,0.0309,0.0,0.0,0.0447,0.0,0.1175,0.0132,0.0,-,-,0.0,0.0513,0.0,0.0,0.0,0.0,-,0.2576
5704,Xeka,Lille,0.0,0.0,-,-,0.0,0.0,0.0884,0.0,-,0.0613,0.0307,0.0,0.0,0.0,0.023,0.0,0.0151,0.0188,0.0,0.0159,0.2532
6881,Thomas Fontaine,Lorient,-,-,-,0.2439,0.0,0.0,-,-,-,-,-,-,-,-,0.0093,-,-,-,-,-,0.2532
8244,Dylan Bronn,Metz,0.0124,0.0142,0.0,0.0,0.0,0.0231,0.0,0.0,0.0,0.083,0.0,0.0153,0.0134,0.0,0.0,0.0579,0.0,0.0,0.0306,0.0,0.2499
7745,Loris Benito,Bordeaux,-,0.0,0.0,0.0,0.0,0.034,0.0,0.0303,0.0,0.0,-,0.0494,0.0776,-,-,0.0,0.0,0.0,0.0584,0.0,0.2497
7765,Thomas Delaine,Metz,-,-,0.0116,-,-,-,-,-,0.0,0.0059,0.0,0.0,0.0,0.0,0.0734,0.0823,-,0.0501,0.0,0.0262,0.2495
8703,Sinaly Diomande,Lyon,-,-,-,0.0099,0.1296,0.0,0.0,0.0,0.0,0.0871,0.0,0.0,0.0,0.0,0.0,-,0.0,0.0145,0.0,-,0.2411
5105,Victorien Angban,Metz,0.0,0.0,0.0,0.0211,0.0,0.0,0.0159,0.0,0.0,-,0.0,0.0595,0.0,0.0,0.0,0.0,0.0,0.0,0.0,0.1354,0.2319
5770,James Edward Lea Siliki,Rennes,-,-,-,-,-,-,-,-,0.0663,0.0328,-,0.1299,0.0,-,0.0,0.0,-,-,-,-,0.229
8690,Jean-Phillipe Krasso,Saint-Etienne,0.0,-,-,-,0.0409,-,0.0,-,-,-,-,-,-,-,-,0.0,0.0,-,-,0.186,0.2269
3334,Lassana Coulibaly,Angers,0.0,0.0,0.0,0.0,0.0,0.0,-,-,0.0078,0.0,0.0,-,0.0,0.0,0.0,0.0,0.086,0.1324,0.0,0.0,0.2262
8995,Hugo Ekitike,Reims,-,-,-,-,-,-,0.1182,0.1051,-,-,-,-,-,-,-,-,-,-,-,-,0.2233
5773,Zaydou Youssef,Saint-Etienne,-,0.0536,0.0,0.0388,0.0,0.0,0.048,-,0.0,0.0,0.0317,0.0,0.0359,-,0.0,-,-,0.014,0.0,-,0.222
6862,Florian Miguel,Nimes,0.0,-,-,0.0495,0.0,-,0.0,0.0,0.0323,-,-,0.0,0.0,0.0786,0.0616,0.0,0.0,-,-,-,0.222
6006,Ruben Aguilar,Monaco,0.0,0.0,0.0,0.0,0.0976,0.07,0.0537,0.0,0.0,0.0,-,0.0,0.0,0.0,0.0,0.0,0.0,0.0,0.0,0.0,0.2213
6861,Anthony Briancon,Nimes,-,-,0.0656,0.0,0.0,0.0,-,0.1404,0.0145,0.0,-,-,-,-,-,-,-,0.0,0.0,0.0,0.2205
8663,Flavius Daniliuc,Nice,-,-,-,0.0,0.0,0.0395,-,-,0.0,-,-,0.0895,0.0785,0.0,0.0,0.0,0.0,0.0,0.0091,-,0.2166
4882,Laurent Abergel,Lorient,0.0,0.0101,0.0,0.0114,0.0,0.0,0.0,0.0466,0.0118,0.0601,0.0199,0.0,0.0387,0.0,0.0,0.0,0.0114,0.0,0.0,-,0.21
8635,Sven Botman,Lille,0.0,0.0,0.0,0.0,0.0,0.0,0.0,0.0,0.0,0.0597,0.0,0.0,0.0,0.0,0.045,0.0522,0.0517,0.0,0.0,0.0,0.2086
7328,Maxence Caqueret,Lyon,0.0,0.0,0.0169,0.0,-,0.1031,-,0.0,-,0.0403,0.0,0.0,0.0,0.0,0.0,-,-,0.0,0.0,0.0474,0.2077
5737,Saif-Eddine Khaoui,Marseille,-,-,-,-,0.0123,-,-,-,0.0,-,-,-,-,0.1707,0.0,0.0,-,0.0242,0.0,-,0.2072
7739,Joris Chotard,Montpellier,0.0416,0.0,0.0,0.0,-,0.0,0.0,0.0,0.0194,0.0,0.0,-,-,-,-,0.0,0.0,0.0207,0.1229,0.0,0.2046
4501,Thierry Ambrose,Metz,0.0,-,0.0,0.0606,-,0.0,-,-,-,0.0276,-,0.0,0.0518,-,-,0.0,0.0624,0.0,0.0,-,0.2024
8660,Jordan Lotomba,Nice,0.0,0.0,-,0.0,0.0,0.0397,0.0,0.0,0.0,0.0133,0.0,0.0431,0.0,0.0,0.027,0.0325,0.0365,0.0086,-,-,0.2007
551,Morgan Schneiderlin,Nice,0.0,0.0,0.0,0.014,0.0,-,0.0,0.1124,0.0,0.0172,-,0.0,0.0,0.0,-,0.0,0.0567,-,-,-,0.2003
2291,Pape Cheikh,Dijon,0.0,-,0.105,-,0.0771,0.0,0.0,0.0,0.0,0.0,-,0.0,0.0181,-,0.0,0.0,0.0,0.0,0.0,-,0.2002
8648,Fraser Hornby,Reims,-,0.1597,0.0397,-,0.0,-,-,-,-,-,-,-,-,-,-,-,-,-,-,-,0.1994
5761,Youssef Maziz,Metz,-,-,0.0699,-,-,0.0,0.0,-,-,-,-,0.0149,-,0.0,-,-,-,0.0256,0.0856,-,0.196
961,Jordan Amavi,Marseille,0.0,0.0,-,-,-,0.0,0.141,0.0,0.0,0.0,0.0531,-,0.0,-,-,-,-,-,-,-,0.1941
8656,Birger Meling,Nimes,0.088,0.0,0.0625,-,0.0217,0.0,-,0.0,-,-,-,-,-,-,-,-,-,0.0202,0.0,0.0,0.1924
8208,Mihai-Alexandru Dobre,Dijon,0.0,0.0,0.0,-,-,-,0.0,-,-,-,-,-,0.0,0.0242,0.0,0.0445,0.1155,0.008,0.0,-,0.1922
8651,Enzo Le Fée,Lorient,0.0,0.0,0.0,0.0,0.0,0.0203,-,-,0.0,0.0,0.0,0.0676,0.0,0.0,0.0609,0.0194,0.0,0.0,0.0177,-,0.1859
7774,Haris Duljevic,Nimes,-,0.0569,-,0.0524,-,-,-,-,-,-,-,0.0387,0.0,0.0,0.0378,0.0,0.0,0.0,0.0,-,0.1858
5650,Patrick Burner,Nimes,-,-,-,-,0.0,0.0156,0.0,0.0678,0.0,0.0,0.0819,0.0,0.0113,-,0.0,-,-,-,-,-,0.1766
8004,Dereck Kutesa,Reims,0.0,0.0,0.0917,0.0275,0.057,0.0,0.0,-,0.0,0.0,-,-,0.0,0.0,-,0.0,-,-,0.0,0.0,0.1762
3655,Charles Traore,Nantes,0.0,-,0.0,-,-,-,-,0.0,0.0,-,-,-,-,-,0.0,0.1706,-,0.0,0.0,-,0.1706
6883,Xavier Chavalerin,Reims,0.0,0.0,0.0366,0.0,0.0162,0.0216,0.0,-,-,-,-,-,-,-,0.0,0.0,0.0,0.0,0.0371,0.0542,0.1657
5998,Christophe Herelle,Brest,-,-,0.0,0.0,0.0,-,0.0,0.0,-,-,-,-,-,0.0,0.0,0.0,0.0347,0.0,-,0.129,0.1637
1248,Leandro Paredes,Paris Saint Germain,-,0.0133,-,-,0.0151,0.0223,0.0,-,-,0.0177,0.0,0.0326,0.0,0.0,-,-,-,-,-,0.0597,0.1607
5731,Mateo Pavlovic,Angers,-,-,0.0,0.1064,0.0,0.0498,-,-,-,-,-,-,-,-,-,-,0.0,-,-,-,0.1562
8645,Enzo Millot,Monaco,-,-,-,-,-,0.0,-,-,-,-,-,-,-,0.1549,-,-,-,-,-,-,0.1549
8316,Roger Assalé,Dijon,-,-,0.0,-,0.0929,0.0,-,-,0.0,0.0,0.0551,0.0,-,-,-,-,-,-,-,-,0.148
728,Lamine Koné,Strasbourg,0.0,0.0,-,-,-,-,0.1461,0.0,-,0.0,0.0,-,-,-,-,-,-,-,-,-,0.1461
8920,Dilane Bakwa,Bordeaux,-,-,-,-,0.021,0.1249,-,-,-,-,-,-,-,-,-,-,0.0,-,0.0,0.0,0.1459
6882,Ghislain Konan,Reims,0.0,0.0,0.0,0.0141,0.0,0.0,-,-,-,-,0.0,0.0287,0.0,0.0787,0.0,-,0.0,0.0232,0.0,0.0,0.1447
8783,Marco Ludivin Majouga,Nimes,-,-,-,-,0.016,-,0.0,-,0.051,-,-,-,-,-,0.0,0.0772,-,-,-,-,0.1442
3464,Vincent Le Goff,Lorient,0.0,0.0,0.0,0.0,0.0335,0.0127,-,-,-,-,-,0.0584,0.0,0.0,0.0,0.0,0.0,0.0,0.0379,-,0.1425
8696,Pape Alassane Gueye,Marseille,0.0,0.0,-,0.0,0.0,0.0102,0.0,0.0141,0.0,-,0.0,0.0,0.0285,0.0675,-,0.0,0.0,0.0,0.0168,-,0.1371
7998,Ngonda Muzinga,Dijon,0.0159,-,-,-,0.0,-,0.0,0.0,0.0,0.0,0.0,0.0426,0.0,0.0409,0.0244,0.0,0.0,0.0128,0.0,-,0.1366
8151,Hianga'a M'Bock,Brest,0.0,0.0494,0.014,0.0,-,-,-,-,0.0,-,0.0,-,-,0.0,0.0268,0.0453,0.0,-,-,-,0.1355
3325,Yannick Cahuzac,Lens,0.0936,0.0,0.0,0.0,0.0408,0.0,0.0,-,0.0,0.0,-,0.0,0.0,0.0,0.0,0.0,-,0.0,0.0,-,0.1344
4904,Adrián Cubas,Nimes,0.0,0.068,0.0378,0.0,0.0282,0.0,0.0,-,-,0.0,0.0,0.0,0.0,-,-,-,-,0.0,0.0,0.0,0.134
6489,Steven Fortes,Lens,-,-,-,0.1084,0.0,-,-,0.0213,-,-,-,-,0.0,0.0,-,0.0,0.0,-,0.0,0.0,0.1297
7527,Kelyan Guessoum,Nimes,-,-,-,-,-,-,-,-,-,-,-,-,-,0.0,0.0,0.0619,0.0667,-,0.0,-,0.1286
7511,Sacha Boey,Dijon,-,-,-,-,-,-,-,0.0658,0.0124,0.0185,0.0,0.0,0.0,0.0,0.0,0.0,0.0103,0.0201,0.0,-,0.1271
8639,Brandon Soppy,Rennes,0.0182,0.0138,0.0,-,0.0877,-,-,-,-,-,0.0,-,-,-,-,-,-,-,-,-,0.1197
5647,Arnaud Souquet,Montpellier,0.0522,0.0,0.0,0.0382,-,0.0198,0.0,0.0092,-,-,-,-,-,-,0.0,0.0,-,-,0.0,-,0.1194
8056,Arnaud Kalimuendo Muinga,Paris Saint Germain,0.1166,-,-,-,-,-,-,-,-,-,-,-,-,-,-,-,-,-,-,-,0.1166
3677,Wesley Lautoa,Dijon,0.0,0.0,0.0,0.0524,0.0,0.0,0.0194,0.0094,0.0,0.0,0.0,-,-,-,-,-,-,-,0.0351,-,0.1163
7852,Sidy Sarr,Nimes,0.0,0.0,-,0.0102,-,-,-,-,-,-,-,-,-,0.0,0.0549,0.0507,0.0,-,-,-,0.1158
6872,Mehmet Zeki Çelik,Lille,0.0,0.0,0.0,0.0244,0.0,0.0175,0.0265,0.0451,0.0,-,-,-,-,0.0,0.0,0.0,0.0,-,-,-,0.1135
8644,Eliot Matazo,Monaco,-,-,-,-,0.0,-,-,-,-,-,0.0,0.1079,-,-,0.0,-,0.0,-,-,-,0.1079
2387,Danilo,Nice,-,-,-,-,-,-,0.0,-,-,-,0.0552,0.0,0.0519,-,-,-,-,-,-,-,0.1071
1022,Pedro Chirivella,Nantes,0.0165,0.0477,0.0,0.0,0.0,0.0,0.0,0.0,-,-,0.0,0.0,0.0,0.0,0.0,0.0,0.0421,-,-,-,0.1063
2674,Thilo Kehrer,Paris Saint Germain,0.0,0.0,-,-,-,-,-,-,0.0,0.0,-,-,0.0,0.0,0.0,0.0659,0.0,0.0403,-,-,0.1062
3513,Kévin Monnet-Paquet,Saint-Etienne,0.0,0.0,-,0.0,-,-,0.0635,0.0,-,-,-,-,-,-,-,-,0.0191,0.0231,-,-,0.1057
5663,Keagan Dolly,Montpellier,0.0,0.0,-,-,-,-,0.0,0.0,0.0,0.0206,0.0242,0.0,0.0495,0.0,0.01,0.0,0.0,0.0,0.0,-,0.1043
8667,Ismael Boura,Lens,0.0,0.0,0.0,0.0,0.0,-,0.0,0.0166,-,-,-,-,0.0857,0.0,-,0.0,0.0,-,0.0,-,0.1023
7687,Jean Lucas,Lyon,-,-,0.0171,0.0456,0.0386,-,0.0,-,-,0.0,0.0,-,-,-,-,0.0,-,0.0,-,-,0.1013
7247,Jonathan Panzo,Dijon,-,0.0,0.0,0.0,0.0,0.0,0.0,0.017,0.0148,-,-,0.0,0.0251,0.0431,0.0,0.0,-,-,-,-,0.1
4811,Jean Eudes Aholou,Monaco,0.0989,0.0,-,-,-,-,-,-,-,-,-,-,-,-,-,-,-,-,-,-,0.0989
7755,Domagoj Bradaric,Lille,0.0,0.0,0.0227,0.0,0.0,0.0,0.0,0.0,-,0.0,0.0755,0.0,0.0,-,-,-,0.0,0.0,0.0,0.0,0.0982
8218,Bridge Ndilu,Nantes,0.0,-,0.0,-,-,-,-,-,-,-,-,-,0.0,-,-,0.0629,0.0344,-,-,-,0.0973
7751,Miguel Trauco,Saint-Etienne,-,-,-,-,-,-,0.0,-,-,0.0,0.0258,0.022,0.0146,0.0,0.0,0.0,0.0344,-,0.0,0.0,0.0968
1932,Sanjin Prcic,Strasbourg,0.0,-,-,0.0289,0.0171,-,-,0.0,0.0133,-,-,-,0.0,-,-,-,0.0251,0.0122,-,0.0,0.0966
3668,Jonathan Delaplace,Lorient,-,-,-,-,0.0,-,0.0,0.0719,0.0,0.0,-,-,0.0,0.0,-,0.0118,0.0,0.0129,-,-,0.0966
8643,Chrislain Matsima,Monaco,-,-,-,-,0.0,0.0264,0.052,0.0178,-,-,0.0,-,-,-,-,-,-,-,-,0.0,0.0962
3399,Youssouf Sabaly,Bordeaux,0.0,0.0,0.0,0.0,0.0,0.0,0.0,0.0,0.0,-,0.0,0.0,0.0185,0.0,0.0544,0.0,0.0,0.0224,0.0,0.0,0.0953
8248,Maxence Rivera,Saint-Etienne,0.0,0.0,-,0.0,0.0,0.0,0.0,0.0,0.0,0.0,0.0,-,-,0.0777,-,0.0164,-,-,0.0,0.0,0.0941
3509,Fabien Lemoine,Lorient,0.0,0.0,0.0138,0.0,0.0,0.0,0.0,-,0.0,-,0.0,0.0183,0.0115,0.0,-,0.0,0.024,-,0.024,-,0.0916
7570,Moreto Cassamã,Reims,0.0,0.0089,0.0,0.0,0.0,-,0.022,-,-,0.0,-,0.0,-,0.0,0.0143,0.0146,0.0296,0.0,0.0,0.0,0.0894
8650,Julien Laporte,Lorient,0.0,0.0,0.0,-,0.0,0.0,0.0,0.0,0.0,0.0,0.0,0.0074,0.0785,-,-,-,0.0,-,-,-,0.0859
6380,Anthony Caci,Strasbourg,-,0.0,0.0,0.0,-,0.0,-,0.0,0.0,0.0359,0.0,0.0,0.0,0.0,-,0.0,-,0.0,0.0,0.0474,0.0833
6888,William Saliba,Nice,-,-,-,-,-,-,-,-,-,-,-,-,-,-,-,-,0.0,0.0,0.0813,-,0.0813
1056,Jeff Reine-Adelaide,Lyon,0.0808,-,-,-,-,-,-,-,-,-,-,-,-,-,-,-,-,-,-,-,0.0808
8190,Melvin Bard,Lyon,0.0,-,0.0,0.0,0.0322,0.0483,-,0.0,-,0.0,0.0,-,-,-,-,-,-,0.0,-,-,0.0805
7729,Julien Faussurier,Brest,0.0165,0.0,0.0,0.0,-,-,0.0,0.0604,0.0,-,-,-,-,-,-,-,-,-,-,-,0.0769
8371,Alexis Trouillet,Nice,-,0.0,-,-,-,0.0,-,-,-,-,0.0761,-,-,-,0.0,-,-,-,-,-,0.0761
8652,Stéphane Diarra,Lorient,0.0,0.0607,0.0,0.0,-,0.0146,-,0.0,0.0,0.0,-,0.0,-,-,-,-,-,-,-,-,0.0753
9067,Amadou Traoré,Bordeaux,-,-,-,-,-,-,-,0.0,-,-,0.0,-,-,-,-,-,0.0,-,0.0697,0.0,0.0697
8310,Mitchel Bakker,Paris Saint Germain,0.0,-,0.0,0.0,0.0,0.0,0.0,0.0,0.0,0.0175,0.0,0.0503,0.0,0.0,0.0,0.0,0.0,0.0,0.0,-,0.0678
5699,Dalbert,Rennes,-,-,-,-,-,-,0.0,0.0,0.0677,-,-,-,-,-,-,0.0,0.0,-,-,-,0.0677
5774,Clement Michelin,Lens,0.0303,0.0,0.0,-,-,-,0.0,-,0.0,0.0,-,0.0,0.0363,0.0,-,0.0,0.0,0.0,-,-,0.0666
6674,Rayan Ait Nouri,Angers,-,-,-,0.0665,0.0,0.0,-,-,-,-,-,-,-,-,-,-,-,-,-,-,0.0665
5177,Caio Henrique,Monaco,-,-,-,-,-,-,0.0,0.0,0.0,0.0,0.0657,0.0,0.0,0.0,-,0.0,0.0,0.0,0.0,0.0,0.0657
5745,Matthieu Udol,Metz,0.0,0.0,-,0.0368,0.0,0.0117,0.0155,0.0,0.0,-,0.0,-,-,-,-,-,-,-,-,0.0,0.064
8661,Robson Bambu,Nice,0.0,-,-,-,-,-,0.0308,0.0,0.0,0.0,-,-,0.0,0.033,0.0,0.0,-,-,-,-,0.0638
3275,Jordan Ferri,Montpellier,0.0,0.032,0.0,0.0,0.0213,0.0,0.0,0.0,0.0,0.0,0.0,0.0,0.0,0.0,0.0,0.0,0.0,0.0104,0.0,0.0,0.0637
3356,Adama Soumaoro,Lille,-,-,-,-,-,-,0.0,-,0.0109,-,0.0521,-,-,-,-,-,-,-,-,-,0.063
7511,Sacha Boey,Rennes,0.0,-,-,-,-,0.0625,-,-,-,-,-,-,-,-,-,-,-,-,-,-,0.0625
6878,Youcef Atal,Nice,-,-,0.0,0.0601,-,-,-,0.0,0.0,-,-,-,-,-,0.0,0.0,0.0,0.0,0.0,-,0.0601
6310,Boubakary Soumare,Lille,0.0,-,0.0,0.0178,0.0,-,0.0,0.0,-,0.0,0.02,0.0,0.0,0.0,0.0,0.0,0.0216,0.0,0.0,0.0,0.0594
92,Hiroki Sakai,Marseille,0.0,0.0,0.0,0.0,0.0,0.0,0.0,0.0,-,0.0,0.0,0.0,0.0,0.0,0.0,0.0585,0.0,0.0,0.0,-,0.0585
5732,Abdoulaye Bamba,Angers,0.0,0.0,0.0,0.0559,0.0,0.0,0.0,-,-,-,-,-,0.0,-,-,0.0,-,0.0,-,-,0.0559
5742,Hugo Magnetti,Brest,-,0.0,-,-,-,0.0,0.0314,-,-,-,0.0241,-,-,-,0.0,-,-,0.0,-,-,0.0555
5654,Baptiste Santamaria,Angers,0.0136,0.0,0.0416,-,-,-,-,-,-,-,-,-,-,-,-,-,-,-,-,-,0.0552
4804,Abdou Diallo,Paris Saint Germain,0.0,-,0.04,-,0.0,0.0,0.0,0.0,0.0,0.0,0.0,-,0.0,0.0,-,-,-,-,0.015,0.0,0.055
6868,Gaetan Paquiez,Nimes,-,-,-,0.0,0.0096,-,0.0148,0.0143,-,-,0.0,0.0,0.0,-,0.0157,0.0,0.0,0.0,-,-,0.0544
3652,Enock Kwateng,Bordeaux,0.0,-,-,-,0.0171,-,-,-,0.0,0.0,0.0348,0.0,-,0.0,0.0,0.0,-,-,-,-,0.0519
8671,Manuel Perez,Lens,-,0.0,0.0511,-,0.0,0.0,-,-,-,-,-,-,-,-,-,-,-,-,-,-,0.0511
8698,Kays Ruiz-Atil,Paris Saint Germain,0.0219,-,-,-,0.0,-,0.0291,0.0,0.0,-,0.0,-,0.0,-,-,-,-,-,-,-,0.051
7151,Thomas Foket,Reims,0.0,-,0.0,0.0,0.0,0.0,0.0,0.0,0.0131,0.0,0.0,0.0,0.0,0.0,0.0,0.0,0.0,0.0379,0.0,0.0,0.051
6018,Samuel Moutoussamy,Nantes,0.0506,-,-,-,-,-,-,-,-,-,-,-,-,-,-,-,-,-,-,-,0.0506
6860,Sofiane Alakouch,Nimes,-,-,0.0,-,-,-,-,-,-,0.0,-,-,0.0,-,0.0,0.0,0.0,0.0,0.0497,0.0,0.0497
7732,Haris Belkebla,Brest,0.0,0.0,0.0,0.0,0.0,0.0,0.0,0.0156,0.0,0.0,0.0,0.0215,0.0,0.0,-,0.0125,0.0,0.0,0.0,0.0,0.0496
3521,Dennis Appiah,Nantes,0.0,0.0,0.0,0.0,0.0,0.0,-,0.0,0.0,-,0.0,-,-,0.0,0.0475,-,0.0,-,-,-,0.0475
3357,Djibril Sidibe,Monaco,-,0.0,-,0.0459,-,-,0.0,0.0,0.0,0.0,-,-,-,-,0.0,0.0,0.0,0.0,0.0,0.0,0.0459
3599,Presnel Kimpembe,Paris Saint Germain,0.0,0.0,0.0,0.0423,0.0,0.0,0.0,-,-,-,0.0,0.0,-,0.0,-,0.0,-,-,-,0.0,0.0423
1301,Daniele Rugani,Rennes,-,-,-,-,-,-,0.0421,-,-,-,-,-,-,-,-,-,-,-,-,-,0.0421
1720,Didier Ndong,Dijon,0.0,0.0,0.0414,0.0,0.0,0.0,0.0,0.0,-,0.0,0.0,0.0,0.0,0.0,0.0,0.0,0.0,0.0,0.0,-,0.0414
7282,Giulian Biancone,Monaco,-,-,-,-,0.0,0.0407,-,-,-,-,-,-,-,-,-,-,-,-,-,-,0.0407
8314,Yvann Maçon,Saint-Etienne,0.0,0.0,0.0,0.0194,0.0177,0.0,-,-,-,-,-,-,-,-,-,-,-,-,-,-,0.0371
8006,Evann Guessand,Nice,0.0,-,-,0.0358,0.0,-,-,-,-,-,-,-,-,-,-,-,-,-,-,-,0.0358
8699,Bandiougou Fadiga,Paris Saint Germain,-,-,0.0,0.0,-,-,-,0.0,0.0,-,-,-,-,-,0.0333,-,0.0,-,-,-,0.0333
7754,Tiago Djaló,Lille,-,-,-,-,-,-,-,-,-,-,0.0,0.0,0.0,0.0189,0.0,-,0.0,0.0141,0.0,0.0,0.033
5692,Fouad Chafik,Dijon,-,0.0,0.0,0.0113,0.0,0.021,0.0,0.0,0.0,0.0,0.0,-,-,-,0.0,-,-,-,-,-,0.0323
6318,Lionel Carole,Strasbourg,0.0,0.0,-,0.0,0.0,0.0,0.0,0.0,0.0,-,-,0.0,0.0,-,0.0,0.0,0.0289,-,0.0,-,0.0289
8243,Moise Sakava,Reims,-,-,-,-,-,-,-,0.0273,-,-,-,-,-,-,-,-,-,-,-,-,0.0273
8686,Cheick Tidiane Sabaly,Metz,0.026,-,-,-,-,-,-,-,-,-,-,-,-,-,-,-,-,-,-,-,0.026
7206,Jonathan Gradit,Lens,0.0,0.0,0.0,0.0,0.0,0.0,0.0,-,0.0,0.0,0.0,0.0,-,0.0255,0.0,0.0,0.0,0.0,0.0,0.0,0.0255
1784,Jérémy Pied,Lille,-,0.0,0.0,-,-,-,-,-,-,0.0253,0.0,-,-,-,-,-,-,-,-,-,0.0253
5620,Romain Amalfitano,Dijon,0.0109,0.0117,-,-,-,-,-,-,-,-,-,-,-,-,-,-,-,-,-,-,0.0226
3486,Vincent Manceau,Angers,-,-,-,-,-,0.0,0.0,0.0,0.0,0.0,0.012,0.0,0.0,0.0,0.0,-,0.0,0.0,0.0,0.0088,0.0208
3962,Anastasios Donis,Reims,-,0.02,-,-,0.0,-,0.0,-,-,-,-,-,-,-,-,-,-,-,-,-,0.02
1120,Mattia De Sciglio,Lyon,-,-,-,-,-,-,0.0,0.0,-,-,0.0,0.0,0.0,0.0,0.0,0.0,0.0,0.0,0.0183,0.0,0.0183
6501,Andy Pelmard,Nice,0.0,0.0,0.0,0.0,0.0,0.0,-,-,0.0,0.0,0.0,0.0,-,0.0,-,0.0181,-,-,-,-,0.0181
7589,Wesley Fofana,Saint-Etienne,0.0179,0.0,0.0,-,0.0,-,-,-,-,-,-,-,-,-,-,-,-,-,-,-,0.0179
9021,Pape Sarr,Metz,-,-,-,-,-,-,-,-,-,-,-,0.0,0.0,-,-,-,-,-,0.0,0.0177,0.0177
8969,Florentino Luís,Monaco,-,-,-,-,-,0.0,0.0174,0.0,-,0.0,0.0,-,-,-,-,-,0.0,-,-,-,0.0174
3393,Bouna Sarr,Marseille,-,-,0.0165,0.0,-,-,-,-,-,-,-,-,-,-,-,-,-,-,-,-,0.0165
6316,Panagiotis Retsos,Saint-Etienne,-,-,-,-,-,-,0.0156,0.0,-,-,-,-,-,-,-,-,-,0.0,0.0,-,0.0156
5678,Eiji Kawashima,Strasbourg,0.0,0.0,-,-,-,-,-,-,-,-,0.0,0.0151,0.0,0.0,0.0,0.0,0.0,0.0,0.0,0.0,0.0151
6736,Ibrahima Diallo,Brest,0.0,0.0,0.0,0.0,0.0148,-,-,-,-,-,-,-,-,-,-,-,-,-,-,-,0.0148
5614,Baptiste Reynet,Nimes,0.0,0.0126,0.0,0.0,0.0,0.0,0.0,0.0,0.0,0.0,0.0,0.0,0.0,0.0,0.0,0.0,0.0,0.0,0.0,0.0,0.0126
4865,Roli Pereira De Sa,Nantes,-,-,-,-,-,-,-,0.0123,-,-,-,-,-,-,-,-,-,-,-,-,0.0123
8980,Luis Henrique,Marseille,-,-,-,-,-,-,0.0,-,-,-,0.0,0.0,-,-,0.0121,-,-,-,-,-,0.0121
8186,Nelson Sissoko,Saint-Etienne,-,-,0.0,-,-,0.0,0.0,0.0,-,-,0.0111,0.0,-,-,-,-,-,0.0,-,0.0,0.0111
7432,Reinildo,Lille,0.0,-,-,0.0,-,-,-,-,0.0,0.0,-,0.0,0.0,0.0,0.0,0.0,0.0,0.0105,0.0,-,0.0105
8654,Franklin Wadja,Lorient,0.0,-,-,0.008,0.0,-,-,-,-,-,-,-,-,-,-,-,-,-,-,-,0.008
8649,Houboulang Mendes,Lorient,0.0,0.0,0.0074,0.0,0.0,0.0,0.0,0.0,-,-,0.0,-,-,-,-,-,-,-,-,-,0.0074
3227,Ludovic Baal,Brest,-,0.0,-,-,-,-,0.0,-,-,-,-,-,-,-,0.0,-,0.0,-,-,-,0.0
8678,Jonas Omlin,Montpellier,0.0,0.0,0.0,0.0,0.0,0.0,0.0,0.0,-,-,0.0,0.0,0.0,0.0,0.0,0.0,0.0,0.0,0.0,0.0,0.0
414,Juan Bernat,Paris Saint Germain,0.0,0.0,0.0,-,-,-,-,-,-,-,-,-,-,-,-,-,-,-,-,-,0.0
9066,Mahamé Siby,Strasbourg,-,-,-,-,-,-,-,-,-,-,-,-,0.0,-,0.0,-,-,0.0,-,-,0.0
6007,Nicolas Cozza,Montpellier,-,-,-,0.0,-,-,0.0,0.0,0.0,0.0,-,-,-,-,-,0.0,-,0.0,0.0,0.0,0.0
6937,Georginio Rutter,Rennes,-,-,-,-,0.0,-,-,-,-,-,-,-,-,0.0,0.0,-,-,-,0.0,-,0.0
2072,Sergio Rico,Paris Saint Germain,-,0.0,-,-,-,-,-,0.0,-,-,-,0.0,-,-,0.0,-,-,-,-,-,0.0
6305,Ismail Aaneb,Strasbourg,-,-,-,-,-,-,-,-,-,-,-,0.0,0.0,-,-,-,-,-,-,-,0.0
8679,Samy Benchama,Montpellier,0.0,-,-,-,-,-,-,-,-,-,-,-,-,-,-,-,-,-,-,-,0.0
5974,Bingourou Kamara,Strasbourg,-,-,0.0,0.0,0.0,0.0,0.0,0.0,0.0,0.0,-,-,-,-,-,-,-,-,-,-,0.0
7687,Jean Lucas,Brest,-,-,-,-,-,-,-,-,-,-,-,-,-,-,-,-,-,-,-,0.0,0.0
7728,Gautier Larsonneur,Brest,0.0,0.0,0.0,0.0,0.0,0.0,0.0,0.0,0.0,0.0,0.0,0.0,0.0,0.0,0.0,0.0,0.0,0.0,0.0,0.0,0.0
3737,Mike Maignan,Lille,0.0,0.0,0.0,0.0,0.0,0.0,0.0,0.0,0.0,0.0,0.0,0.0,0.0,0.0,0.0,0.0,0.0,0.0,0.0,0.0,0.0
3591,Dimitry Bertaud,Montpellier,-,-,-,-,-,-,-,0.0,0.0,0.0,-,-,-,-,-,-,-,-,-,-,0.0
7614,Lucas Perrin,Marseille,-,-,-,-,-,-,-,-,-,-,-,-,-,-,-,-,-,-,0.0,-,0.0
2243,Keylor Navas,Paris Saint Germain,-,-,0.0,0.0,0.0,0.0,0.0,-,0.0,0.0,0.0,-,0.0,0.0,-,0.0,0.0,0.0,0.0,0.0,0.0
3346,Jonas Martin,Rennes,0.0,0.0,0.0,0.0,0.0,0.0,0.0,-,-,-,-,-,-,-,-,-,-,-,-,-,0.0
6880,Edouard Mendy,Rennes,0.0,-,-,-,-,-,-,-,-,-,-,-,-,-,-,-,-,-,-,-,0.0
6293,Gerzino Nyamsi,Rennes,-,-,-,-,-,-,-,-,-,-,-,0.0,0.0,-,-,-,-,0.0,0.0,0.0,0.0
5766,Romain Salin,Rennes,-,0.0,0.0,0.0,0.0,0.0,0.0,-,-,-,-,-,0.0,0.0,0.0,0.0,0.0,0.0,0.0,0.0,0.0
1256,Kevin Strootman,Marseille,0.0,0.0,0.0,-,-,-,0.0,-,0.0,0.0,0.0,-,0.0,-,0.0,0.0,0.0,-,-,-,0.0
1461,Pol Lirola,Marseille,-,-,-,-,-,-,-,-,-,-,-,-,-,-,-,-,-,0.0,-,-,0.0
1506,Yuto Nagatomo,Marseille,-,-,-,0.0,0.0,-,-,-,0.0,0.0,-,0.0,0.0,0.0,0.0,0.0,0.0,-,0.0,-,0.0
3373,Pablo Martinez,Nimes,0.0,0.0,0.0,-,-,-,0.0,-,0.0,-,0.0,0.0,-,-,-,-,-,-,-,-,0.0
1670,Steve Mandanda,Marseille,0.0,0.0,0.0,0.0,0.0,0.0,0.0,0.0,0.0,0.0,0.0,0.0,0.0,0.0,0.0,0.0,0.0,-,0.0,-,0.0
2256,Jesé,Paris Saint Germain,0.0,-,-,-,-,-,0.0,-,-,-,-,-,-,-,-,-,-,-,-,-,0.0
3395,Yohann Pelé,Marseille,-,-,-,-,-,-,-,-,-,-,-,-,-,-,-,-,-,0.0,-,-,0.0
1455,Alfred Gomis,Rennes,-,-,-,-,-,-,-,0.0,0.0,0.0,0.0,0.0,-,-,-,-,-,-,-,-,0.0
3772,Maxime Lopez,Marseille,-,0.0,0.0,-,0.0,0.0,-,-,-,-,-,-,-,-,-,-,-,-,-,-,0.0
9207,Adilson Malanda,Nimes,-,-,-,-,-,-,-,-,-,-,-,-,-,-,-,-,0.0,-,-,-,0.0
6745,Christopher Rocchia,Marseille,-,-,0.0,-,-,-,-,-,-,-,-,-,-,-,-,-,-,-,-,-,0.0
7772,Marcin Bulka,Paris Saint Germain,0.0,-,-,-,-,-,-,-,-,-,-,-,-,-,-,-,-,-,-,-,0.0
7157,Lucas Buades,Nimes,-,-,-,0.0,-,-,-,-,-,-,-,-,-,-,-,-,-,-,-,-,0.0
3251,Paul Bernardoni,Angers,0.0,0.0,0.0,0.0,0.0,0.0,0.0,0.0,0.0,0.0,0.0,0.0,0.0,0.0,0.0,0.0,0.0,0.0,0.0,0.0,0.0
9147,Yaya Soumare,Lyon,-,-,-,-,-,-,-,-,-,-,-,-,-,-,-,-,0.0,-,-,-,0.0
3344,Casimir Ninga,Angers,0.0,-,-,-,-,-,-,-,-,-,-,-,-,-,-,-,-,-,-,-,0.0
6000,Tristan Dingome,Reims,-,-,0.0,-,-,-,-,-,-,-,-,-,-,-,-,-,-,-,-,-,0.0
5995,Rayan Souici,Saint-Etienne,-,-,-,-,-,-,-,-,0.0,-,-,-,-,-,-,-,-,-,-,-,0.0
7568,Bilal Benkhedim,Saint-Etienne,-,-,-,-,-,-,0.0,-,0.0,-,-,-,-,-,-,-,-,-,-,0.0,0.0
8691,Saidou Sow,Saint-Etienne,-,-,-,-,-,0.0,0.0,0.0,0.0,-,-,-,-,-,0.0,-,0.0,-,0.0,0.0,0.0
8746,Aïmen Moueffek,Saint-Etienne,-,-,0.0,0.0,0.0,-,-,0.0,0.0,0.0,-,-,-,-,-,-,-,0.0,-,0.0,0.0
8851,Abdoulaye Sidibé,Saint-Etienne,-,-,-,0.0,-,-,-,-,-,-,-,-,-,-,-,-,-,-,-,-,0.0
8879,Tyrone Tormin,Saint-Etienne,-,-,-,-,0.0,-,-,0.0,-,-,-,-,-,-,-,-,-,-,-,0.0,0.0
9236,Baptiste Gabard,Saint-Etienne,-,-,-,-,-,-,-,-,-,-,-,-,-,-,-,-,-,-,-,0.0,0.0
2242,Rubén Pardo,Bordeaux,-,0.0,-,0.0,-,-,-,-,-,-,-,-,-,-,-,-,-,-,-,-,0.0
5984,Alexandre Oukidja,Metz,0.0,0.0,0.0,0.0,0.0,0.0,0.0,0.0,0.0,0.0,0.0,0.0,0.0,0.0,0.0,0.0,-,0.0,0.0,0.0,0.0
3218,Benoit Costil,Bordeaux,0.0,0.0,0.0,0.0,0.0,0.0,0.0,0.0,0.0,0.0,0.0,0.0,0.0,0.0,0.0,0.0,0.0,0.0,0.0,0.0,0.0
3576,Maxime Poundje,Bordeaux,0.0,0.0,0.0,-,-,-,0.0,-,-,-,-,-,0.0,0.0,0.0,-,0.0,-,-,-,0.0
4803,Marc-Aurele Caillard,Metz,-,-,-,-,-,-,-,-,-,-,-,-,0.0,-,-,-,0.0,-,-,-,0.0
9212,Tom Lacoux,Bordeaux,-,-,-,-,-,-,-,-,-,-,-,-,-,-,-,-,0.0,-,-,-,0.0
6709,Yehvann Diouf,Reims,-,-,-,-,-,0.0,-,-,-,-,0.0,-,-,-,-,-,-,-,-,-,0.0
4801,Rachid Alioui,Angers,-,-,-,-,-,-,0.0,-,-,-,-,-,-,-,-,-,-,-,-,-,0.0
7718,Predrag Rajkovic,Reims,0.0,0.0,0.0,0.0,0.0,0.0,0.0,0.0,0.0,0.0,-,0.0,0.0,0.0,0.0,0.0,0.0,0.0,0.0,0.0,0.0
8003,Dario Maresic,Reims,-,0.0,0.0,0.0,0.0,-,-,0.0,-,-,0.0,-,-,-,-,-,-,-,-,-,0.0
9197,Loris Mouyokolo,Lorient,-,-,-,-,-,-,-,-,-,-,-,-,-,-,0.0,-,-,-,-,-,0.0
8692,Jerome Hergault,Lorient,-,-,-,-,-,-,-,-,-,-,0.0,0.0,-,0.0,0.0,-,0.0,0.0,-,-,0.0
8647,Thibault De Smet,Reims,-,-,-,-,-,-,0.0,0.0,-,-,0.0,-,-,-,-,0.0,-,-,-,-,0.0
8996,Mouhamadou Drammeh,Reims,-,-,-,-,-,-,0.0,-,0.0,-,-,0.0,-,-,-,-,-,-,-,-,0.0
6865,Umut Bozok,Lorient,-,0.0,0.0,0.0,-,0.0,-,-,-,-,-,-,-,-,-,-,0.0,-,-,-,0.0
1682,Islam Slimani,Lyon,-,-,-,-,-,-,-,-,-,-,-,-,-,-,-,-,-,-,-,0.0,0.0
3269,Anthony Lopes,Lyon,0.0,0.0,0.0,0.0,0.0,0.0,0.0,0.0,0.0,0.0,0.0,0.0,0.0,0.0,0.0,0.0,0.0,0.0,0.0,0.0,0.0
3433,Matthieu Dreyer,Lorient,-,-,-,-,-,-,-,-,-,-,-,-,-,-,-,-,-,-,0.0,-,0.0
3430,Paul Nardi,Lorient,0.0,0.0,0.0,0.0,0.0,0.0,0.0,0.0,0.0,0.0,0.0,0.0,0.0,0.0,0.0,0.0,0.0,0.0,-,-,0.0
5708,Fernando Marçal,Lyon,0.0,-,-,-,-,-,-,-,-,-,-,-,-,-,-,-,-,-,-,-,0.0
5973,Kenny Tete,Lyon,0.0,-,-,-,-,-,-,-,-,-,-,-,-,-,-,-,-,-,-,-,0.0
3518,Jessy Moulin,Saint-Etienne,0.0,0.0,0.0,0.0,0.0,0.0,0.0,0.0,0.0,0.0,0.0,0.0,0.0,0.0,0.0,0.0,0.0,0.0,0.0,0.0,0.0
1455,Alfred Gomis,Dijon,0.0,0.0,0.0,0.0,0.0,-,-,-,-,-,-,-,-,-,-,-,-,-,-,-,0.0
1920,Gabriel Silva,Saint-Etienne,-,-,-,-,-,-,-,-,0.0,-,-,-,-,-,-,-,-,-,-,-,0.0
1326,Assane Diousse,Saint-Etienne,0.0,-,-,-,-,-,-,-,-,-,-,-,-,-,-,-,-,-,-,-,0.0
8632,Enzo Ebosse,Angers,0.0,-,-,0.0,0.0,0.0,0.0,0.0,-,-,-,-,-,-,-,-,-,-,-,-,0.0
3201,Alban Lafont,Nantes,0.0,0.0,0.0,0.0,0.0,0.0,0.0,0.0,0.0,0.0,0.0,0.0,0.0,0.0,0.0,0.0,0.0,0.0,0.0,0.0,0.0
3299,Jean-Kevin Augustin,Nantes,-,-,-,-,-,-,-,0.0,-,0.0,-,0.0,-,-,-,-,-,-,-,-,0.0
9038,Aleksandar Radovanovic,Lens,-,-,-,-,-,-,0.0,-,-,-,-,-,-,-,-,-,-,-,-,-,0.0
8759,David Pereira Da Costa,Lens,-,-,-,-,-,0.0,-,0.0,-,-,-,-,-,-,-,-,0.0,-,-,-,0.0
8283,Batista Mendy,Nantes,-,-,0.0,-,-,-,-,-,-,-,-,-,-,-,-,-,-,-,-,-,0.0
8672,Wuilker Fariñez,Lens,-,-,-,-,-,-,-,-,-,-,-,-,-,-,-,0.0,-,-,-,-,0.0
5650,Patrick Burner,Nice,0.0,-,-,-,-,-,-,-,-,-,-,-,-,0.0,-,-,-,-,-,-,0.0
5652,Walter Benítez,Nice,0.0,0.0,0.0,0.0,0.0,0.0,0.0,0.0,0.0,0.0,0.0,0.0,0.0,0.0,0.0,0.0,0.0,0.0,0.0,-,0.0
5997,Hicham Mahou,Nice,-,-,-,-,-,-,-,-,-,-,-,-,-,-,-,-,0.0,-,0.0,-,0.0
6280,Racine Coly,Nice,-,-,-,-,-,-,-,-,-,-,-,0.0,-,-,-,-,-,-,-,-,0.0
9014,Djamel Benlamri,Lyon,-,-,-,-,-,-,-,-,0.0,-,-,-,-,-,-,0.0,-,0.0,-,-,0.0
3318,Jean-Louis Leca,Lens,0.0,0.0,0.0,0.0,0.0,0.0,0.0,0.0,0.0,0.0,0.0,0.0,0.0,0.0,0.0,0.0,0.0,0.0,0.0,0.0,0.0
7329,Eddy Sylvestre,Nice,0.0,0.0,0.0,0.0,-,-,-,-,-,-,-,-,-,-,-,-,-,-,-,-,0.0
8682,Salim Ben Seghir,Nice,-,-,-,-,-,-,-,-,-,-,0.0,-,-,-,-,-,-,-,-,-,0.0
726,Vito Mannone,Monaco,-,-,-,-,-,-,-,-,-,0.0,0.0,0.0,0.0,0.0,0.0,0.0,0.0,0.0,-,-,0.0
3451,Benjamin Lecomte,Monaco,0.0,0.0,-,0.0,0.0,0.0,0.0,0.0,0.0,-,-,-,-,-,-,-,-,-,0.0,0.0,0.0
8971,Saturnin Allagbe,Dijon,-,-,-,-,-,0.0,0.0,0.0,0.0,-,-,-,-,-,-,-,-,-,-,-,0.0
8755,Wilitty Younoussa,Dijon,-,-,0.0,0.0,-,-,-,-,-,-,-,-,-,-,-,-,-,-,-,-,0.0
8676,Aníbal Chalá,Dijon,-,0.0,0.0,0.0,0.0,0.0,0.0,-,-,-,-,-,-,-,-,-,-,-,-,-,0.0
5803,Fode Toure,Monaco,0.0,-,0.0,-,0.0,-,-,-,-,-,0.0,0.0,0.0,0.0,0.0,-,0.0,-,0.0,0.0,0.0
8155,Ahmad Toure Ngouyamsa Nounchili,Dijon,0.0,0.0,-,-,-,-,-,-,-,-,-,-,-,-,-,-,-,-,-,-,0.0
8641,Radoslaw Majecki,Monaco,-,-,0.0,-,-,-,-,-,-,-,-,-,-,-,-,-,-,-,-,-,0.0
8642,Strahinja Pavlovic,Monaco,-,-,-,-,-,-,-,-,-,-,-,-,-,-,-,0.0,-,-,-,-,0.0
6876,Senou Coulibaly,Dijon,-,-,-,-,-,-,-,-,-,0.0,0.0,-,-,-,-,-,0.0,0.0,0.0,-,0.0
6733,Anthony Racioppi,Dijon,-,-,-,-,-,-,-,-,-,0.0,0.0,0.0,0.0,0.0,0.0,0.0,0.0,0.0,0.0,-,0.0
732,Yann M'Vila,Saint-Etienne,0.0,-,-,-,-,-,-,-,-,-,-,-,-,-,-,-,-,-,-,-,0.0
8677,Lilian Brassier,Brest,-,-,-,-,-,-,-,-,-,-,0.0,-,-,-,-,-,-,-,-,-,0.0
