id,name,team,1,2,3,4,5,6,7,8,9,10,11,12,13,14,15,16,17,18,19,20,21,22,total
227,Robert Lewandowski,Bayern Munich,1.4351,0.0476,3.327,1.3053,1.2394,-,0.4076,0.2468,0.4035,0.0899,0.6276,0.794,1.0144,1.3052,0.9147,1.5116,1.4755,0.7599,0.6395,1.2272,1.2753,0.552,20.5991
6170,André Silva,Eintracht Frankfurt,1.3279,0.9958,0.9981,0.9203,0.0621,1.687,0.522,0.4344,0.4169,0.0,-,1.2492,0.4437,0.0,2.1163,0.3813,0.4018,1.4795,0.9217,0.7676,1.3875,-,16.5131
7052,Wout Weghorst,Wolfsburg,0.4153,0.0201,0.5122,0.5313,1.1755,0.1165,1.8225,0.9405,0.4688,0.9218,1.6089,0.0333,0.1838,0.4028,0.7578,0.5148,0.3634,0.3859,1.0259,1.2612,0.0244,0.0814,13.5681
8260,Erling Haaland,Borussia Dortmund,1.408,0.3264,0.5129,0.3784,0.5778,-,0.8938,1.6411,1.28,-,-,-,-,0.5252,1.6773,0.1272,0.107,0.8086,1.0121,0.5807,0.6501,0.9523,13.4589
956,Andrej Kramaric,Hoffenheim,2.2411,1.618,0.3306,-,-,-,-,1.403,0.0,0.1619,0.0,0.1118,0.5168,0.4454,0.8309,0.1432,0.7191,1.7354,0.4294,0.0778,-,0.4365,11.2009
5735,Jean-Philippe Mateta,Mainz 05,0.8108,0.0835,0.0635,0.0,0.7061,0.0,2.003,2.2795,0.4877,1.3302,0.6239,0.0,0.0,0.0,0.026,-,-,-,-,-,-,-,8.4142
7074,Nicolás González,VfB Stuttgart,-,-,-,0.0,0.0234,0.9462,1.3465,0.1645,-,-,0.4018,0.8069,0.5868,0.2036,1.3393,0.2762,-,1.0122,0.1814,0.0,-,-,7.2888
8807,Silas Wamangituka,VfB Stuttgart,0.6669,0.1266,0.0324,0.0422,0.0,0.0,0.0411,0.6665,0.1366,1.8492,1.0009,0.0521,0.2245,0.0323,0.599,0.765,-,0.4707,0.138,0.1758,0.0,0.1285,7.1483
319,Marco Reus,Borussia Dortmund,0.0,0.0642,0.4926,0.6399,0.0,0.0805,1.1247,0.1425,0.0967,-,0.0,2.3242,0.0,0.1813,0.206,1.2222,0.1122,0.0,0.0,0.0,0.0,0.1315,6.8185
208,Lars Stindl,Borussia M.Gladbach,0.0794,0.0652,0.8868,0.1519,0.6277,0.0,1.646,0.1655,0.0,0.0185,0.0,1.0064,0.8652,0.1085,0.0456,0.7795,0.0,0.0366,0.0,0.0718,0.0782,0.1447,6.7775
8812,Sasa Kalajdzic,VfB Stuttgart,0.107,0.613,0.4717,0.8787,0.0,0.0,0.0208,0.0822,0.0454,0.0,-,0.4015,0.0849,0.1057,0.0,0.2087,0.9107,0.1009,0.6063,0.7658,1.0689,0.1022,6.5744
7080,Matheus Cunha,Hertha Berlin,0.2019,0.2099,0.5868,0.9269,0.1091,0.1625,0.9661,0.8026,0.0,0.0248,-,0.0389,0.0,0.1355,-,0.0206,0.1098,1.2146,0.0451,0.2731,0.2962,0.2669,6.3913
7814,Taiwo Awoniyi,Union Berlin,-,0.091,-,0.0903,0.0,0.6301,0.0,0.3393,0.2686,0.0854,0.6489,0.383,0.8032,1.0363,0.143,0.0,0.0,0.5346,0.1129,0.1024,1.001,-,6.27
5356,Breel Embolo,Borussia M.Gladbach,-,-,0.0,0.172,0.1267,0.0,0.0342,1.2812,0.4894,0.3312,0.6891,0.0,1.0483,1.3503,0.0,0.0728,-,0.2621,0.0,0.1643,0.0,0.0,6.0216
224,Thomas Müller,Bayern Munich,0.1089,0.2988,0.0406,1.5839,0.188,0.7578,0.0,0.1344,0.0,0.7639,0.0611,0.1604,0.1964,0.0285,0.0802,0.4132,0.0672,0.6568,0.131,0.0998,-,-,5.7709
5266,Vincenzo Grifo,Freiburg,0.5671,0.172,0.3618,0.0749,0.0706,0.4304,0.0,0.1421,0.2096,0.8591,0.9584,0.0,0.7036,0.7793,0.0695,0.0217,0.0848,0.0,0.0,0.0541,0.0,0.0,5.559
6338,Lucas Alario,Bayer Leverkusen,0.0835,-,0.2887,0.189,1.1573,0.7466,0.3109,0.1824,-,-,0.7578,0.0,0.0,0.0326,0.0407,0.0,0.4577,0.2336,0.4308,-,0.4262,0.0,5.3378
6475,Lucas Höler,Freiburg,0.4233,0.2154,0.0,0.124,0.0853,0.2929,0.0512,0.4669,0.1869,1.0932,0.0656,0.0,0.8903,0.0,0.6423,0.0,0.0525,0.0,0.0538,0.0,0.0159,0.5914,5.2509
8140,Munas Dabbur,Hoffenheim,0.0446,0.5754,0.3245,0.0,0.3776,1.2961,1.0543,-,0.0,-,-,0.0,0.0782,0.0,-,0.242,0.0,0.0,0.1167,0.0,0.475,0.5409,5.1253
1236,Patrik Schick,Bayer Leverkusen,0.1379,0.0904,0.502,-,-,-,-,0.0,0.0586,1.259,0.0959,0.9661,0.0776,0.1144,0.1906,0.2756,0.0,-,0.0,0.9367,0.3505,0.0503,5.1056
4248,Nils Petersen,Freiburg,0.3206,0.0838,0.0,0.3452,0.0,0.4332,0.1324,0.4699,0.0,0.5426,0.8926,0.1029,0.828,0.078,0.0,0.4847,0.0589,0.0,0.0866,0.0,0.1358,0.0,4.9952
6531,Alexander Sørloth,RasenBallsport Leipzig,-,0.0,0.0,0.0,0.2043,0.2441,0.414,0.1998,0.8344,0.0,0.0,0.0,0.1631,0.0797,1.4472,-,0.1515,0.1954,0.117,0.6375,0.1343,0.0,4.8223
5706,Dodi Lukebakio,Hertha Berlin,0.3819,0.9456,0.0734,0.0,0.0551,0.163,0.5085,0.0398,0.4681,0.1102,0.0851,0.0453,0.6027,0.4742,0.1051,0.0349,0.0314,-,0.0411,0.4506,0.0716,0.0518,4.7394
6271,Ihlas Bebou,Hoffenheim,0.0512,0.017,0.0,0.0,-,-,0.0,0.0,0.8326,0.363,0.1389,0.0,0.0,0.4019,0.0265,0.0641,0.1392,0.2604,0.831,0.1194,1.0641,0.3678,4.6771
6145,Daichi Kamada,Eintracht Frankfurt,0.122,0.0,0.9179,0.1501,0.0201,0.3732,0.0568,0.1506,0.0406,0.2814,0.0,0.0,-,0.3417,0.0,0.0,0.5208,0.1864,0.374,0.0,0.5894,0.5142,4.6392
3300,Christopher Nkunku,RasenBallsport Leipzig,0.0403,0.0699,0.1732,0.5404,0.3289,0.0,0.1367,0.0,0.3768,0.5734,-,-,-,-,-,0.0,0.6085,0.0196,0.2559,0.321,1.0996,0.0932,4.6374
5221,Leon Bailey,Bayer Leverkusen,-,0.0,0.0,0.0663,0.497,0.24,0.4792,0.2867,0.0216,0.4656,0.4872,0.123,0.0,0.0612,0.1084,0.126,0.1008,0.0799,0.0307,0.841,0.554,0.0,4.5686
8292,Dani Olmo,RasenBallsport Leipzig,0.2011,0.0279,0.2492,0.1654,0.1382,0.0606,0.0373,0.1513,0.1172,0.0,0.26,0.0,0.1286,0.5467,0.3954,0.1145,0.0513,0.0919,0.4429,0.4746,0.8942,0.0187,4.567
155,Max Kruse,Union Berlin,0.0,0.0,0.6049,0.0,0.0585,0.8304,0.7773,1.3911,0.8534,0.0434,-,-,-,-,-,-,-,-,-,-,-,-,4.559
6345,Jadon Sancho,Borussia Dortmund,0.1343,0.1267,-,0.0911,0.0326,0.3474,0.0169,-,0.0677,0.1726,0.3624,0.4646,0.2525,0.6812,0.3899,0.0407,0.1558,0.1877,0.3225,0.2036,0.3543,0.1182,4.5227
7422,Christoph Baumgartner,Hoffenheim,0.0,0.1249,0.0,0.1555,0.0717,0.0,0.2017,0.2723,0.1209,0.1396,0.6463,0.0854,0.6946,0.0,0.026,-,0.064,0.5824,0.2426,0.0,0.0946,0.9592,4.4817
6484,Renato Steffen,Wolfsburg,0.0,0.0,-,0.0,0.7682,0.0,0.1658,0.473,0.1864,0.5271,-,-,0.1222,0.1411,0.1949,0.0743,0.0232,0.158,0.0,0.2519,0.0171,1.273,4.3762
1040,Angelino,RasenBallsport Leipzig,0.3025,0.0743,0.7185,0.829,0.1004,0.0274,0.0626,0.1066,1.0379,0.0,-,0.0,0.4037,0.0835,0.1488,0.0975,0.0,0.0353,0.1155,0.152,0.0,0.0,4.2955
158,Bas Dost,Eintracht Frankfurt,0.0901,0.1921,1.0832,0.0593,0.0,0.3156,1.0859,0.0,0.7073,0.0,0.7576,-,0.0,-,-,-,-,-,-,-,-,-,4.2911
5248,Marcel Sabitzer,RasenBallsport Leipzig,-,-,-,-,0.777,0.0637,0.7793,0.0,0.3892,0.0189,0.8607,0.0221,0.0,0.1598,0.0,0.0854,0.0382,0.23,0.117,0.4477,0.0314,0.0751,4.0955
48,Jhon Córdoba,Hertha Berlin,0.7238,0.0686,0.4468,0.2118,0.5212,0.2281,0.0486,-,-,-,-,-,-,0.5837,0.1962,0.0,0.3843,0.5607,-,-,-,-,3.9738
5250,Yussuf Poulsen,RasenBallsport Leipzig,0.7111,0.0,-,0.4897,0.1907,0.1473,0.076,0.3709,-,0.0,0.5123,0.4148,0.035,0.0,0.0216,0.0,0.0565,-,0.6597,0.1155,0.0636,0.0601,3.9248
306,Florian Niederlechner,Augsburg,0.0208,0.0717,0.7538,0.3938,0.038,-,0.1482,0.0,0.0,0.2143,0.0826,-,0.1721,0.2973,0.0615,0.0324,0.0497,0.7498,0.0,0.072,0.0,0.6341,3.7921
993,Serge Gnabry,Bayern Munich,0.8704,0.0221,0.4431,0.0,-,0.1225,0.1155,0.0203,0.0721,0.0167,0.0554,0.1106,0.1063,0.2003,-,0.1135,0.1553,0.6521,0.5631,0.1122,-,-,3.7515
5249,Emil Forsberg,RasenBallsport Leipzig,1.2037,0.0898,0.0747,0.0155,0.1856,0.0781,0.114,0.0,0.0,0.5648,0.0154,0.0,0.1083,0.9593,0.0,0.0,0.3179,0.0,-,-,-,-,3.7271
1277,Roland Sallai,Freiburg,0.7001,0.0231,0.0,0.1043,0.0775,0.0,0.1669,0.2411,-,0.3602,0.0,0.7184,0.2221,0.0,0.66,0.0821,0.335,-,-,-,-,0.0318,3.7226
373,Mats Hummels,Borussia Dortmund,0.0,0.3482,0.8766,0.0,0.1783,0.7466,0.0,0.0,0.5151,0.4281,0.1216,0.0795,0.0,0.0,0.0,0.0,0.0,0.1285,0.036,0.0,0.1672,0.0,3.6257
8792,Fabian Klos,Arminia Bielefeld,0.1016,0.0274,0.5003,0.4345,0.0,0.0,0.0422,0.0,0.4138,0.3479,0.0,0.0894,0.1052,0.0,0.1693,0.022,1.0765,0.0741,0.0452,0.0,0.04,-,3.4894
262,Leonardo Bittencourt,Werder Bremen,0.0508,0.0,0.2064,0.4276,0.1353,0.0129,0.9667,0.1303,0.6767,0.0401,0.0955,0.0097,-,0.1324,-,-,0.0672,0.3318,0.1334,0.0,0.0,-,3.4168
7090,Krzysztof Piatek,Hertha Berlin,0.0341,0.0,0.0,0.0,0.0,0.0,0.7615,0.0,0.0,0.2212,0.0711,0.0822,0.2066,0.3153,0.1757,0.1576,0.7578,0.0601,0.164,0.3881,0.0,0.0,3.3953
5222,Joel Pohjanpalo,Union Berlin,-,-,0.5201,0.0,0.7811,1.1581,0.0,-,-,-,-,-,-,-,-,-,-,-,0.0,0.3289,0.4322,0.1641,3.3845
6556,Moussa Diaby,Bayer Leverkusen,0.0941,0.1634,0.3634,0.0395,0.6332,0.0342,0.1118,0.0301,0.0,0.1795,0.0432,0.0306,0.1861,0.0,0.0402,0.0894,0.9573,0.0331,0.0,0.1985,0.0246,0.097,3.3492
6522,Cedric Teuchert,Union Berlin,0.1942,0.0721,-,-,-,0.6897,0.5622,0.0488,-,0.0,0.0531,0.0781,0.2377,0.0,0.0,0.9385,0.0,0.0,0.115,0.318,0.0,-,3.3074
8397,Florian Wirtz,Bayer Leverkusen,0.0931,0.5064,0.0,-,0.381,0.0,0.0232,0.0,0.057,0.0998,0.5977,0.5546,0.0,0.0,-,-,0.1086,0.0355,0.3101,0.5334,0.0,0.0,3.3004
7295,Joshua Sargent,Werder Bremen,0.0416,0.7454,0.0,0.0675,0.0,0.4714,0.0907,0.9962,-,0.0,0.033,0.0,0.4543,0.0959,0.0,0.1104,0.0466,0.016,0.106,0.0,0.0,-,3.275
3310,Alassane Pléa,Borussia M.Gladbach,0.0,0.3724,0.2474,-,0.1062,0.4565,0.0,-,0.7256,0.1581,0.0,0.0,-,0.0,-,0.0644,0.1004,0.382,0.0655,0.0,0.283,0.2263,3.1878
6098,Niclas Füllkrug,Werder Bremen,0.138,1.9677,0.0129,1.002,0.0,-,-,-,-,-,-,-,-,0.0,0.0,-,-,-,-,-,0.0,-,3.1206
320,Jonas Hofmann,Borussia M.Gladbach,0.3535,0.0366,0.2534,0.8327,0.7578,0.0,0.0,-,-,-,-,-,-,0.0748,0.7077,0.0319,0.0,0.0265,0.0,0.0,0.0,0.0426,3.1175
7880,Sebastian Andersson,FC Cologne,1.0988,0.2473,0.0789,0.1027,1.1546,0.035,0.2703,0.0727,-,0.0,-,0.0,-,-,-,-,-,-,-,-,-,-,3.0603
316,Gonzalo Castro,VfB Stuttgart,0.5063,0.0,0.062,0.0188,0.0,0.0498,0.4883,0.1025,0.0404,0.1131,-,0.8968,0.0,0.0,0.4535,0.0794,-,0.0981,0.0,-,-,0.1016,3.0106
7883,Marcus Ingvartsen,Union Berlin,0.2023,0.0428,0.4573,0.0,0.0981,-,-,0.4445,0.0,0.0,0.043,-,-,0.0,0.0256,0.0,0.1078,0.8116,0.1257,0.0738,0.4302,0.1116,2.9743
5992,Marcus Thuram,Borussia M.Gladbach,0.0,0.1141,0.2836,0.0494,0.2708,0.0,0.5371,0.0,1.0633,0.0,0.0481,0.0081,0.1209,-,-,-,-,0.1168,0.35,0.0,-,0.0,2.9622
8809,Mateo Klimowicz,VfB Stuttgart,0.2946,0.7149,0.0931,0.0,-,0.3628,0.0721,0.0,0.0639,-,0.6366,0.0696,0.0549,0.0,0.3327,0.0,0.0684,0.0738,-,0.0962,0.0,0.0,2.9336
337,Leroy Sané,Bayern Munich,0.4449,0.4602,-,-,0.0347,0.0,0.1187,0.0,0.0476,0.0,0.1806,0.0605,0.0,0.7601,0.0737,0.3713,0.0,0.0907,0.0185,0.105,0.0894,0.0554,2.9113
9160,Matthew Hoppe,Schalke 04,-,-,-,-,-,-,-,-,0.0931,0.0731,-,0.0,-,0.0542,1.5798,0.0599,0.3727,0.0,0.2887,0.0754,0.0,0.2925,2.8894
335,Leon Goretzka,Bayern Munich,0.4681,0.027,0.0175,0.0479,0.5279,-,0.3517,0.0,0.0504,0.0,0.0,-,-,0.0,0.0486,0.5763,0.1532,0.3971,-,-,-,0.1847,2.8504
7289,Amin Younes,Eintracht Frankfurt,-,-,-,0.1899,0.0,0.0446,0.0,-,-,-,0.0,0.1176,0.4327,0.7396,0.0,0.0805,0.1072,0.2096,0.1189,0.0,0.0582,0.6187,2.7175
7108,Jonathan Burkardt,Mainz 05,0.0204,0.0,0.0,0.0968,0.0,0.0996,0.4771,-,0.055,0.045,0.0,0.0,-,0.2776,0.8927,0.1465,0.1699,0.0,0.0671,0.0,0.0,0.3242,2.6719
64,Filip Kostic,Eintracht Frankfurt,0.0,0.0,-,-,-,-,0.0303,0.0398,0.0461,0.0797,0.5959,0.0,0.8312,0.156,0.0892,0.0,0.0213,0.4278,0.0821,0.0528,0.0352,0.1059,2.5933
3455,Raphael Guerreiro,Borussia Dortmund,-,0.175,0.0,0.0631,0.1098,0.3635,0.0,0.7736,-,-,0.025,0.1502,0.0,0.0,0.1668,0.0196,0.0,0.2268,0.0164,0.0,0.0,0.4808,2.5706
5273,Kerem Demirbay,Bayer Leverkusen,0.0,0.0194,0.0494,0.0,-,0.0311,-,0.0,0.1887,-,-,0.0156,0.0,0.0,0.0923,0.1335,0.0481,0.0,0.0194,1.3615,0.579,0.0253,2.5633
3603,Corentin Tolisso,Bayern Munich,0.5514,0.0,0.37,0.0606,-,-,0.0958,-,0.0,-,0.0,0.0,0.0,1.0615,-,0.0147,0.0,-,-,0.0,0.4007,-,2.5547
6096,Sergio Córdova,Arminia Bielefeld,0.1499,0.0,0.0583,-,0.0524,0.0,0.0,-,-,0.0,0.0,0.0764,0.358,0.604,0.0987,0.0761,0.4338,0.037,0.5134,0.0844,0.0,-,2.5424
140,Yannick Gerhardt,Wolfsburg,0.0,0.0199,0.1378,0.019,0.0,0.0807,0.0,-,-,-,-,-,0.4101,0.2372,0.8521,0.0,0.0,0.0,0.5772,0.0,0.2074,0.0,2.5414
6357,Marco Richter,Augsburg,-,-,-,0.0,0.0,-,0.0,0.0,0.0625,0.2498,0.7505,0.1541,0.31,0.1364,0.6734,-,0.0838,0.0349,0.0359,0.0,0.0,0.0,2.4913
157,Daniel Caligiuri,Augsburg,0.0263,0.486,0.0444,0.0229,0.1669,0.0,0.0,0.1054,0.0218,0.2197,0.019,0.0,0.0235,0.0593,0.0761,0.065,0.0994,0.0,0.0737,0.1085,0.7578,0.1114,2.4871
5257,Willi Orban,RasenBallsport Leipzig,-,-,0.2511,0.0,0.5827,0.0,0.0,0.0,0.0,0.0,0.0,0.0,0.1105,0.1171,0.0,0.9718,-,0.0,0.0,0.0408,0.0208,0.378,2.4728
8791,Ritsu Doan,Arminia Bielefeld,0.0175,0.0,0.0351,0.2414,0.0277,0.0,0.0648,0.0,0.7625,0.1568,0.0,0.1698,0.0464,0.0488,0.1672,0.3472,0.3052,0.05,0.0201,0.0,0.0,-,2.4605
5353,Josip Brekalo,Wolfsburg,0.2392,0.1702,0.1084,0.3306,-,0.041,0.4003,0.3284,0.1895,0.0178,0.078,0.1443,0.2301,0.013,0.041,0.0,0.0,0.0977,0.0,0.0225,-,0.0,2.452
412,André Hahn,Augsburg,0.4778,0.0,0.0181,0.0,0.0,1.0233,0.0072,0.0,0.1102,-,-,-,-,0.0,0.0,0.1228,0.0,0.2082,0.183,0.1517,0.1219,0.0,2.4242
2655,Alfred Finnbogason,Augsburg,0.0,0.2023,0.3754,-,-,0.0,0.0,0.3623,-,-,0.0,0.0,0.6953,-,-,0.0208,0.7577,0.0,-,-,-,-,2.4138
226,Kingsley Coman,Bayern Munich,-,0.0174,-,0.1199,0.127,-,0.1354,0.4012,0.1705,0.0839,0.1085,0.1182,0.0,-,0.0427,0.128,0.0656,0.0307,0.1732,0.2305,0.0744,0.3801,2.4072
3347,Ellyes Skhiri,FC Cologne,0.0396,0.0,0.0481,0.0,0.0502,0.0,-,0.6726,1.333,0.0,0.0,0.0139,0.0,0.0,0.0,0.0,0.0,0.1283,0.0846,0.0,0.0,0.0,2.3703
5659,Nordi Mukiele,RasenBallsport Leipzig,0.0,0.0183,0.7853,0.0829,0.0,-,0.1367,-,0.0,0.0,0.0,0.0,0.1638,-,-,0.5355,0.0,0.08,0.0,0.4841,0.0,0.0802,2.3668
6496,Ermedin Demirovic,Freiburg,-,0.0,-,0.0,0.0,0.0,-,0.0,0.0205,0.2483,0.0,0.0662,0.0712,0.1112,0.5827,0.0564,0.1639,0.7598,0.0675,0.0543,0.0,0.1289,2.3309
2631,Karim Onisiwo,Mainz 05,0.0317,0.1212,0.0634,0.0,-,0.6255,0.0,0.3105,0.0,0.0541,0.1706,0.0103,0.0214,0.0,0.0875,0.0163,0.0734,0.1241,0.0624,0.1984,0.2688,0.0495,2.2891
1275,Robin Quaison,Mainz 05,0.0,0.5706,0.0,0.0,0.2071,0.1146,0.0,0.0315,0.6571,0.0414,0.2145,0.0,0.1157,0.229,0.0363,0.0148,0.0,0.0374,0.0138,-,-,-,2.2838
88,Mark Uth,Schalke 04,0.0,0.0797,0.1387,-,-,0.0097,0.5073,0.0289,0.0866,0.1007,0.0644,-,-,0.4302,0.0,0.0,0.149,0.5323,0.0428,0.0173,-,-,2.1876
212,Nico Elvedi,Borussia M.Gladbach,0.0,0.0,0.0,0.4037,0.0,0.0,0.0161,0.0,-,-,0.0,0.0,0.0,0.0,0.0,0.0,0.3285,1.3948,0.0,-,0.0,0.0,2.1431
5240,Ondrej Duda,FC Cologne,0.1016,0.0604,0.0,0.6254,0.082,0.0,0.0102,0.0227,0.0,0.4605,0.0422,-,0.0067,0.0454,0.0,0.0343,0.056,0.0422,0.1574,0.3018,0.0,0.0939,2.1427
5989,Moussa Niakhate,Mainz 05,0.0,0.0,-,0.0,0.0,0.0,0.0,0.0,0.0,0.0,0.0,0.0,0.0,-,0.0,0.1537,0.0169,1.1696,0.0,0.7576,0.0,0.0,2.0978
2693,Marius Wolf,FC Cologne,-,-,0.046,0.0141,0.0105,0.0306,0.0365,0.0,0.1122,0.0,0.081,0.0296,0.0,0.167,0.1278,0.1279,0.0926,0.557,0.6265,-,0.0266,0.0,2.0859
9133,Youssoufa Moukoko,Borussia Dortmund,-,-,-,-,-,-,-,0.0,0.3212,0.0781,0.06,0.5575,0.7191,-,-,0.0576,0.0,0.0245,-,0.264,0.0,0.0,2.082
300,Daniel Didavi,VfB Stuttgart,0.1373,0.6642,0.0,0.0,0.0892,-,0.0,0.1415,-,-,-,0.0,0.0,-,0.4312,0.0335,0.1344,0.4338,-,-,0.0,-,2.0651
420,Patrick Herrmann,Borussia M.Gladbach,0.0451,0.068,0.0766,0.0,0.5055,0.0706,0.0,0.0979,0.0858,0.6197,0.2995,-,0.0,0.1964,0.0,0.0,0.0,0.0,0.0,0.0,-,-,2.0651
8855,Bartosz Bialek,Wolfsburg,-,-,-,-,-,0.0,-,0.0,0.582,-,0.5463,0.4131,0.1426,0.0,-,-,0.3702,0.0,0.0,0.0,-,0.0,2.0542
7109,Leandro Barreiro Martins,Mainz 05,0.0,0.0178,-,-,0.0,-,0.0,0.1825,0.0,0.0,-,0.4951,0.0,0.0258,0.0163,0.0,0.0,0.4754,-,0.0177,0.7042,0.0773,2.0121
9076,Philipp Förster,VfB Stuttgart,-,-,-,-,-,0.0,-,0.0,0.4895,0.079,0.515,0.0773,-,0.0,0.612,-,0.0787,-,0.0,0.0,0.0,0.1541,2.0056
7059,Benito Raman,Schalke 04,0.0453,0.11,-,0.0384,0.0,0.0815,0.0,0.1601,0.3724,0.2155,0.5425,0.0894,0.0851,-,0.0,0.0317,0.1919,0.029,-,0.0,0.0,0.0,1.9928
8146,Ismail Jakobs,FC Cologne,-,-,-,0.6023,0.7851,0.1643,0.0,0.0304,0.0802,0.0422,0.0328,0.0582,-,-,0.0,0.0,-,0.0,0.0215,0.0628,-,0.0702,1.95
223,Joshua Kimmich,Bayern Munich,0.558,0.0586,0.0,-,0.0654,0.0724,0.0,-,-,-,-,-,0.0,0.6369,0.0711,0.0484,0.0482,0.1721,0.1129,0.0,0.0,0.0648,1.9088
261,Julian Brandt,Borussia Dortmund,0.0,0.0,0.1331,0.0,0.0,0.3547,0.0,0.0,0.0,0.1143,0.0,0.0,0.0,-,0.0,0.1751,0.7065,0.0,0.3887,0.0196,0.0,0.0,1.892
7501,Amadou Haidara,RasenBallsport Leipzig,0.474,0.0,0.1477,-,-,0.0174,0.0,0.083,0.0861,0.0,0.025,0.0,0.1185,0.6997,0.0227,0.0933,0.0157,0.0,0.0,0.0,0.092,0.0,1.8751
6708,Bote Baku,Wolfsburg,-,-,0.0,0.2969,0.0,0.0543,0.0,0.0987,0.039,0.0598,0.0335,0.0671,0.0308,0.0851,0.0,0.0,0.0819,0.3945,0.0,0.3673,0.1152,0.0917,1.8158
7786,Rafael Czichos,FC Cologne,0.0,0.7435,0.0,0.0,0.0,0.0,0.0,0.1237,0.0,-,-,-,-,0.0,0.0,0.0,0.5221,-,0.0566,0.0,0.3697,0.0,1.8156
4280,Davie Selke,Werder Bremen,0.1394,0.0,0.0,0.0,-,-,-,-,0.0,0.0937,-,-,-,0.7227,0.0,0.0,0.0645,0.7577,-,0.0,-,-,1.778
5235,Aymen Barkok,Eintracht Frankfurt,0.0192,0.3481,0.0,0.0318,0.0,0.0,0.0,0.1295,-,0.3801,0.0,0.6589,0.0,0.0,0.0,0.1768,0.0,-,0.0243,-,-,0.0,1.7687
5654,Baptiste Santamaria,Freiburg,-,0.152,0.0295,0.0189,0.0,0.0263,0.0,0.01,0.0,0.0658,0.1165,0.0433,0.0318,0.8879,0.0728,0.0,-,-,0.2185,0.0,0.0462,0.0,1.7195
3431,Almamy Touré,Eintracht Frankfurt,-,0.0102,0.3573,0.0928,0.2745,0.0,0.0,-,-,-,-,-,-,0.0,0.0,0.0,0.2022,0.0,0.0,0.0,0.0,0.7749,1.7119
6963,Justin Kluivert,RasenBallsport Leipzig,-,-,-,0.0,0.0341,-,-,0.0,-,0.3879,0.7277,0.0,-,-,-,0.5571,-,0.0,0.0,-,-,0.0,1.7068
7810,Ruben Vargas,Augsburg,0.4852,-,0.0296,0.0,0.1025,0.5115,0.0778,0.0,0.1059,0.0314,0.0102,0.0615,0.0,0.0,0.1378,0.0,0.0,-,0.0,0.0,0.0269,0.12,1.7003
7058,Kevin Stöger,Mainz 05,-,-,-,-,-,0.0,-,-,0.0,0.8999,0.0,0.2132,0.0,0.0,0.0,0.0,-,0.0442,0.0,-,0.5092,0.0226,1.6891
137,Anthony Modeste,FC Cologne,-,-,-,0.0571,0.0,-,-,-,-,-,0.4059,0.0148,-,0.051,0.0,0.0,-,1.1559,-,-,-,-,1.6847
290,Mijat Gacinovic,Hoffenheim,0.0,0.0,0.0,0.4648,0.0,0.0417,0.2292,0.0,0.0,0.0,0.0,0.0,-,-,0.44,0.0,0.0,0.0208,0.0,0.0198,0.4673,-,1.6836
7877,Robert Andrich,Union Berlin,0.0131,0.0198,0.0,0.052,0.0876,0.0,0.0687,0.0,0.5649,0.0,-,-,-,0.0324,0.2703,0.0209,0.0,0.2042,0.0921,0.0926,0.0586,0.0773,1.6545
8418,Jamal Musiala,Bayern Munich,0.1076,0.0,0.0,0.0953,1.0082,-,-,0.1134,-,0.0369,0.0,0.0,0.0839,0.0,-,0.0,0.0,0.1274,0.0,-,-,0.0507,1.6234
8191,Giovanni Reyna,Borussia Dortmund,0.081,0.0347,0.0934,0.6135,0.1539,0.0,0.0561,0.1136,0.0,0.218,0.0464,0.1054,0.0178,0.0227,0.0,-,0.0,0.0,0.0533,0.0,0.0,0.0,1.6098
7065,Florian Neuhaus,Borussia M.Gladbach,0.0161,0.0065,0.2634,0.5277,0.0,0.0,0.0,0.0818,0.0948,0.0234,0.0844,-,0.0733,0.0382,0.0658,0.1677,0.0222,0.0532,0.0,0.0832,0.0,0.0,1.6017
6445,Elvis Rexhbecaj,FC Cologne,0.0,0.0205,0.0527,0.0,0.0365,-,0.02,0.0731,0.0,0.0312,0.26,0.0,0.0575,0.0357,0.0,0.0,0.0,0.0,0.4205,0.4411,0.0148,0.1331,1.5967
6490,Manuel Akanji,Borussia Dortmund,0.0,0.0,0.0,-,0.2635,0.439,0.0,0.0,0.0,-,0.0,0.414,0.0714,0.2519,0.0,0.0,0.0553,0.0438,0.0,0.0445,0.0,-,1.5834
7789,Dominick Drexler,FC Cologne,1.0204,0.0,0.0,-,-,0.3475,0.0,0.0,0.0,0.0,0.0,-,0.0801,0.0,-,0.0,0.074,0.0,0.0,-,0.0,0.0555,1.5775
7107,Jean-Paul Boëtius,Mainz 05,0.0,0.1429,0.0,0.0291,0.487,0.018,0.0167,0.3069,0.3747,0.1903,0.0,-,0.0,0.0,0.0,0.0,0.0092,-,0.0,-,0.0,0.0,1.5748
7882,Sheraldo Becker,Union Berlin,0.0359,0.3081,0.0,0.0124,0.1041,-,0.2502,0.0,0.0434,0.0,0.0487,0.2156,0.0815,0.0874,0.3668,0.0094,-,0.0,-,-,-,-,1.5635
5254,Marcel Halstenberg,RasenBallsport Leipzig,0.1219,-,0.833,0.0,-,-,-,-,0.0,-,0.0,0.0,0.0,0.0,0.009,0.0136,0.0154,0.5379,0.0,0.0,0.0,0.0283,1.5591
8796,Christian Gebauer,Arminia Bielefeld,0.0,-,-,0.2981,-,-,-,-,-,-,0.0,0.0,0.1607,0.0,0.0,0.0,0.0,0.0363,-,0.9243,0.1318,-,1.5512
2668,Martin Hinteregger,Eintracht Frankfurt,0.5488,0.0088,0.1099,0.0088,0.0,0.0,0.0882,0.1345,0.0,0.0,0.0,0.0424,0.1021,0.0,0.0,0.0189,0.0339,0.0,0.1051,0.3018,0.0296,0.0,1.5328
7783,Xaver Schlager,Wolfsburg,0.0434,0.0,0.1274,0.0,0.0,0.0652,0.0174,0.7565,0.0,0.1318,0.0605,0.0761,-,0.1312,0.0,0.0,0.0,0.0,0.0,0.0,0.0843,0.0314,1.5252
82,Nadiem Amiri,Bayer Leverkusen,0.0,0.0,0.0,0.0947,0.0381,0.1257,0.0519,0.0,-,0.1814,0.0714,0.0871,0.044,0.4541,0.0355,0.1124,0.1459,0.0651,-,-,0.0,-,1.5073
8813,Tanguy Coulibaly,VfB Stuttgart,-,0.0,0.0,0.0,0.3171,0.028,0.0833,0.1214,0.3718,0.0,0.4153,0.0,0.0,0.0,0.0698,0.0,0.0637,0.0339,0.0,0.0,0.0,0.0,1.5043
3834,Ishak Belfodil,Hoffenheim,0.0,-,0.0,0.148,-,0.0276,0.3654,-,-,-,0.0,0.0,0.0,0.051,0.473,0.0,-,-,0.0,0.4207,-,-,1.4857
116,Florian Grillitsch,Hoffenheim,-,0.0,0.0,0.0,-,0.0672,0.1314,0.0,0.0,0.6724,0.4395,-,0.1639,-,-,-,-,-,0.0,0.0,0.0,0.0,1.4744
43,Danny Latza,Mainz 05,0.0659,0.0,0.0,0.0,0.0591,0.0436,0.0,-,-,-,0.1138,0.0,0.0,0.6224,0.0443,0.118,0.0,0.0,0.0,0.0333,0.2072,0.0577,1.3653
8845,Hee-Chan Hwang,RasenBallsport Leipzig,0.0,0.4419,-,0.0753,-,0.039,0.0,-,-,-,-,-,-,-,0.0,-,-,0.0,-,0.4115,-,0.3907,1.3584
7267,Woo-Yeong Jeong,Freiburg,0.1225,0.0,0.0,0.0669,0.0,0.0,0.0973,-,-,-,0.3339,0.1081,0.0319,-,0.0,-,0.0,0.52,0.0,0.0441,0.0303,0.0,1.355
42,Julian Baumgartlinger,Bayer Leverkusen,0.0,-,0.0,0.0,0.0,0.0,0.4774,0.7186,0.0,0.0594,0.0,0.0,0.0,0.0,0.0511,0.0391,-,0.0,-,-,-,-,1.3456
171,Michael Gregoritsch,Augsburg,0.3277,0.0,0.5621,0.0,0.0154,0.134,0.0173,0.0,0.0676,0.0,0.0,0.0,0.2158,0.0,0.0,0.0,-,-,0.0,-,-,-,1.3399
3349,Ramy Bensebaini,Borussia M.Gladbach,0.0,0.5795,0.0429,0.0,-,0.0,0.4341,-,-,-,-,-,-,0.0,0.0216,0.0,0.0,0.0621,0.0727,0.0294,0.0846,0.0,1.3269
7051,Gonçalo Paciência,Schalke 04,0.0744,0.0693,0.0,0.019,0.0614,0.0383,0.3574,0.7027,-,-,-,-,-,-,-,-,-,-,-,-,-,-,1.3225
7522,Nassim Boujellab,Schalke 04,-,0.3763,-,-,-,-,-,-,0.0,0.0347,0.6036,0.1275,0.0606,-,-,-,0.0,0.0,0.0,0.0,0.1069,0.0,1.3096
2611,Philipp Lienhart,Freiburg,0.0,0.0293,0.0,0.1467,0.0,0.0,0.0,0.0,0.0,0.4665,0.0486,0.0,0.0,0.0456,0.5586,0.0,0.0,0.0,0.0,0.0,0.0,0.0,1.2953
153,Maximilian Arnold,Wolfsburg,0.0,0.0214,0.0442,0.0311,0.4142,-,0.0166,0.0386,0.0266,0.0715,0.1377,0.0064,-,0.1036,0.0257,-,0.0565,0.0,0.0515,0.1458,0.0334,0.0572,1.282
8205,Jan Thielmann,FC Cologne,0.1137,0.0225,0.0193,-,-,0.0469,0.0,0.0,0.1515,0.4693,0.0,0.0,0.0611,0.0,0.0,-,0.3348,0.0,0.0,0.0,0.0,-,1.2191
8171,Hannes Wolf,Borussia M.Gladbach,0.0,0.0593,0.0,0.0,0.0,0.0881,0.512,0.2196,0.1074,0.0,0.0716,0.0,0.0,0.0,0.0,0.0,0.1376,0.0,0.0,0.0,0.0,0.0,1.1956
339,Eric Maxim Choupo-Moting,Bayern Munich,-,-,-,0.0,0.0,0.0403,-,0.7029,-,-,0.0,-,-,0.0,-,0.0,-,0.0,0.0,0.0,0.3216,0.1146,1.1794
269,Dominik Kohr,Eintracht Frankfurt,0.0633,-,-,-,-,0.0,1.107,0.0,-,0.0,-,0.0,-,0.0,-,-,-,-,-,-,-,-,1.1703
22,John Brooks,Wolfsburg,0.5189,0.0,0.1572,0.0,0.0,0.0,0.0,0.0,0.0526,0.0,0.0,-,0.0,0.0,0.0,0.1058,0.0169,0.0,0.1207,0.0221,0.0334,0.125,1.1526
4291,Marc-Oliver Kempf,VfB Stuttgart,0.094,0.329,0.0,0.4037,0.0,0.0,0.0218,0.0594,0.0,0.0,0.0,0.0,0.0414,0.0,0.0206,0.0611,0.0,0.0638,0.0,0.0406,-,0.0,1.1354
176,Sven Schipplock,Arminia Bielefeld,0.0374,0.0,0.0175,0.0247,0.4081,0.0,0.0,0.0,0.0,0.0934,0.0708,0.1271,0.0,0.0,0.0427,0.1107,0.0,0.0,0.1857,-,0.0,-,1.1181
7791,Sebastiaan Bornauw,FC Cologne,0.0,0.2415,0.0,0.0,0.1014,0.0,0.0749,-,0.0,0.0535,0.0,0.0551,0.0,0.0743,0.0,0.0463,0.1266,0.3391,-,-,-,-,1.1127
6100,Felix Uduokhai,Augsburg,0.0689,0.6759,0.0,0.0,0.0,0.0687,0.0,0.0,0.0,0.0,0.0,0.0,0.0,0.0778,0.0,0.0,0.1801,0.0,0.0,0.0363,-,0.0,1.1077
6088,Orel Mangala,VfB Stuttgart,0.1479,0.0917,0.0241,0.0,0.0615,0.0548,0.0119,0.0,0.1184,0.0326,0.0203,-,0.0599,0.045,0.0996,0.0781,0.0,0.1442,0.0,0.0825,0.0238,0.0,1.0963
8853,Maxence Lacroix,Wolfsburg,0.0,-,0.0438,0.0,0.1775,0.0,0.0,0.0411,0.0,0.0665,0.127,0.0,0.4322,0.0,-,0.0446,0.0,0.0,0.1599,0.0,0.0,0.0,1.0926
307,Suat Serdar,Schalke 04,0.0,-,0.0093,-,-,-,-,0.0,0.0203,0.0983,0.1578,0.1108,0.0182,0.1558,0.0502,0.0,0.1085,0.119,-,0.0,0.0658,0.1762,1.0902
7900,Sargis Adamyan,Hoffenheim,-,-,-,-,0.0,0.0961,0.6549,-,-,-,-,-,0.1897,0.0,0.011,0.0554,0.0,0.0,-,-,-,0.0642,1.0713
604,Emre Can,Borussia Dortmund,0.0,0.0812,0.0899,0.0,-,-,-,0.0,0.0785,0.0382,0.0154,0.0,0.1109,0.0,0.1347,0.0,-,0.4676,-,0.0467,0.0,0.0,1.0631
7049,Evan Ndicka,Eintracht Frankfurt,-,-,-,-,-,-,-,0.0,0.0,0.0,0.0,-,-,0.0146,0.0,0.1608,0.0,0.0,0.0956,0.1284,0.636,0.0,1.0354
4340,Grischa Prömel,Union Berlin,0.0106,0.1094,0.0,0.1154,-,-,-,0.0652,0.0,0.0,0.022,0.0,0.0941,0.0651,-,0.0271,-,0.0,-,-,0.0,0.5167,1.0256
38,Daniel Brosinski,Mainz 05,0.0919,0.0,0.05,0.0,0.0498,0.0,0.7882,0.0,0.0,-,0.0433,-,-,0.0,0.0,-,-,-,-,-,-,-,1.0232
188,Kevin Kampl,RasenBallsport Leipzig,0.0471,0.4823,0.0257,-,0.0352,0.0,0.0322,0.0,0.0,0.0,0.0,0.0,0.3502,0.0,-,0.0,0.0231,-,0.0,0.0172,0.0,-,1.013
29,Vedad Ibisevic,Schalke 04,-,0.9891,0.0,0.0,-,-,0.0,-,-,-,-,-,-,-,-,-,-,-,-,-,-,-,0.9891
7376,Ozan Kabak,Schalke 04,0.0,0.0,-,-,-,-,0.7212,-,0.0,0.0425,0.0,0.0158,0.0193,0.0,0.0179,0.0,0.0556,0.0991,0.0,-,-,-,0.9714
6722,Konstantinos Mavropanos,VfB Stuttgart,-,-,0.0543,-,-,-,-,-,0.0,0.0,0.0,0.0858,-,0.0874,-,-,-,0.4853,0.0595,0.0,0.1128,0.0782,0.9633
7054,Steven Skrzybski,Schalke 04,0.0,-,-,0.0296,-,-,0.0195,0.0116,0.1265,0.7745,0.0,-,0.0,0.0,-,-,-,-,-,-,-,-,0.9617
2640,Erik Durm,Eintracht Frankfurt,-,-,-,-,-,-,-,0.0,0.0389,0.1065,0.0282,0.0411,0.0207,0.0,0.1174,0.4051,-,0.1266,-,0.0,0.0709,-,0.9554
6228,Luka Jovic,Eintracht Frankfurt,-,-,-,-,-,-,-,-,-,-,-,-,-,-,-,0.7401,0.077,0.1341,0.0,0.0,0.0,0.0,0.9512
315,Matthias Ginter,Borussia M.Gladbach,0.0,0.1784,0.0,0.0,0.34,0.0,0.0,0.0,0.0175,0.0,0.103,0.0742,0.0,0.0516,0.0695,0.0,0.0568,0.0334,0.0226,0.0,0.0,0.0,0.947
9326,Robert Glatzel,Mainz 05,-,-,-,-,-,-,-,-,-,-,-,-,-,-,-,-,-,-,-,0.5567,0.3533,0.0,0.91
125,Maximilian Eggestein,Werder Bremen,0.0245,0.0,0.0,0.0,0.0761,0.0179,0.0,0.416,0.0,0.0292,0.0,0.0,0.1202,0.0667,0.0,0.0844,0.0,0.0121,0.0328,0.0,0.0,-,0.8799
443,Peter Pekarík,Hertha Berlin,0.4758,0.0,0.0,0.0,0.0,0.0492,0.0,0.0,0.0,0.3104,0.0207,0.0,0.0,0.0,0.0,0.0208,0.0,0.0,-,0.0,0.0,-,0.8769
360,Ádám Szalai,Mainz 05,-,-,-,-,-,-,-,-,-,-,-,-,-,0.0,0.0,0.0,0.0,0.0,0.0,0.6435,0.1314,0.0986,0.8735
370,Marvin Friedrich,Union Berlin,0.0,0.0,0.0385,0.0362,0.1295,0.0,0.0,0.0191,0.0335,0.0616,0.0522,0.0807,0.2066,0.0,0.0,0.1171,0.0,0.0,0.0394,0.0,0.0,0.0576,0.872
7879,Marius Bülter,Union Berlin,0.4855,0.0,0.0,0.0407,0.0,0.0,-,-,0.0535,0.0,0.1056,0.0,0.0234,-,0.1274,0.0,0.014,0.0,0.0,-,-,0.0101,0.8602
7876,Christopher Lenz,Union Berlin,0.0282,0.0457,0.0119,0.4845,0.0271,0.0352,0.0,0.0,0.0228,0.0137,0.0,0.0893,0.0,0.0,0.0,0.0,0.0,0.0,-,-,-,0.1005,0.8589
2645,Marcel Hartel,Arminia Bielefeld,0.0,0.0155,0.0149,0.153,0.1001,0.178,0.0856,0.0,0.0,0.0673,0.0,0.1033,0.0,0.0265,0.067,0.0404,0.0,0.0,0.0,-,-,-,0.8516
3743,Lucas Tousart,Hertha Berlin,0.0359,0.0786,0.0,0.1179,0.1013,0.056,-,-,-,0.0,0.0,0.104,-,0.127,0.0,0.0633,0.0128,0.0,0.0743,0.0,0.0629,0.0175,0.8515
206,Oscar Wendt,Borussia M.Gladbach,0.0,0.0,-,0.0,0.0358,0.0,-,0.034,0.2618,0.4815,0.0,0.0,-,0.0362,0.0,-,0.0,-,-,0.0,-,-,0.8493
6523,Milot Rashica,Werder Bremen,-,-,-,0.0,-,0.0181,0.0491,0.0885,0.022,-,-,-,-,-,-,0.0,0.128,0.2307,0.0243,0.1974,0.0692,-,0.8273
184,Ömer Toprak,Werder Bremen,-,-,-,0.0,-,0.0,0.0141,0.0,0.0,0.0,0.0518,0.0,0.0,0.0,0.4707,0.0,0.0458,0.045,0.1198,0.0,0.0408,-,0.788
4247,Maximilian Philipp,Wolfsburg,-,-,-,0.0,0.1826,0.0,0.0,0.0,0.0,0.072,0.0672,0.3468,-,-,-,0.0321,0.0778,-,-,0.0,-,0.0,0.7785
5717,Amine Harit,Schalke 04,0.0,-,-,0.0,0.0,0.0,0.0,0.0,-,-,-,0.0152,0.0,0.023,0.3924,0.0439,0.0897,0.0,0.0,0.0,0.1146,0.0972,0.776
5242,Stefan Ilsanker,Eintracht Frankfurt,0.0202,0.0131,0.0,0.0126,0.0,0.0636,0.1278,0.0,0.0749,0.0,0.0,0.0,0.4634,-,0.0,-,-,0.0,-,0.0,-,0.0,0.7756
421,Lars Bender,Bayer Leverkusen,0.0,0.0117,-,0.0,0.0,0.0,0.0,0.0,0.7038,0.0526,0.0,-,-,-,0.0,-,0.0,0.0,-,-,-,-,0.7681
7352,Tyler Adams,RasenBallsport Leipzig,0.0,0.0,-,0.0,-,-,0.0,0.0,0.0,0.0,0.0,0.0,0.0,0.0,0.0312,-,0.0,0.7065,0.0261,0.0,0.0,0.0,0.7638
7831,Stefan Lainer,Borussia M.Gladbach,0.0162,0.0,0.0129,0.0,0.2864,0.0,0.0108,0.0,0.0,0.0161,0.0342,0.0,0.0,0.1258,0.0,0.0,0.0,0.0,0.0698,0.0,0.0764,0.115,0.7636
8824,Jude Bellingham,Borussia Dortmund,0.0,0.0938,0.0186,0.0,-,0.1539,0.0653,0.1341,-,0.0,0.0157,0.0,0.0,-,-,0.1959,0.0,0.0657,0.0,0.0,0.019,0.0,0.762
418,Niklas Stark,Hertha Berlin,0.0,0.239,0.0,0.0,0.0,0.0713,0.0651,0.1878,0.0,0.0,0.0,0.0596,0.0812,0.0,0.0233,0.0,0.0,0.0,0.0,0.0,0.0298,0.0,0.7571
283,David Abraham,Eintracht Frankfurt,0.067,0.0144,0.0,0.0833,-,0.0344,0.437,0.0,0.0,0.0,0.0,0.0181,-,0.0096,0.0911,0.0,-,-,-,-,-,-,0.7549
2276,Lucas Hernández,Bayern Munich,0.0,-,0.0,0.0208,0.6885,-,0.0,0.0,0.0,-,-,0.0,0.0,-,-,-,0.0,0.0,-,0.0,0.0396,0.0,0.7489
5251,Rani Khedira,Augsburg,0.0,0.0,0.0242,0.0,0.0,-,0.0124,0.302,0.0,-,0.3755,0.0,0.0322,0.0,0.0,0.0,0.0,0.0,-,-,0.0,0.0,0.7463
7485,Nico Schlotterbeck,Union Berlin,-,0.0748,0.4387,-,-,-,-,-,-,-,-,-,-,-,-,-,-,0.063,0.0721,0.0,-,0.086,0.7346
106,Waldemar Anton,VfB Stuttgart,0.0,0.0682,0.0,-,-,-,0.0,0.0713,0.0351,0.0,0.0,0.0,0.0,0.4183,0.0458,0.0508,0.0178,0.0,0.0,0.0,0.0207,0.0,0.728
8804,Felix Agu,Werder Bremen,-,-,-,-,-,-,-,0.0,0.0,-,-,0.0,-,-,-,0.3833,0.3361,0.0,0.0,-,0.0,-,0.7194
4250,Nicolas Höfler,Freiburg,0.0,0.0,0.0099,0.0,0.0,0.0,0.0618,0.0,0.0,0.0,0.0,0.0,0.0,0.036,0.3796,0.1172,-,0.0,0.0404,0.0,0.062,0.0095,0.7164
110,Theodor Gebre Selassie,Werder Bremen,0.0,0.0208,0.0,0.0,0.0,0.0,0.0,0.0,0.0,0.0169,0.0,0.0283,0.0384,0.0,0.0,0.5454,0.0249,0.0,0.0,0.0369,0.0,-,0.7116
186,Karim Bellarabi,Bayer Leverkusen,0.0,0.048,0.3083,0.0,0.0,0.0,0.0,0.0,-,0.1717,0.0683,0.0799,-,0.0,-,-,-,0.0,0.0354,-,-,-,0.7116
81,Jonathan Schmid,Freiburg,0.0,0.1216,0.048,0.0847,0.0,0.0,0.0,0.0593,0.0354,0.0509,0.0,0.0354,0.0,0.0,-,-,-,0.1132,0.0,0.0158,0.0896,0.0567,0.7106
4468,Dedryck Boyata,Hertha Berlin,0.2007,0.0,0.0,0.0141,0.0,0.4764,0.0,0.0,0.0,0.0,0.0,0.0176,0.0,-,-,-,-,-,-,-,-,-,0.7088
8065,Iago,Augsburg,0.0,0.0,0.0,-,0.0,0.0236,0.0,0.0352,0.0,-,-,-,0.0,0.6307,0.0,-,0.0,0.0173,0.0,-,-,-,0.7068
543,Reece Oxford,Augsburg,0.0,0.0,0.0,-,-,-,0.0,-,-,-,0.0,0.0,-,0.0,0.0,0.7025,0.0,0.0,0.0,0.0,0.0,0.0,0.7025
7813,Jeremiah St. Juste,Mainz 05,0.0513,0.0562,0.0,0.0,0.0545,0.0216,0.0336,0.0441,0.1907,0.0648,0.0,0.0,0.0757,0.0,0.0,-,-,0.0566,0.0,0.0,0.0,0.0357,0.6848
7024,Kasim Nuhu,Hoffenheim,0.0293,-,-,-,-,-,-,-,0.0,-,-,0.5554,-,0.0124,0.0113,0.0718,0.0,0.0,0.0,-,-,0.0,0.6802
27,Vladimir Darida,Hertha Berlin,0.0,0.0,0.016,0.0492,0.0173,0.0,0.0,0.1453,0.0113,0.0639,0.0713,-,0.0299,0.1744,0.0,0.0,0.0185,0.0793,0.0,0.0,-,-,0.6764
8808,Wataru Endo,VfB Stuttgart,0.0132,0.1477,0.0,0.0649,0.103,0.0335,0.0,0.0324,0.0609,0.0,0.0183,0.0,0.0,0.0,0.0,0.0538,0.0,0.0652,0.0,0.0,0.0761,0.0,0.669
7867,Robert Skov,Hoffenheim,-,0.0822,0.0497,0.0,0.1624,0.0,-,-,0.1193,0.0,0.0,0.0,0.0725,0.1768,-,-,-,-,-,-,0.0,-,0.6629
7401,Keven Schlotterbeck,Freiburg,-,-,0.0,-,-,-,-,-,0.0,0.474,0.0119,0.0,0.0,0.0222,0.0,0.0,0.0528,0.0272,0.0735,0.0,-,0.0,0.6616
8806,Roberto Massimo,VfB Stuttgart,0.1166,0.3353,0.0,-,0.0,-,-,-,0.0,0.0,0.0,-,0.057,-,-,-,0.0488,-,0.0422,0.0576,-,-,0.6575
6326,Ibrahima Konaté,RasenBallsport Leipzig,-,-,-,-,0.0,-,0.6434,0.0,0.0,0.0,-,0.0,-,-,-,-,-,-,-,-,0.0,0.0,0.6434
2691,Milos Veljkovic,Werder Bremen,-,0.0668,0.0,0.0,0.0,0.0812,-,-,-,-,-,-,0.0,0.0,0.0,0.0,0.0,0.0,0.0,0.4937,0.0,-,0.6417
5680,Thomas Meunier,Borussia Dortmund,0.0,0.1386,0.0727,0.0304,0.095,0.1317,0.0,0.0419,0.0,-,-,-,0.0,0.0,0.0,0.0598,0.0651,-,-,-,-,0.0,0.6352
7044,Kevin Möhwald,Werder Bremen,-,-,-,0.0286,0.0,0.0,0.0,0.0,0.0123,-,0.3169,0.0391,0.0472,-,0.0,0.0,0.0392,-,0.102,0.0422,0.0,-,0.6275
8378,Malick Thiaw,Schalke 04,-,-,-,-,0.0,0.5169,-,0.0478,0.0,0.0085,-,-,0.0,-,0.0,-,-,-,0.0,0.0,0.0484,0.0,0.6216
5759,Matteo Guendouzi,Hertha Berlin,-,-,-,-,-,0.0,0.1169,0.0322,0.0,0.0456,0.0613,0.0,0.0,0.1005,0.0463,0.1072,0.0,0.036,0.0,0.0659,0.0,0.0,0.6119
762,Demarai Gray,Bayer Leverkusen,-,-,-,-,-,-,-,-,-,-,-,-,-,-,-,-,-,-,-,0.5469,0.0448,0.0189,0.6106
6837,Ryan Sessegnon,Hoffenheim,-,-,-,0.0,0.0,0.0,0.0,0.0696,0.0,0.0,0.0,0.0,0.5012,0.0,-,-,-,-,-,-,-,0.0,0.5708
75,Niklas Süle,Bayern Munich,0.0484,-,0.0,0.0,-,0.0,-,-,0.0,0.0,-,0.0238,0.0149,0.1041,0.0624,-,-,0.1923,0.0,0.0268,0.0,0.0801,0.5528
74,Pavel Kaderábek,Hoffenheim,0.4065,0.0,0.0256,-,-,-,-,-,-,-,-,-,-,-,-,-,-,0.0,0.1154,0.0,0.0,0.0,0.5475
7160,Nemanja Radonjic,Hertha Berlin,-,-,-,-,-,-,-,-,-,-,-,-,-,-,-,-,-,-,-,0.0693,0.0263,0.4447,0.5403
90,Sebastian Rudy,Hoffenheim,-,-,-,0.0843,0.0228,0.0946,0.0,-,0.0,0.1008,0.0,0.0,0.0138,0.0,-,0.0404,0.0538,0.0366,0.0,0.0,0.0914,0.0,0.5385
8799,Joakim Nilsson,Arminia Bielefeld,-,-,-,-,-,0.0,-,-,0.4773,0.0,0.06,0.0,-,-,0.0,0.0,0.0,0.0,0.0,0.0,0.0,-,0.5373
8406,Can Bozdogan,Schalke 04,-,-,0.0527,0.0421,0.0,0.0378,0.0,-,-,0.0,0.403,-,-,0.0,-,0.0,-,-,-,-,-,-,0.5356
9201,Eren Sami Dinkci,Werder Bremen,-,-,-,-,-,-,-,-,-,-,-,-,0.5342,-,-,-,-,-,-,-,0.0,-,0.5342
118,Levin Öztunali,Mainz 05,0.0,0.0525,-,0.0451,0.3324,0.0,0.0,0.0251,0.0,-,-,-,-,-,0.0,0.0197,0.0,0.0,0.0448,-,-,-,0.5196
3059,Axel Witsel,Borussia Dortmund,0.0212,0.0263,0.1921,0.0,0.0,0.0,0.0655,0.0,0.1429,0.0417,0.0,0.0,0.024,0.0,0.0,-,-,-,-,-,-,-,0.5137
8951,Keita Endo,Union Berlin,-,-,0.0,0.0,0.0,-,0.4239,-,-,-,0.0892,-,0.0,-,-,-,0.0,-,-,0.0,-,0.0,0.5131
5329,Stefan Posch,Hoffenheim,-,0.0,0.0174,0.0118,0.0,0.0,-,0.0,0.0353,0.0,0.4017,-,0.0252,-,0.0,0.0,0.0,0.0,0.0207,0.0,0.0,-,0.5121
2663,Felix Passlack,Borussia Dortmund,0.0596,-,0.3906,0.0324,0.0,0.0278,-,-,0.0,-,-,-,-,-,-,-,-,-,-,-,-,-,0.5104
8317,Edmond Tapsoba,Bayer Leverkusen,0.0326,0.0732,0.0,0.0,0.0,0.0218,0.0846,-,-,0.0,0.0,0.0,0.0,0.0901,0.0295,0.0,0.0211,0.0647,0.0173,0.0,0.0,0.0745,0.5094
8789,Manuel Prietl,Arminia Bielefeld,0.0371,0.0,0.0,0.0064,0.0189,0.0,0.0,0.0,0.0,0.3553,0.0,-,0.0507,0.0,-,-,-,-,-,0.0408,0.0,-,0.5092
6083,Ludwig Augustinsson,Werder Bremen,0.0,0.1437,0.0258,0.0,-,-,-,0.0,0.1499,0.0,0.0566,0.0689,0.0,0.0,0.0,-,-,-,0.0506,0.0,-,-,0.4955
7785,Kingsley Ehizibue,FC Cologne,0.0,0.0,0.0,0.0,0.0108,-,-,0.0,0.0,-,-,0.0,-,-,-,0.0,0.4575,0.0,-,0.0109,-,0.0,0.4792
201,Tony Jantschke,Borussia M.Gladbach,-,-,-,0.0,0.0,-,-,-,0.3938,-,-,-,-,-,0.0,-,0.0,-,-,0.0806,-,-,0.4744
8874,Jóan Símun Edmundsson,Arminia Bielefeld,-,0.0411,0.3555,0.0,0.0,0.0689,-,-,-,-,-,-,-,-,-,-,-,-,-,-,-,-,0.4655
7320,Amos Pieper,Arminia Bielefeld,0.0327,0.0156,0.0,0.0,0.0,0.0,0.0,0.0,0.0164,-,-,-,0.0,0.0096,0.0,0.0,0.0,0.0242,0.0,0.3492,0.0076,-,0.4553
3339,Jérôme Roussillon,Wolfsburg,0.0,0.0,0.0207,0.0,0.0,0.0284,0.2024,0.0128,0.0,0.0185,0.1663,0.0,-,-,-,-,-,-,-,-,-,-,0.4491
213,Thorgan Hazard,Borussia Dortmund,0.0,-,-,-,0.0,0.0986,0.0866,-,0.261,-,-,-,-,-,-,-,-,-,-,-,-,-,0.4462
6147,Denis Zakaria,Borussia M.Gladbach,-,-,-,-,-,-,-,0.0,0.0129,0.0,0.0117,0.0,0.0,0.0239,0.0591,0.3174,0.0,0.0,0.0,0.0,-,0.0,0.425
8801,Sebastian Griesbeck,Union Berlin,0.0,0.0,0.0,-,0.0,0.3187,0.0,0.0,0.0,0.064,0.0,0.0129,0.0,0.0,0.0167,-,0.0,-,0.0,0.0,-,0.0,0.4123
4243,Christian Günter,Freiburg,0.0,0.1246,0.0,0.0612,0.0382,0.0,0.0,0.0508,0.0,0.0932,0.0,0.0,0.0,0.0,0.0,0.0,0.0368,0.0,0.0,0.0,0.0,0.0,0.4048
9301,Emmanuel Dennis,FC Cologne,-,-,-,-,-,-,-,-,-,-,-,-,-,-,-,-,-,-,0.058,0.0,0.0758,0.2683,0.4021
8401,Luca Netz,Hertha Berlin,-,-,-,-,-,-,-,-,-,-,-,-,-,0.0,0.0,0.0,0.0,0.0,0.057,-,0.3371,0.0,0.3941
7784,Joao Victor,Wolfsburg,0.0396,0.1037,-,-,0.0808,0.0,0.0475,0.0,0.0,-,-,0.0282,0.0,0.0886,-,-,-,-,0.0,0.0,0.0,-,0.3884
7075,Borna Sosa,VfB Stuttgart,-,0.0154,0.0623,-,-,0.0505,0.0,0.0718,0.0245,0.0587,0.0686,0.0,0.0,0.0,0.0,0.033,0.0,-,0.0,-,0.0,0.0,0.3848
5230,Thomas Delaney,Borussia Dortmund,0.0,-,0.0,0.0,0.0,0.0155,0.0,-,-,-,-,-,-,0.1192,0.0,-,0.0602,-,0.0938,0.0905,0.0,0.0,0.3792
9351,Michel Vlap,Arminia Bielefeld,-,-,-,-,-,-,-,-,-,-,-,-,-,-,-,-,-,-,-,0.2996,0.076,-,0.3756
8958,Reinhold Yabo,Arminia Bielefeld,-,-,0.0,0.0,-,0.0,0.0,0.0,0.0106,0.0608,-,-,-,0.0189,0.0783,0.0,0.0423,0.1076,0.057,-,-,-,0.3755
9327,Petar Musa,Union Berlin,-,-,-,-,-,-,-,-,-,-,-,-,-,-,-,-,-,-,-,0.0,0.0,0.373,0.373
161,Robin Knoche,Union Berlin,0.0,0.0,0.0,0.0,0.0,0.0,0.0923,0.0,0.1058,0.0,0.0,0.0244,0.0,0.0,0.0,0.04,0.0,0.0154,0.0725,0.0222,0.0,0.0,0.3726
8790,Cebio Soukou,Arminia Bielefeld,0.1162,0.0513,0.0,-,-,-,0.0555,0.0,0.0097,-,0.0,-,0.0,-,0.0,-,0.0,-,0.128,-,-,-,0.3607
419,Maximilian Mittelstädt,Hertha Berlin,0.0,0.0181,0.0,0.0433,0.0,0.0134,-,0.0,-,0.0,-,0.0,0.0631,0.0,0.0565,0.0,0.0204,0.0471,0.0,0.0,0.0,0.0879,0.3498
5292,Manuel Gulde,Freiburg,0.0,0.0,0.0,-,-,-,0.0,-,0.0178,0.0,0.0554,0.0834,0.1924,0.0,0.0,0.0,0.0,0.0,0.0,0.0,0.0,0.0,0.349
451,Matija Nastasic,Schalke 04,-,-,0.0,0.0378,0.1132,0.0,0.0597,0.0394,0.0,-,0.0,-,-,0.0,0.0334,0.0,0.0,0.035,0.0216,0.0,-,-,0.3401
8117,Nick Woltemade,Werder Bremen,0.0591,-,-,0.1009,-,-,-,-,0.0,0.1691,0.0,0.0,-,-,-,-,-,-,-,-,-,-,0.3291
7439,Tahith Chong,Werder Bremen,0.0,0.0,0.101,-,0.0,0.02,0.1065,0.0,0.0,0.1013,0.0,-,0.0,0.0,0.0,-,-,-,-,-,-,-,0.3288
254,Steven Zuber,Eintracht Frankfurt,0.0745,0.0,0.0,0.0,0.0523,0.0,0.0343,-,-,-,-,-,0.0,-,0.0264,-,-,-,-,0.0,0.1381,0.0,0.3256
7868,Diadie Samassékou,Hoffenheim,0.0,0.0,-,0.0131,0.0288,0.0254,0.0,0.0,0.0,0.0226,0.0773,0.0,-,0.0,0.049,0.0383,0.0376,0.0,0.0311,0.0,0.0,0.0,0.3232
7431,Jean-Manuel Mbom,Werder Bremen,-,0.0509,0.0,0.0305,0.0,0.0555,0.1115,0.0,0.0,-,0.0,0.0,-,0.0,0.0,0.0675,0.0,0.0,0.0,-,0.0,-,0.3159
5358,Lukas Klostermann,RasenBallsport Leipzig,0.1395,0.0,0.0,0.0,-,-,-,-,-,-,-,-,-,0.0,0.0,0.0,0.0718,-,0.0653,0.0,0.0,0.0391,0.3157
135,Yuya Osako,Werder Bremen,0.0,0.0,-,-,0.0182,0.0,0.0,-,0.0,0.1585,0.0271,0.0,0.0486,0.0,-,-,0.0,0.0,0.0593,0.0,0.0,-,0.3117
983,Kevin Mbabu,Wolfsburg,-,-,-,-,-,-,-,-,-,-,0.0131,0.0,0.0,-,0.0,0.0,0.0,0.0,0.0,0.1337,0.1259,0.0375,0.3102
194,Admir Mehmedi,Wolfsburg,0.0343,0.0,0.1263,0.1106,0.0,0.0,0.0,0.0,0.0,-,-,-,-,0.0,-,-,0.0,-,0.0337,-,-,-,0.3049
5243,Dayotchanculle Upamecano,RasenBallsport Leipzig,0.0,0.0,0.0,0.1181,0.1028,0.0,-,0.0,0.0,0.0199,0.0,0.0394,0.0,0.0,0.0,0.0207,0.0,0.0,0.0,0.0,-,-,0.3009
69,Carlos Gruezo,Augsburg,0.0,0.022,0.0,0.0123,0.0196,0.0,0.0877,-,0.0,0.0558,0.0165,0.0155,0.0,0.0385,0.0,0.0,0.0,0.0,0.0131,0.0162,0.0,-,0.2972
52,Alexander Hack,Mainz 05,-,0.0,0.0,-,-,-,-,0.0,0.0,0.0,0.0385,0.0,0.0975,0.0389,0.0,0.0674,0.0485,-,-,-,-,0.0,0.2908
6352,Valentino Lazaro,Borussia M.Gladbach,-,-,-,-,-,0.0,0.0591,0.0,0.0,0.0,0.0,0.0,0.0205,-,-,-,-,-,-,-,0.0781,0.1313,0.289
96,Salif Sané,Schalke 04,-,0.0154,0.0,0.0533,0.0,0.047,0.1344,-,-,-,0.0,0.018,0.0196,-,-,-,-,-,-,-,-,-,0.2877
2638,Alessandro Schöpf,Schalke 04,0.0,-,0.0,0.0,-,0.0,0.0,-,0.0,-,0.0732,0.0,0.0153,0.0548,0.0,-,-,0.1063,0.0,0.0,-,0.0379,0.2875
454,Charles Aránguiz,Bayer Leverkusen,0.0,0.0,0.144,0.0,-,-,-,-,-,-,-,-,-,-,-,0.0,0.0,0.0,0.0,0.1427,0.0,0.0,0.2867
4271,Janik Haberer,Freiburg,-,-,-,-,-,-,-,-,-,-,-,-,-,-,-,0.0,0.0132,0.1142,0.1352,0.0,0.0,0.0179,0.2805
391,David Alaba,Bayern Munich,-,0.0,0.038,0.0,0.0,0.0,0.0882,0.0229,0.0,0.0,0.0185,0.0,0.0,0.0,0.0193,0.0,0.0168,0.0392,0.0,0.0,0.0314,0.0,0.2743
8793,Fabian Kunze,Arminia Bielefeld,0.1174,0.0,-,0.0,-,-,0.0,0.0,-,0.0,-,0.1361,0.0,0.0,0.0,0.0,0.0,0.0,0.0,0.0197,0.0,-,0.2732
9069,Romano Schmid,Werder Bremen,-,-,-,-,-,-,-,-,-,0.0,0.0185,0.0,0.0188,0.0,0.0112,0.0,0.0647,0.0,0.0156,0.1368,0.0,-,0.2656
2624,Djibril Sow,Eintracht Frankfurt,-,0.0,-,-,0.0,-,0.0,0.0,0.0,0.0,0.1322,0.0,0.0,0.0,0.0,0.0,0.0697,0.0,0.0615,0.0,0.0,-,0.2634
220,Jérôme Boateng,Bayern Munich,0.0472,0.0,0.0,-,0.0,0.0,0.0,0.0,0.0,0.0,0.0169,0.0,0.0,0.0,-,0.0155,0.0,0.0435,0.0996,-,-,0.0349,0.2576
205,Mahmoud Dahoud,Borussia Dortmund,-,0.0247,-,0.0,0.0792,-,-,0.0,-,0.0,-,-,-,-,-,-,-,-,0.0,0.0364,0.0,0.1148,0.2551
2456,Omar Mascarell,Schalke 04,-,0.0176,0.0145,0.0177,0.0,0.0,0.0,0.0132,0.0157,0.0149,0.064,0.0,0.0,0.0,-,-,0.0,-,0.0943,0.0,-,0.0,0.2519
8396,Jessic Ngankam,Hertha Berlin,-,-,0.1001,-,0.0,-,0.0,0.0,0.023,-,0.0,0.1267,0.0,0.0,0.0,-,-,-,0.0,-,-,0.0,0.2498
7899,Daley Sinkgraven,Bayer Leverkusen,0.0,0.0,0.0,0.0646,0.0,0.1027,-,0.0,0.0,0.0,0.0,0.0,0.0,-,0.0,0.0185,0.0,0.0635,0.0,0.0,-,-,0.2493
1673,Edimilson Fernandes,Mainz 05,-,-,-,0.0238,0.0,0.0,0.0184,0.0382,0.0188,0.0098,0.06,0.0,0.062,0.0,-,-,-,-,0.016,-,-,-,0.247
6081,Dennis Geiger,Hoffenheim,0.0266,0.021,0.0219,0.0,0.1538,0.0,-,0.0,0.0,-,-,-,0.022,-,-,-,-,-,-,-,-,-,0.2453
9227,Steffen Tigges,Borussia Dortmund,-,-,-,-,-,-,-,-,-,-,-,-,-,0.2387,0.0,-,0.0,0.0,-,-,-,-,0.2387
5294,Salih Özcan,FC Cologne,0.0,0.0,-,0.0,0.0318,0.0,0.0,0.075,0.0,0.0289,0.017,0.0,0.0,0.0247,0.0,0.0,0.0299,-,0.0,0.0,0.0,0.0298,0.2371
342,Sead Kolasinac,Schalke 04,-,-,-,-,-,-,-,-,-,-,-,-,-,-,0.0592,0.0,0.1573,-,0.0,0.0,0.0,0.0191,0.2356
131,Jonas Hector,FC Cologne,0.0354,0.0,-,-,-,-,-,-,-,-,-,0.0,0.0,0.0,0.0119,0.128,0.0,0.0479,-,-,-,-,0.2232
8044,Joshua Zirkzee,Bayern Munich,0.0,0.2228,-,-,-,0.0,-,-,-,-,-,-,-,-,-,-,-,-,-,-,-,-,0.2228
426,Daniel Ginczek,Wolfsburg,-,0.0781,0.0,-,-,-,-,-,-,0.0203,-,0.0,0.1234,0.0,-,-,-,-,-,-,-,-,0.2218
8430,Chris Richards,Hoffenheim,-,-,-,-,-,-,-,-,-,-,-,-,-,-,-,-,-,-,-,0.0,-,0.2179,0.2179
2676,Erik Thommy,VfB Stuttgart,-,-,-,-,-,-,-,-,-,-,-,-,-,-,-,-,-,0.0215,-,0.0694,0.0834,0.0422,0.2165
8876,Dimitris Limnios,FC Cologne,-,0.0,0.0,-,0.1123,0.0,0.0,0.0,-,-,-,0.08,-,0.0213,-,-,-,-,-,-,0.0,-,0.2136
1702,Mike van der Hoorn,Arminia Bielefeld,0.0,0.0,0.041,0.0543,0.0,0.0,0.0,0.0,0.0,0.0,0.0639,0.0,0.0487,0.0,-,-,0.0,-,0.0,0.0,-,-,0.2079
285,Bastian Oczipka,Schalke 04,0.0157,0.0285,0.0,0.0129,0.0616,0.0,0.0821,0.0,-,0.0,0.0,0.0,0.0,0.0,0.0,0.0,0.0,0.0,-,-,-,0.0,0.2008
8986,Omar Alderete,Hertha Berlin,-,-,-,-,0.0,0.0375,0.0,0.0,0.0152,-,-,-,-,0.1193,0.0,0.0164,0.0,0.0,-,0.0,0.0101,-,0.1985
8213,Paulo Otávio,Wolfsburg,0.0,0.0,0.02,-,-,-,-,-,0.0,0.0,-,0.0,0.0,0.0172,0.0191,0.0,0.0,0.0225,0.041,0.0594,0.0,0.0143,0.1935
79,Tobias Strobl,Augsburg,0.0,0.0,0.0,0.1215,0.0,0.0129,0.0,0.013,0.0175,0.0221,0.0,0.0,0.0,0.0,0.0,-,0.0,0.0,0.0,0.0,0.0,0.0,0.187
8794,Cédric Brunner,Arminia Bielefeld,0.0,0.0,0.0,-,-,0.0,0.0,0.0,0.0,0.0129,0.0249,0.0,0.1364,0.0,0.0,0.0,0.0,0.0,0.0,0.0,0.0,-,0.1742
5625,Kwon Chang-Hoon,Freiburg,0.0,0.0,0.0,0.0509,0.0,0.0,0.0,-,-,-,-,-,-,0.12,-,-,-,-,-,-,-,-,0.1709
84,Ermin Bicakcic,Hoffenheim,0.0832,0.0876,-,-,-,-,-,-,-,-,-,-,-,-,-,-,-,-,-,-,-,-,0.1708
187,Christoph Kramer,Borussia M.Gladbach,0.0,0.0,0.0,0.0,0.0421,0.0,0.0,0.0,0.0,0.0,-,0.0539,0.0,0.0113,0.0,0.0,0.0,0.0,0.0,0.0,0.0631,0.0,0.1704
393,Douglas Costa,Bayern Munich,-,-,-,0.0,0.0,0.0,-,0.0318,0.0879,0.0,-,0.0,-,0.0,0.0,-,-,-,0.0479,0.0,-,-,0.1676
3363,Benjamin Pavard,Bayern Munich,0.0,0.0186,0.0,0.0,-,0.0,-,0.0,0.057,0.0091,0.0,-,-,0.0,0.0166,0.0641,0.0,-,0.0,0.0,-,-,0.1654
269,Dominik Kohr,Mainz 05,-,-,-,-,-,-,-,-,-,-,-,-,-,-,-,-,0.0,0.048,0.0465,0.0,0.0691,0.0,0.1636
5086,Marc Roca,Bayern Munich,-,-,-,-,-,0.0,-,-,-,-,-,0.0,-,-,-,-,-,-,0.16,-,-,0.0,0.16
8825,Reinier,Borussia Dortmund,-,0.096,0.0,-,-,0.0,-,-,-,-,0.0,-,-,-,-,-,-,-,-,0.0,-,0.0558,0.1518
409,Philipp Klement,VfB Stuttgart,0.1066,0.0,0.0,-,0.0,0.0,-,0.0,-,0.0,-,0.0,0.0,-,0.0,0.0,0.0,0.0235,-,0.0182,-,-,0.1483
7995,Akaki Gogia,Union Berlin,-,-,-,-,-,-,0.0279,0.0,0.0,-,-,0.1188,0.0,-,0.0,-,-,0.0,-,-,-,-,0.1467
8148,Timo Becker,Schalke 04,0.0,-,-,-,-,-,-,-,-,-,-,-,-,0.0,0.0,0.0,0.0,0.0172,0.0205,-,0.0,0.1086,0.1463
549,Timothy Fosu-Mensah,Bayer Leverkusen,-,-,-,-,-,-,-,-,-,-,-,-,-,-,-,-,-,0.0,0.0,0.1013,0.0444,0.0,0.1457
183,Jonathan Tah,Bayer Leverkusen,-,0.0,-,-,-,0.0389,-,0.0,0.0123,0.0,0.0,0.0,0.0,0.0,0.0,0.0,0.0,0.0,0.0621,0.0308,0.0,-,0.1441
7073,Pierre Kunde,Mainz 05,-,-,0.0122,0.0202,0.0359,0.0109,0.0267,0.0,0.0,0.0149,0.0,0.0,0.0162,-,-,-,-,-,-,-,-,-,0.137
9108,Marco John,Hoffenheim,-,-,-,-,-,-,-,-,-,-,-,-,-,-,0.0,0.0,0.0799,0.0382,0.0,0.0,0.0,0.0181,0.1362
6045,Davy Klaassen,Werder Bremen,0.0425,0.0933,0.0,-,-,-,-,-,-,-,-,-,-,-,-,-,-,-,-,-,-,-,0.1358
249,Danny da Costa,Eintracht Frankfurt,0.121,0.0,-,-,0.0,-,-,-,0.014,-,0.0,0.0,-,-,-,-,-,-,-,-,-,-,0.135
40,Stefan Bell,Mainz 05,-,-,-,-,-,-,-,-,-,-,-,-,-,-,-,0.0,0.0,0.0413,0.048,0.0,0.0425,0.0,0.1318
8083,Noah Katterbach,FC Cologne,0.0,-,-,-,0.0,0.0,0.0,0.0145,-,-,0.0,-,0.0,0.0354,-,-,0.0,0.0767,0.0,-,0.0,-,0.1266
7875,Christopher Trimmel,Union Berlin,0.0122,0.0,0.0,0.0,0.0,-,0.0,0.0,0.0212,0.0,0.0,0.0,0.0,0.0,0.0374,0.0536,-,0.0,-,0.0,0.0,0.0,0.1244
311,Sven Bender,Bayer Leverkusen,0.0,0.0,0.049,0.0,0.023,0.0,0.0,0.0,-,-,-,-,-,-,-,-,-,-,-,0.0,0.0,0.0463,0.1183
202,Håvard Nordtveit,Hoffenheim,-,-,-,-,-,-,-,0.0,-,0.0,0.0,-,0.0301,-,-,0.0,0.0,0.0,0.087,-,-,-,0.1171
338,Max Meyer,FC Cologne,-,-,-,-,-,-,-,-,-,-,-,-,-,-,-,-,-,-,0.1151,-,-,0.0,0.1151
2665,Jeffrey Gouweleeuw,Augsburg,0.0,0.0,0.0,0.0,0.0,0.0,0.0,0.0,0.0,0.0,0.0,0.1147,0.0,0.0,-,0.0,0.0,0.0,0.0,0.0,0.0,0.0,0.1147
5340,Marco Friedl,Werder Bremen,0.0,0.0,0.0,0.0075,0.0,0.0,0.016,0.0,0.0,0.0389,0.0,0.0,0.0414,0.0,0.0,0.0098,0.0,0.0,0.0,0.0,0.0,-,0.1136
6097,Florian Hübner,Union Berlin,-,-,-,-,-,0.0,-,-,-,-,-,-,-,0.0825,0.0157,0.0117,0.0,-,-,-,0.0,-,0.1099
8875,Tolu Arokodare,FC Cologne,-,0.0383,0.0,-,-,0.0702,-,0.0,-,-,-,-,-,0.0,0.0,-,0.0,-,-,0.0,0.0,-,0.1085
5219,Aleksandar Dragovic,Bayer Leverkusen,-,0.0,-,-,0.0,-,0.0,0.0892,0.0,0.0,0.0,0.0185,0.0,0.0,0.0,0.0,-,-,-,0.0,-,-,0.1077
359,Timothy Chandler,Eintracht Frankfurt,0.0,-,0.107,-,0.0,-,-,-,-,-,-,-,0.0,-,-,-,0.0,-,-,-,-,-,0.107
8192,Melayro Bogarde,Hoffenheim,-,-,-,-,-,-,0.0,-,-,-,0.0,-,-,0.0834,0.0232,-,0.0,0.0,-,-,-,0.0,0.1066
435,Benjamin Henrichs,RasenBallsport Leipzig,0.0,0.0,0.0,0.0807,0.0254,0.0,0.0,-,-,-,-,-,-,-,-,-,-,-,-,-,-,-,0.1061
6229,William,Schalke 04,-,-,-,-,-,-,-,-,-,-,-,-,-,-,-,-,-,-,0.0,0.0,0.0,0.0997,0.0997
7345,Alphonso Davies,Bayern Munich,-,0.0,0.0,0.0,0.0,-,-,-,-,-,0.0,-,0.0,0.0135,0.0,0.0,-,0.0,0.0,-,0.0622,0.0231,0.0988
282,Makoto Hasebe,Eintracht Frankfurt,0.0,0.0,0.0,0.0,0.0,0.0,0.0,-,-,-,-,0.0,0.0,0.08,0.0,0.0,0.018,0.0,0.0,0.0,0.0,0.0,0.098
7997,Julian Ryerson,Union Berlin,-,0.0077,0.0,-,0.0,0.0,-,0.0,-,0.0,0.0241,0.0,0.0,0.0,0.0,0.0,0.0,-,0.066,0.0,-,-,0.0978
8878,Atakan Karazor,VfB Stuttgart,-,-,0.0,0.0,0.0679,0.027,0.0,-,0.0,-,-,-,-,-,-,-,-,-,0.0,-,0.0,0.0,0.0949
7524,Tuta,Eintracht Frankfurt,-,-,0.0,-,0.0,-,-,-,-,-,-,-,0.0792,-,-,-,0.0,0.0,0.0,0.013,0.0,0.0,0.0922
8070,Mateu Morey,Borussia Dortmund,-,-,-,-,0.0,-,-,-,-,0.0,0.0824,0.009,0.0,-,-,-,-,0.0,0.0,-,-,0.0,0.0914
23,Marvin Plattenhardt,Hertha Berlin,-,0.0,-,0.0,-,0.0,0.0502,0.0,0.0,0.0,0.0,0.0,-,0.0404,0.0,-,-,-,-,-,-,-,0.0906
9128,Andreas Voglsammer,Arminia Bielefeld,-,-,-,-,-,-,-,0.0,0.0,0.0905,-,-,-,-,-,-,-,-,-,0.0,0.0,-,0.0905
150,Josuha Guilavogui,Wolfsburg,-,0.0,0.022,0.0312,0.0,-,-,-,-,-,-,0.0,0.0,-,0.0,0.0353,0.0,0.0,0.0,0.0,-,0.0,0.0885
9328,Jeremie Frimpong,Bayer Leverkusen,-,-,-,-,-,-,-,-,-,-,-,-,-,-,-,-,-,-,-,0.0,-,0.0851,0.0851
7056,Niko Gießelmann,Union Berlin,0.0,-,-,-,-,0.0,-,0.0,-,0.0,-,0.0149,0.0,-,-,-,0.0,0.0,0.0,0.0,0.0701,0.0,0.085
2627,Jannes Horn,FC Cologne,0.0,0.0,0.0,0.0154,0.0,0.0,0.0,-,0.0,0.0,0.0,0.0,0.0,-,0.0,0.0,0.0,0.0,0.0,0.0,0.0678,-,0.0832
8803,Robert Gumny,Augsburg,-,-,-,-,0.0,0.0,0.0,0.0,0.0,0.0,0.0,0.0246,-,-,0.0258,0.0,-,0.0,-,0.0,0.0319,0.0,0.0823
6708,Bote Baku,Mainz 05,0.0,0.0,-,-,-,-,-,-,-,-,-,-,-,-,-,-,0.0819,-,-,-,-,-,0.0819
28,Mitchell Weiser,Bayer Leverkusen,-,-,-,-,-,-,-,0.0219,-,0.0,0.0,0.0583,-,0.0,-,-,-,-,-,-,-,-,0.0802
7815,Christian Groß,Werder Bremen,-,0.0178,0.0,0.0,0.0,0.0602,0.0,0.0,0.0,0.0,0.0,0.0,0.0,0.0,-,-,-,-,-,0.0,-,-,0.078
7807,Luca Kilian,Mainz 05,-,-,0.0,0.0,0.0,0.0777,0.0,0.0,-,-,-,-,-,-,-,-,-,-,-,-,-,-,0.0777
8877,Sava-Arangel Cestic,FC Cologne,-,-,-,-,-,-,-,-,0.0,0.0,0.0,0.0,-,-,-,0.0,0.076,0.0,-,0.0,0.0,0.0,0.076
7197,Fredrik Jensen,Augsburg,0.0255,0.0,0.0,0.0,0.0,-,-,-,-,-,-,-,-,-,-,-,0.0493,0.0,0.0,0.0,-,-,0.0748
228,Sebastian Rode,Eintracht Frankfurt,0.0153,0.0386,0.0,0.0,0.0202,0.0,-,-,0.0,0.0,0.0,0.0,0.0,-,0.0,-,-,0.0,0.0,0.0,0.0,0.0,0.0741
129,Dominique Heintz,Freiburg,0.0,0.0137,0.0,0.0,0.0,0.0,0.0,0.0575,0.0,-,-,-,-,-,0.0,-,0.0,-,-,-,0.0,0.0,0.0712
225,Javi Martínez,Bayern Munich,-,-,0.0,0.0608,0.0,0.0,0.0,0.0,0.0,0.0,-,-,-,-,-,0.0,0.0,-,-,-,-,0.0083,0.0691
5263,Lukas Kübler,Freiburg,0.0,-,0.0,-,-,0.0,0.0675,-,-,-,-,-,-,0.0,0.0,0.0,0.0,0.0,0.0,0.0,0.0,-,0.0675
9006,Brian Behrendt,Arminia Bielefeld,-,-,-,0.0,0.0578,0.0089,-,-,-,-,-,-,-,-,-,-,-,-,-,-,-,-,0.0667
5258,László Bénes,Augsburg,-,-,-,-,-,-,-,-,-,-,-,-,-,-,-,-,-,-,-,0.0,0.0,0.0662,0.0662
8325,Exequiel Palacios,Bayer Leverkusen,-,-,-,0.0,0.065,0.0,-,-,-,-,-,-,-,-,-,-,-,-,-,-,-,-,0.065
9352,Masaya Okugawa,Arminia Bielefeld,-,-,-,-,-,-,-,-,-,-,-,-,-,-,-,-,-,-,-,-,0.0642,-,0.0642
7885,Joshua Mees,Union Berlin,0.0634,-,-,-,-,-,-,-,-,-,-,-,-,-,-,-,-,-,-,-,-,-,0.0634
60,Christian Gentner,Union Berlin,0.0,-,-,0.0,0.0,0.0,0.0522,-,-,-,0.0,-,-,-,-,-,0.0,0.0,0.0,0.0,0.0107,-,0.0629
8788,Anderson-Lenda Lucoqui,Arminia Bielefeld,0.0129,0.0123,0.0,0.0,-,0.0,-,0.0,0.0175,0.0,0.0187,0.0,-,0.0,0.0,-,-,-,-,-,-,-,0.0614
8869,Ragnar Ache,Eintracht Frankfurt,-,0.0,0.0,-,-,-,-,-,-,-,-,-,-,-,-,-,-,-,-,-,-,0.0611,0.0611
5728,Hamza Mendyl,Schalke 04,-,-,-,-,-,-,-,-,-,0.0,-,0.0,0.0611,-,-,-,-,-,-,-,-,-,0.0611
6085,Marcin Kaminski,VfB Stuttgart,0.0,-,-,0.0,0.0601,-,-,-,-,-,-,-,-,-,-,-,-,-,-,-,-,-,0.0601
7309,Ahmed Kutucu,Schalke 04,-,-,-,-,0.0,-,-,0.0,-,-,-,0.0,0.0593,0.0,0.0,0.0,-,-,-,-,-,-,0.0593
7122,Javairo Dilrosun,Hertha Berlin,-,-,-,0.0,0.0,0.0,-,-,-,0.0,0.0,0.0174,0.0404,-,-,-,-,-,-,-,-,-,0.0578
6937,Georginio Rutter,Hoffenheim,-,-,-,-,-,-,-,-,-,-,-,-,-,-,-,-,-,-,-,-,-,0.0558,0.0558
7918,Daishawn Redan,Hertha Berlin,-,0.0,-,-,-,-,-,-,-,-,0.0557,-,0.0,-,-,0.0,0.0,0.0,-,-,-,-,0.0557
8797,Nils Seufert,Arminia Bielefeld,-,-,-,0.0,0.0,-,0.0,0.0,0.0555,-,0.0,-,0.0,-,-,0.0,0.0,0.0,0.0,0.0,-,-,0.0555
7106,Philipp Mwene,Mainz 05,-,-,0.0,-,-,-,-,-,-,-,-,-,-,0.0,-,0.0,0.0544,0.0,0.0,0.0,0.0,0.0,0.0544
8815,Klauss,Hoffenheim,-,-,-,-,0.0539,0.0,0.0,0.0,-,-,-,-,-,-,-,-,-,-,-,-,-,-,0.0539
7811,Lino Tempelmann,Freiburg,-,-,-,-,0.0,-,0.0,0.0182,-,-,0.0,0.0,-,-,0.0,0.0,0.0326,-,-,-,-,-,0.0508
6103,Dan-Axel Zagadou,Borussia Dortmund,-,-,-,-,-,-,-,-,-,0.0475,0.0,0.0,-,0.0,0.0,0.0,-,-,-,-,-,-,0.0475
433,Nico Schulz,Borussia Dortmund,-,-,0.0,-,-,-,-,0.0,-,0.0,0.0471,-,0.0,-,-,-,-,-,0.0,-,0.0,-,0.0471
7043,Eduard Löwen,Hertha Berlin,-,-,-,0.0401,0.0,-,0.0,0.0,-,-,-,-,-,-,-,-,-,-,0.0,-,-,-,0.0401
8206,Yannik Keitel,Freiburg,-,-,-,-,-,-,-,-,-,-,-,-,-,-,-,-,0.0197,0.0,0.0202,0.0,-,-,0.0399
3393,Bouna Sarr,Bayern Munich,-,-,-,-,0.0161,0.0,0.0233,-,-,-,-,-,-,-,-,-,-,-,-,-,0.0,-,0.0394
5258,László Bénes,Borussia M.Gladbach,-,-,-,-,-,-,0.0,-,0.0,0.0202,0.0183,0.0,-,-,-,0.0,0.0,-,-,-,-,-,0.0385
326,Pascal Stenzel,VfB Stuttgart,-,0.0,-,0.0,0.0,0.0185,0.0,0.0,-,0.0,0.0,0.0,0.0,0.0,0.0196,0.0,0.0,0.0,-,-,-,0.0,0.0381
138,Frederik Sörensen,FC Cologne,0.0378,0.0,0.0,-,-,-,-,-,-,-,-,-,-,-,-,-,-,-,-,-,-,-,0.0378
1699,Shkodran Mustafi,Schalke 04,-,-,-,-,-,-,-,-,-,-,-,-,-,-,-,-,-,-,-,0.0325,0.0,-,0.0325
9161,Jan-Luca Schuler,Schalke 04,-,-,-,-,-,-,-,-,0.0266,-,-,-,-,-,-,-,-,-,-,-,-,-,0.0266
449,Robin Zentner,Mainz 05,0.0,0.0,0.0,0.0,0.0265,0.0,0.0,0.0,0.0,0.0,0.0,0.0,0.0,-,0.0,0.0,0.0,0.0,0.0,0.0,0.0,0.0,0.0265
241,Mathew Leckie,Hertha Berlin,0.0,-,-,0.0248,-,-,0.0,0.0,0.0,0.0,0.0,0.0,-,-,-,-,-,0.0,0.0,0.0,0.0,0.0,0.0248
5133,Aarón Martín,Mainz 05,-,-,0.0,-,-,-,-,-,0.0,0.0,-,0.0244,0.0,-,-,-,-,-,-,-,-,-,0.0244
9023,Ajdin Hrustic,Eintracht Frankfurt,-,-,-,-,-,-,-,-,-,-,-,-,0.0,-,-,0.0224,0.0,0.0,0.0,-,0.0,-,0.0224
8805,Deyovaisio Zeefuik,Hertha Berlin,0.0,0.0,0.0219,0.0,0.0,-,-,0.0,-,0.0,-,0.0,0.0,0.0,0.0,-,0.0,-,-,-,-,-,0.0219
185,Wendell,Bayer Leverkusen,0.0,-,0.0,-,-,-,0.0,-,-,-,0.0,0.0,-,-,-,-,0.0179,0.0,0.0,-,0.0,0.0,0.0179
5238,Jordan Torunarigha,Hertha Berlin,0.0,0.0,-,-,-,-,-,-,-,0.0,0.0,0.0,0.0179,-,-,-,-,-,0.0,0.0,-,-,0.0179
8341,Lazar Samardzic,RasenBallsport Leipzig,-,-,0.0,-,-,0.0177,-,-,0.0,-,-,-,-,-,0.0,-,-,0.0,-,-,-,-,0.0177
4336,Raphael Framberger,Augsburg,0.0,0.0,0.0,0.0,0.0,0.0166,-,0.0,-,0.0,0.0,0.0,0.0,-,-,-,-,-,-,-,-,0.0,0.0166
3290,Benjamin Stambouli,Schalke 04,0.0,0.0,0.0,-,-,-,-,0.0,-,0.0,0.0,0.0,0.0,0.0,0.0,0.0,0.0153,0.0,0.0,0.0,0.0,0.0,0.0153
133,Kevin Vogt,Hoffenheim,0.0148,0.0,0.0,0.0,0.0,0.0,0.0,-,-,0.0,0.0,0.0,0.0,0.0,0.0,0.0,0.0,-,0.0,0.0,0.0,-,0.0148
90,Sebastian Rudy,Schalke 04,0.0142,0.0,-,-,-,-,-,-,-,-,-,-,-,-,-,-,-,-,-,-,-,-,0.0142
350,Felix Klaus,Wolfsburg,0.0,0.0,-,-,0.0,0.0119,-,0.0,-,-,0.0,-,-,-,-,-,-,-,-,-,-,-,0.0119
8795,Jacob Laursen,Arminia Bielefeld,0.0,-,0.0,-,0.0,-,0.0109,-,-,-,-,-,-,-,0.0,0.0,0.0,0.0,0.0,0.0,0.0,-,0.0109
6327,Kevin Akpoguma,Hoffenheim,0.0,0.0,0.0,0.0,0.0,0.0,0.0,0.01,0.0,-,0.0,0.0,0.0,0.0,-,-,-,-,-,-,-,-,0.01
7026,Joshua Brenet,Hoffenheim,0.0067,-,-,-,-,-,-,-,-,-,-,-,-,-,-,-,-,-,-,-,-,-,0.0067
207,Ibrahima Traoré,Borussia M.Gladbach,-,-,0.0,0.0,-,-,-,-,-,-,0.0,0.0,0.0,-,-,-,-,-,-,-,-,-,0.0
9178,Merveille Papela,Mainz 05,-,-,-,-,-,-,-,-,-,-,-,-,-,0.0,-,-,-,-,-,-,-,-,0.0
37,Loris Karius,Union Berlin,-,-,-,-,-,-,-,-,-,-,-,-,-,-,-,-,-,-,0.0,-,0.0,0.0,0.0
199,Yann Sommer,Borussia M.Gladbach,0.0,0.0,0.0,0.0,0.0,0.0,0.0,0.0,0.0,0.0,-,0.0,0.0,0.0,0.0,0.0,0.0,0.0,0.0,0.0,0.0,0.0,0.0
6148,Michaël Cuisance,Bayern Munich,0.0,-,-,-,-,-,-,-,-,-,-,-,-,-,-,-,-,-,-,-,-,-,0.0
7981,Nianzou Kouassi,Bayern Munich,-,-,-,-,-,-,-,-,0.0,-,-,-,-,-,-,-,-,-,-,-,-,-,0.0
214,Tobias Sippel,Borussia M.Gladbach,-,-,-,-,-,-,-,-,-,-,0.0,-,-,-,-,-,-,-,-,-,-,-,0.0
914,Nabil Bentaleb,Schalke 04,0.0,0.0,0.0,0.0,0.0,0.0,-,0.0,-,-,-,-,-,-,-,-,-,-,-,-,0.0,-,0.0
8430,Chris Richards,Bayern Munich,0.0,-,0.0,-,-,-,-,-,-,0.0,-,-,-,-,-,-,-,-,-,-,-,-,0.0
8847,Niklas Tauer,Mainz 05,0.0,-,-,-,-,-,-,-,-,-,-,-,-,-,-,0.0,0.0,0.0,-,0.0,-,-,0.0
9187,Sebastian Müller,Arminia Bielefeld,-,-,-,-,-,-,-,-,-,-,0.0,0.0,-,-,-,-,-,-,-,-,-,-,0.0
8826,Rocco Reitz,Borussia M.Gladbach,-,-,-,-,0.0,-,-,-,-,-,-,-,-,-,-,-,-,-,-,-,-,-,0.0
340,Klaas-Jan Huntelaar,Schalke 04,-,-,-,-,-,-,-,-,-,-,-,-,-,-,-,-,-,-,0.0,-,-,-,0.0
330,Ralf Fährmann,Schalke 04,0.0,0.0,0.0,-,-,-,-,-,-,-,0.0,0.0,0.0,0.0,0.0,0.0,0.0,0.0,0.0,0.0,0.0,0.0,0.0
5260,Andreas Luthe,Union Berlin,0.0,0.0,0.0,0.0,0.0,0.0,0.0,0.0,0.0,0.0,0.0,0.0,0.0,0.0,0.0,0.0,0.0,0.0,0.0,0.0,-,-,0.0
217,Manuel Neuer,Bayern Munich,0.0,0.0,0.0,0.0,0.0,0.0,0.0,0.0,0.0,0.0,0.0,0.0,0.0,0.0,0.0,0.0,0.0,0.0,0.0,0.0,0.0,0.0,0.0
7181,Issah Abass,Mainz 05,0.0,-,-,-,-,-,-,-,-,-,0.0,-,-,-,-,-,-,-,-,-,-,-,0.0
9028,Kilian Ludewig,Schalke 04,-,-,-,0.0,0.0,0.0,0.0,0.0,0.0,-,-,-,-,-,-,-,-,-,-,-,-,-,0.0
6596,Finn Dahmen,Mainz 05,-,-,-,-,-,-,-,-,-,-,-,-,-,0.0,-,-,-,-,-,-,-,-,0.0
8787,Nathan de Medina,Arminia Bielefeld,0.0,-,-,0.0,0.0,-,-,-,-,-,-,0.0,0.0,0.0,-,0.0,-,-,-,-,0.0,-,0.0
8786,Stefan Ortega Moreno,Arminia Bielefeld,0.0,0.0,0.0,0.0,0.0,0.0,0.0,0.0,0.0,0.0,0.0,0.0,0.0,0.0,0.0,0.0,0.0,0.0,0.0,0.0,0.0,-,0.0
5298,Arne Maier,Arminia Bielefeld,-,-,-,-,0.0,-,0.0,-,-,-,-,-,-,0.0,0.0,-,-,0.0,-,-,-,-,0.0
276,Dong-Won Ji,Mainz 05,-,-,-,0.0,0.0,0.0,0.0,0.0,-,-,-,-,0.0,-,-,-,-,-,-,-,-,-,0.0
249,Danny da Costa,Mainz 05,-,-,-,-,-,-,-,-,-,-,-,-,-,-,-,-,-,0.0,0.0,0.0,0.0,0.0,0.0
263,Marwin Hitz,Borussia Dortmund,-,-,0.0,0.0,-,-,-,-,-,-,-,-,-,-,-,-,-,-,0.0,0.0,0.0,0.0,0.0
7048,Frederik Rönnow,Schalke 04,-,-,0.0,0.0,0.0,0.0,0.0,0.0,0.0,-,-,-,-,-,-,-,-,-,-,-,-,-,0.0
7220,Michael Langer,Schalke 04,-,-,-,-,-,-,-,-,-,0.0,-,-,-,-,-,-,-,-,-,-,-,0.0,0.0
9100,Tim Maciejewski,Union Berlin,-,-,-,-,-,-,0.0,-,-,-,-,-,-,-,-,-,-,-,-,-,-,-,0.0
309,Roman Bürki,Borussia Dortmund,0.0,0.0,-,-,0.0,0.0,0.0,0.0,0.0,0.0,0.0,0.0,0.0,0.0,0.0,0.0,0.0,0.0,-,-,-,-,0.0
310,Lukasz Piszczek,Borussia Dortmund,-,-,-,0.0,-,0.0,-,0.0,-,-,-,0.0,-,-,-,-,-,-,0.0,-,-,-,0.0
7394,Rabbi Matondo,Schalke 04,0.0,-,-,-,0.0,-,-,-,-,-,-,0.0,-,-,-,-,-,-,-,-,-,-,0.0
7266,Leon Dajaku,Union Berlin,-,-,-,-,-,-,-,-,-,-,-,-,-,-,-,-,0.0,-,0.0,-,-,-,0.0
9186,Tim Civeja,Augsburg,-,-,-,-,-,-,-,-,-,-,-,-,-,-,-,0.0,-,-,0.0,0.0,-,-,0.0
281,Lukas Hradecky,Bayer Leverkusen,0.0,0.0,0.0,0.0,0.0,0.0,0.0,0.0,0.0,0.0,0.0,0.0,0.0,0.0,0.0,0.0,0.0,0.0,0.0,0.0,0.0,-,0.0
7790,Darko Churlinov,VfB Stuttgart,-,-,-,-,0.0,0.0,-,-,-,0.0,0.0,-,-,-,-,-,0.0,-,-,-,-,-,0.0
8137,Maximilian Beier,Hoffenheim,-,-,-,-,-,-,-,0.0,-,-,-,0.0,-,-,-,-,-,-,-,-,-,-,0.0
6289,Santiago Ascacibar,Hertha Berlin,-,-,-,-,-,-,-,-,-,-,-,-,-,-,-,-,-,-,0.0,0.0,0.0,-,0.0
5298,Arne Maier,Hertha Berlin,0.0,0.0,-,-,-,-,-,-,-,-,-,-,-,-,0.0,-,-,-,-,-,-,-,0.0
5262,Alexander Schwolow,Hertha Berlin,0.0,0.0,0.0,0.0,0.0,0.0,0.0,0.0,0.0,0.0,0.0,0.0,0.0,0.0,0.0,0.0,0.0,0.0,-,-,-,-,0.0
1292,Sami Khedira,Hertha Berlin,-,-,-,-,-,-,-,-,-,-,-,-,-,-,-,-,-,-,-,0.0,0.0,0.0,0.0
403,Lukas Klünter,Hertha Berlin,-,-,-,-,-,-,-,-,-,-,-,-,-,-,-,-,-,-,0.0,-,-,0.0,0.0
5288,Gregor Kobel,VfB Stuttgart,0.0,0.0,0.0,0.0,0.0,0.0,0.0,0.0,0.0,0.0,0.0,0.0,0.0,0.0,0.0,0.0,0.0,0.0,0.0,0.0,0.0,0.0,0.0
367,Jan Morávek,Augsburg,-,-,-,-,-,-,-,-,-,-,-,-,-,-,-,-,-,-,-,-,-,0.0,0.0
19,Rune Jarstein,Hertha Berlin,-,-,-,-,-,-,-,-,-,-,-,-,-,-,-,-,-,-,0.0,0.0,0.0,0.0,0.0
5253,Benno Schmitz,FC Cologne,-,-,-,0.0,-,-,-,-,-,0.0,0.0,-,0.0,-,0.0,-,-,-,-,0.0,-,-,0.0
2210,Jorge Meré,FC Cologne,-,-,-,-,-,-,-,0.0,-,-,-,0.0,0.0,0.0,0.0,-,-,0.0,0.0,0.0,0.0,0.0,0.0
3286,Kevin Trapp,Eintracht Frankfurt,0.0,0.0,0.0,0.0,0.0,0.0,0.0,0.0,0.0,0.0,0.0,0.0,0.0,0.0,0.0,0.0,0.0,0.0,0.0,0.0,0.0,0.0,0.0
427,Marco Höger,FC Cologne,0.0,-,0.0,-,-,-,-,-,-,-,-,-,-,-,-,-,-,-,-,-,-,-,0.0
8810,Hamadi Al Ghaddioui,VfB Stuttgart,0.0,0.0,-,0.0,-,-,-,-,-,-,-,-,-,-,-,-,-,-,-,-,-,-,0.0
2659,Noah Joel Sarenren Bazee,Augsburg,-,-,-,-,-,0.0,-,-,-,-,-,-,-,-,0.0,0.0,-,-,-,-,-,-,0.0
8811,Alkhaly Momo Cissé,VfB Stuttgart,0.0,-,-,-,-,-,-,-,-,-,-,-,-,-,-,-,-,-,-,-,0.0,-,0.0
127,Timo Horn,FC Cologne,0.0,0.0,0.0,0.0,0.0,0.0,0.0,0.0,0.0,0.0,0.0,0.0,0.0,0.0,0.0,0.0,0.0,0.0,0.0,0.0,0.0,0.0,0.0
91,Ron-Robert Zieler,FC Cologne,-,-,-,-,-,-,0.0,-,-,-,-,-,-,-,-,-,-,-,-,-,-,-,0.0
8987,Lilian Egloff,VfB Stuttgart,-,-,-,0.0,-,-,-,-,-,-,0.0,-,-,-,-,-,-,-,-,-,-,-,0.0
5293,Rafal Gikiewicz,Augsburg,0.0,0.0,0.0,0.0,0.0,0.0,0.0,0.0,0.0,0.0,0.0,0.0,0.0,0.0,0.0,0.0,0.0,0.0,0.0,0.0,0.0,0.0,0.0
8846,Paul Nebel,Mainz 05,0.0,0.0,0.0,0.0,-,-,-,-,-,-,-,-,-,-,-,-,-,-,-,-,-,-,0.0
7808,Marek Suchy,Augsburg,-,0.0,-,-,-,-,-,-,-,0.0,-,-,-,-,-,-,-,-,-,-,0.0,-,0.0
7869,Philipp Pentke,Hoffenheim,-,-,-,-,0.0,-,-,-,-,-,-,-,-,-,-,-,-,-,-,-,-,-,0.0
8398,Márton Dárdai,Hertha Berlin,-,-,-,-,-,-,0.0,-,0.0,-,-,-,-,-,-,-,-,-,-,-,-,0.0,0.0
8962,Joscha Wosz,RasenBallsport Leipzig,-,-,0.0,-,-,-,-,-,-,-,0.0,-,-,-,-,-,-,-,-,-,-,-,0.0
6229,William,Wolfsburg,-,-,-,-,-,-,-,-,-,-,0.0,-,-,-,0.0,-,-,-,-,-,-,-,0.0
417,Tin Jedvaj,Bayer Leverkusen,-,-,-,-,-,-,-,-,0.0,-,-,-,-,-,-,-,-,-,-,-,-,-,0.0
8502,Dennis Borkowski,RasenBallsport Leipzig,-,-,-,-,-,-,-,-,-,-,0.0,-,0.0,-,-,-,-,-,-,-,-,-,0.0
8000,Ilia Gruev,Werder Bremen,-,-,-,-,-,-,-,-,-,-,-,-,-,-,-,0.0,-,-,-,-,-,-,0.0
5241,Péter Gulácsi,RasenBallsport Leipzig,0.0,0.0,0.0,0.0,0.0,0.0,0.0,0.0,0.0,0.0,0.0,0.0,0.0,0.0,0.0,0.0,0.0,0.0,0.0,0.0,0.0,0.0,0.0
45,Yunus Malli,Wolfsburg,-,0.0,-,-,-,-,-,-,-,-,-,-,-,-,-,-,-,-,-,-,-,-,0.0
159,Koen Casteels,Wolfsburg,0.0,-,0.0,0.0,0.0,0.0,0.0,0.0,0.0,0.0,0.0,0.0,0.0,0.0,0.0,0.0,0.0,0.0,0.0,0.0,0.0,0.0,0.0
7809,Mads Pedersen,Augsburg,-,-,-,0.0,-,-,-,-,-,-,-,-,-,-,0.0,0.0,-,-,0.0,0.0,0.0,0.0,0.0
5222,Joel Pohjanpalo,Bayer Leverkusen,0.0,-,-,-,-,-,-,-,-,-,-,-,-,-,-,-,-,-,-,-,-,-,0.0
6440,Niklas Lomb,Bayer Leverkusen,-,-,-,-,-,-,-,-,-,-,-,-,-,-,-,-,-,-,-,-,0.0,0.0,0.0
7113,Santiago Arias,Bayer Leverkusen,-,-,0.0,-,-,-,-,-,-,-,-,-,-,-,-,-,-,-,-,-,-,-,0.0
7053,Pavao Pervan,Wolfsburg,-,0.0,-,-,-,-,-,-,-,-,-,-,-,-,-,-,-,-,-,-,-,-,0.0
5265,Amir Abrashi,Freiburg,0.0,-,-,-,-,-,-,-,-,-,-,0.0,0.0,0.0,-,0.0,-,-,-,-,-,-,0.0
8303,Marin Pongracic,Wolfsburg,-,-,-,-,-,-,0.0,-,-,-,-,0.0,0.0,0.0,0.0,-,-,-,-,-,-,0.0,0.0
8393,Omar Marmoush,Wolfsburg,-,-,-,-,-,-,-,-,-,0.0,-,-,-,-,-,-,-,-,-,-,-,-,0.0
7040,Patrick Erras,Werder Bremen,-,-,-,-,-,-,-,-,-,0.0,-,0.0,-,-,-,-,-,-,-,-,-,-,0.0
6084,Johannes Eggestein,Werder Bremen,-,0.0,0.0,-,-,-,-,-,-,-,-,-,-,-,-,-,-,-,-,-,-,-,0.0
73,Oliver Baumann,Hoffenheim,0.0,0.0,0.0,0.0,-,0.0,0.0,0.0,0.0,0.0,0.0,0.0,0.0,0.0,0.0,0.0,0.0,0.0,0.0,0.0,0.0,0.0,0.0
6082,Jiri Pavlenka,Werder Bremen,0.0,0.0,0.0,0.0,0.0,0.0,0.0,0.0,0.0,0.0,0.0,0.0,0.0,0.0,0.0,0.0,0.0,0.0,0.0,0.0,0.0,-,0.0
5355,Jacob Bruun Larsen,Hoffenheim,-,-,-,0.0,0.0,-,-,-,-,-,-,-,-,-,-,-,-,-,-,-,-,-,0.0
7771,Guus Til,Freiburg,-,-,-,-,-,-,-,0.0,-,0.0,-,-,-,-,-,-,-,0.0,-,-,-,-,0.0
1936,Niklas Moisander,Werder Bremen,0.0,-,0.0,-,0.0,0.0,0.0,-,-,-,0.0,-,-,-,-,-,0.0,0.0,0.0,0.0,-,-,0.0
5328,Florian Müller,Freiburg,0.0,0.0,0.0,0.0,0.0,0.0,0.0,0.0,0.0,0.0,0.0,0.0,0.0,0.0,0.0,0.0,0.0,0.0,0.0,0.0,0.0,0.0,0.0
9274,Naouirou Ahamada,VfB Stuttgart,-,-,-,-,-,-,-,-,-,-,-,-,-,-,-,-,-,-,-,0.0,-,-,0.0
