id,name,team,1,2,3,4,5,6,7,8,9,10,11,12,13,14,15,16,17,18,total
677,Jordan Veretout,Roma,0.741,0.0,0.3974,0.1704,0.0727,1.1408,0.807,0.9723,0.0,-,1.7729,0.8967,0.1801,1.0434,0.5969,0.0,0.1635,0.0641,9.0192
6108,Rodrigo Bentancur,Juventus,0.0815,0.5643,0.4139,-,1.2077,0.8446,0.1835,0.0951,0.5658,1.2017,0.1599,1.3351,0.2269,0.4707,0.8557,0.5798,0.1344,-,8.9206
317,Henrikh Mkhitaryan,Roma,0.5192,0.498,0.0355,0.2987,0.0144,0.1426,0.8176,1.3368,0.0,0.7114,1.0175,1.2478,0.3647,0.6119,1.0097,0.2119,0.0753,0.0,8.913
4941,Hans Hateboer,Atalanta,1.0138,0.0635,0.533,-,0.0994,1.1731,0.6516,-,0.2603,0.302,0.0914,0.2471,0.0969,1.3008,0.3737,1.6215,0.2462,0.6662,8.7405
1541,Stefan de Vrij,Inter,-,1.3236,0.1756,0.4592,-,0.9107,0.1502,0.4949,0.2106,0.4333,1.431,0.0872,0.1257,0.8739,1.3585,0.0612,0.0569,0.3297,8.4822
1409,Nicolò Barella,Inter,0.3321,0.5909,0.3038,0.2251,0.567,0.4166,0.4446,0.2213,0.2208,0.0,1.6738,0.0872,0.1379,0.989,0.7381,0.7012,0.185,0.3057,8.1401
4939,Alessandro Bastoni,Inter,0.6926,-,0.3789,-,0.7445,-,0.1502,0.4949,0.2785,0.915,0.3869,0.0872,0.0844,0.9566,1.1808,0.2666,0.6165,0.6551,7.8887
2244,Danilo,Juventus,0.2255,0.5643,0.3982,0.4781,1.2077,0.1948,0.6848,0.5854,0.0364,-,0.3407,0.5648,0.0941,0.4373,1.227,0.6691,0.0459,-,7.7541
1511,Marcelo Brozovic,Inter,0.6014,0.6885,0.0859,0.135,0.723,0.9283,0.5021,-,-,0.5751,0.3282,0.0,0.1718,0.3639,0.9571,0.5136,0.3362,0.4132,7.3233
7413,Ibañez,Roma,0.0661,0.6267,0.3309,0.1016,0.1074,0.1426,1.0934,0.3831,0.0103,0.6937,0.9854,0.5009,0.3647,0.571,1.1256,0.0649,0.0796,0.0,7.2479
6978,Giovanni Di Lorenzo,Napoli,0.2405,0.8878,0.4192,0.654,0.3138,0.1189,0.1866,0.1369,0.0242,0.1535,1.1201,0.4662,0.236,0.6477,1.2481,0.0465,-,-,6.9
5197,Achraf Hakimi,Inter,0.194,0.9477,0.3978,1.1972,0.6,0.5127,0.0,0.4949,0.0,0.1903,0.0143,0.0,0.0413,0.9123,0.387,0.4423,0.0826,0.4575,6.8719
1710,Marten de Roon,Atalanta,1.3498,0.0635,1.264,0.0805,0.2211,-,-,0.037,0.1634,0.4376,0.0201,0.3226,0.5375,0.2811,0.9383,0.5704,0.3233,0.222,6.8322
222,Arturo Vidal,Inter,0.158,0.3287,0.2033,0.3665,0.5347,1.0811,0.1369,0.6178,0.2208,0.36,-,-,0.0459,0.7817,0.9205,0.0,0.7639,0.2998,6.8196
1246,Kostas Manolas,Napoli,0.2249,0.0825,0.0778,0.1156,0.3464,0.7042,0.1633,0.1408,0.5029,0.1967,1.39,0.1028,0.4179,1.1122,1.0907,0.0,0.0432,-,6.7119
1223,Milan Skriniar,Inter,-,0.7571,0.2186,-,-,-,0.4446,0.4949,0.2287,0.3014,0.3388,0.0872,0.0798,0.8739,1.383,0.2833,0.7235,0.2468,6.4616
1488,Remo Freuler,Atalanta,1.3334,0.7858,0.1334,-,-,0.9314,0.6126,-,0.5061,0.4019,0.0914,0.1392,0.0827,0.7038,0.0944,0.2205,0.3224,0.052,6.411
1386,Piotr Zielinski,Napoli,0.3766,1.0069,-,-,0.0,0.0,0.0959,0.2677,0.9193,0.6904,0.7253,0.493,0.1378,0.8913,0.081,0.0465,0.4963,-,6.228
1393,Lorenzo Insigne,Napoli,0.3593,1.0157,-,0.5074,-,0.1316,0.2438,0.115,0.4786,0.543,0.1725,-,0.4785,1.3309,0.3285,0.0609,0.4531,-,6.2188
1287,Leonardo Bonucci,Juventus,0.307,0.0,0.0157,0.0297,1.4529,0.1533,-,-,0.0355,1.1274,0.3407,0.4519,0.1587,0.6549,0.4966,0.8813,0.0936,-,6.1992
6750,Gonzalo Villar,Roma,0.0,-,0.0,0.6287,0.0,-,0.0,0.9211,0.033,0.8151,2.012,0.0,0.0,0.0156,0.6242,0.825,0.2071,0.0641,6.1459
2447,Fabián,Napoli,0.2695,0.4322,0.2377,0.9476,0.1206,0.2514,0.1761,0.2209,-,0.0755,0.3643,0.1444,0.3165,1.1201,1.4333,0.0,-,-,6.1101
6362,Rick Karsdorp,Roma,0.1618,-,-,-,0.061,0.0218,0.3539,0.963,0.0,0.6063,1.474,0.0,0.0,0.571,1.3062,0.2569,0.1151,0.0,5.891
6155,Robin Gosens,Atalanta,1.074,0.2643,1.0444,0.0345,0.1045,-,-,0.5727,-,0.1095,0.3218,0.2424,0.1279,1.0523,0.2894,0.3507,0.241,0.052,5.8814
1145,Rodrigo de Paul,Udinese,0.0421,1.1913,1.2196,0.1662,1.1218,0.0337,0.0,0.0,0.0154,0.0965,0.2857,0.4278,0.0702,0.3054,0.1121,0.6356,0.0704,0.0,5.7938
1376,Kalidou Koulibaly,Napoli,0.2716,0.5202,0.2193,0.4743,0.0752,0.0999,0.4353,0.1991,0.9436,0.2329,1.7218,0.4002,-,-,-,-,0.1965,-,5.7899
1089,Juan Cuadrado,Juventus,0.2899,0.5643,0.0,0.2645,1.0535,0.8032,0.5436,0.4758,0.0153,1.1423,0.5354,0.077,0.0201,-,-,-,-,-,5.7849
1471,Lorenzo Pellegrini,Roma,0.0987,0.0,0.0537,0.5385,0.2419,0.7459,0.8133,0.0658,0.033,0.7228,1.1919,0.0,0.1801,0.0,0.8516,0.019,0.1083,0.0641,5.7286
6942,Arthur,Juventus,-,0.5643,0.0157,1.1169,1.9325,-,0.2413,0.2229,-,-,0.0,-,-,0.3252,0.0,1.2819,-,-,5.7007
1484,Rafael Toloi,Atalanta,0.887,0.3637,-,0.0325,0.1313,1.419,0.0732,0.037,0.1634,0.3385,-,0.1764,0.0,-,0.7823,0.3037,0.1937,0.741,5.6427
7902,Matthijs de Ligt,Juventus,-,-,-,-,-,-,0.3262,0.5056,0.0355,1.1274,0.3407,1.1775,0.1008,0.928,0.872,-,-,-,5.4137
1168,Bryan Cristante,Roma,0.1376,-,0.0,0.7552,0.0,0.0,0.8906,0.7974,0.0433,0.7374,0.871,-,0.0,0.4724,0.4761,0.1261,0.0583,0.0,5.3654
1142,Samir,Udinese,0.1894,0.6474,1.2196,0.1841,0.2505,0.0798,0.0,0.0266,0.0147,0.074,0.1428,0.5249,0.8229,0.053,0.1284,0.3467,0.6218,0.0,5.3266
1324,Federico Dimarco,Verona,0.3787,0.319,0.0589,0.0,-,1.6153,0.1639,0.1218,0.0,0.7015,0.414,0.0177,0.3122,0.09,0.033,0.0197,0.9115,0.0,5.1572
7933,Jerdy Schouten,Bologna,0.1043,0.8932,0.3174,0.3934,0.1393,0.4841,0.4743,1.0468,0.079,0.2633,-,-,0.0,0.0,0.2437,0.0131,0.0868,0.6031,5.1418
1122,Manuel Locatelli,Sassuolo,0.9916,0.5703,0.0,1.063,0.4528,0.149,0.0,0.1853,0.5542,0.0,0.0521,0.2269,-,0.3489,0.0452,0.1358,0.192,-,4.9671
7013,Matteo Pessina,Atalanta,-,-,-,-,-,0.0,0.6285,0.3796,-,0.2033,0.0,0.0568,0.1169,1.2701,0.4942,0.936,-,0.8374,4.9228
3429,Tiemoué Bakayoko,Napoli,-,-,0.1095,0.6919,0.4344,0.1415,0.1479,-,0.4835,0.0,0.142,0.0416,0.1876,1.7497,0.5451,0.0609,0.098,-,4.8336
1518,Rodrigo Palacio,Bologna,0.1276,0.3843,0.8797,0.2912,0.0458,0.3163,0.0362,0.8877,0.2601,0.2324,0.0727,0.0341,0.116,0.0226,0.2051,0.7194,0.1103,0.0,4.7415
1244,Wojciech Szczesny,Juventus,0.0344,0.0,-,0.0297,-,0.603,-,0.158,0.5658,0.0517,0.0,-,0.0462,0.9053,0.5206,1.7348,0.0,-,4.6495
1354,Gianmarco Ferrari,Sassuolo,0.951,0.7317,0.0,0.7073,0.4098,0.0576,0.0,0.0402,0.0805,0.0344,0.0,-,0.4013,0.1613,0.0,0.667,0.2013,0.1292,4.5726
7931,Takehiro Tomiyasu,Bologna,0.1016,0.7369,0.7918,0.2856,0.136,0.0216,0.4312,1.093,0.0,0.0277,0.0447,0.0,0.4176,0.0,0.2051,0.0131,0.0442,0.2164,4.5665
1792,Mário Rui,Napoli,-,-,-,0.2961,0.0,-,0.4845,0.2311,0.5029,0.0,0.0557,0.4002,0.2565,1.5847,0.4925,0.0145,0.1965,-,4.5152
1543,Sergej Milinkovic-Savic,Lazio,0.0278,0.1566,0.3863,0.1248,-,0.6471,0.563,-,-,0.0,0.1849,0.1064,0.0451,0.0374,0.0,0.1253,1.8139,0.1963,4.4149
498,Alexis Sánchez,Inter,0.1307,2.0217,0.051,0.6661,-,-,0.5875,0.123,0.2813,0.1903,0.2497,-,-,-,-,0.0957,-,0.0,4.397
2547,Theo Hernández,AC Milan,0.1605,0.1319,0.1459,0.0,0.4413,0.5377,0.1452,1.2885,0.1061,0.0722,0.6682,-,0.0,0.1773,-,0.159,0.3549,-,4.3887
1253,Edin Dzeko,Roma,-,0.5581,0.0,1.0028,0.061,1.415,-,-,0.0,0.0389,1.0591,0.0,0.023,0.0156,0.0,0.0,0.2009,0.0,4.3744
6691,Dejan Kulusevski,Juventus,0.2794,0.5643,1.2622,0.2145,0.0,0.6861,0.1651,0.0,0.0876,0.0,-,0.1227,0.0,0.2504,0.0,0.6516,0.0675,-,4.3514
3291,Adrien Rabiot,Juventus,0.3316,0.0,0.0512,0.0544,0.3994,0.1077,0.6169,0.3557,0.1288,0.5263,0.1307,-,-,-,0.6561,0.9547,0.0261,-,4.3396
6174,Nikola Milenkovic,Fiorentina,1.2365,0.1301,0.1334,0.1812,0.496,0.0,0.372,0.0,0.0,0.2406,0.0717,0.2417,0.0406,0.5422,0.1169,-,0.2749,0.2414,4.3192
621,Aleksandar Kolarov,Inter,0.986,0.9237,-,0.9938,0.1306,1.1616,-,-,-,-,-,-,-,-,0.1139,-,0.0,-,4.3096
1489,Franck Kessié,AC Milan,0.1749,0.097,0.0594,0.0,0.6315,0.5222,0.2037,0.2751,0.1347,0.1605,0.6588,0.3356,0.0401,-,0.4574,0.2185,0.0,0.3357,4.3051
1099,Tomás Rincón,Torino,0.4089,0.3159,0.094,0.6183,0.0394,0.2553,0.0,0.5116,0.713,0.1217,0.0,0.1334,0.0749,0.0476,0.8501,0.1165,0.0,-,4.3006
3978,Marco Faraoni,Verona,0.3192,0.6085,0.0267,0.1526,0.0705,-,-,-,0.0188,1.2262,0.0716,0.0177,0.0,0.9319,0.0942,0.0197,0.4791,0.1974,4.2341
1612,Domenico Berardi,Sassuolo,0.3982,0.6401,0.0927,0.582,0.2231,-,0.0,0.0197,0.3978,0.0,0.1413,1.004,0.223,0.4263,0.081,0.0,-,-,4.2292
189,Hakan Calhanoglu,AC Milan,0.0653,0.0,0.1222,0.4074,0.5046,0.0691,0.245,0.8901,0.018,0.366,0.1427,0.5484,0.0,0.1008,0.5072,0.1841,0.0,-,4.1709
1294,Paulo Dybala,Juventus,-,-,-,0.3101,0.6176,0.0,0.0223,0.1629,0.5801,1.0704,0.0,-,-,0.9575,0.2777,0.1018,-,-,4.1004
1574,Davide Calabria,AC Milan,0.1536,0.1152,0.1605,0.4288,0.5778,0.0691,0.2129,0.0,0.2077,0.5668,0.2359,0.5247,0.6616,0.0,0.0899,0.0849,0.0,0.0,4.0894
6512,Musa Barrow,Bologna,0.0,0.4934,1.1145,0.3262,0.1684,0.3187,0.0125,0.4134,0.0511,0.1746,0.1044,0.0,0.5412,0.0,0.0197,0.3252,0.0235,0.0,4.0868
1395,Vlad Chiriches,Sassuolo,1.1896,0.5379,0.0,0.0973,0.2481,0.149,-,0.0,0.0654,-,-,1.0753,-,0.4472,0.0,-,0.0122,0.2581,4.0801
1289,Alex Sandro,Juventus,-,-,-,-,-,-,0.1612,-,0.5447,1.1885,0.048,1.1693,0.1823,0.7243,-,-,-,-,4.0183
7947,Ruslan Malinovskiy,Atalanta,0.1696,0.0995,0.429,0.0165,0.0268,1.2364,0.0,-,-,0.1149,0.4585,0.5173,0.0,0.5254,0.0,0.063,0.2192,0.1392,4.0153
1723,Roberto Pereyra,Udinese,-,-,0.4699,0.2856,0.0252,0.0758,0.0711,0.0,0.0302,0.0,0.2171,0.6964,0.1565,0.3584,0.7565,0.7936,0.0704,0.0,4.0067
6960,Bremer,Torino,0.4089,0.3159,-,0.0865,0.7191,0.0577,0.0,0.4709,0.8066,-,-,0.1546,0.0995,0.0858,0.0,0.1284,0.0486,0.6068,3.9893
687,Pedro,Roma,0.601,0.0721,0.354,0.1373,0.1345,0.2686,1.0228,1.1031,0.033,0.0389,-,0.1203,0.023,0.0253,-,-,-,0.0,3.9339
7218,Cristian Romero,Atalanta,-,0.0,0.7151,0.0152,-,0.6216,0.0568,0.193,-,0.3377,0.0,0.0568,0.1494,0.7154,-,0.2812,-,0.7905,3.9327
6180,Manuel Lazzari,Lazio,0.1076,0.074,0.5099,-,0.0,-,0.4062,0.6753,0.0,0.0,0.0,0.2461,0.0,0.0867,0.0708,0.0953,1.5482,0.1073,3.9274
6182,Pasquale Schiattarella,Benevento,0.2387,0.3162,0.0,0.3554,0.0125,0.7814,0.0,0.0207,0.0681,-,0.5024,0.0972,-,0.1284,0.9046,0.4694,0.0109,-,3.9059
1148,Duván Zapata,Atalanta,1.1453,0.3819,0.5178,0.0,0.0,0.0426,0.0231,0.0,0.1092,0.2405,0.0,0.1294,0.0,1.0401,0.0286,0.0784,0.1144,0.0187,3.87
6159,Gianluca Mancini,Roma,0.0562,0.0371,0.354,0.5041,0.0,0.0218,0.3656,0.9098,0.0,-,-,0.0,0.0,0.0,1.3852,0.093,0.1347,0.0,3.8615
1140,Danilo,Bologna,0.0738,0.7369,1.0911,0.0659,0.0936,0.049,0.0905,0.8903,0.017,0.2739,0.1854,0.1086,0.0,0.0,0.0189,0.0131,0.0849,0.0459,3.8388
1491,Alejandro Gomez,Atalanta,0.7902,0.0995,0.5451,0.0,0.598,0.5632,0.6285,0.0,0.5061,-,0.0914,-,-,-,-,-,-,-,3.822
1505,Samir Handanovic,Inter,0.3444,0.6375,0.0349,0.0871,0.0651,0.0531,0.0927,0.5988,0.1726,0.4232,0.05,0.0,0.0,0.0,0.6716,0.0612,0.0,0.4802,3.7724
4699,Simon Kjaer,AC Milan,0.0794,0.1319,1.6383,0.0,0.5349,0.5377,0.2301,0.0,0.0515,-,-,-,-,-,0.0179,0.1929,0.3549,0.0,3.7695
1370,Federico Ceccherini,Verona,-,-,-,0.1839,0.0,0.982,0.7513,0.0,0.6115,0.6906,-,0.5413,0.0,0.0,0.0,0.0,0.0,-,3.7606
1219,Luis Alberto,Lazio,0.5813,0.83,0.4494,0.0766,0.0692,-,0.0923,0.1457,0.0567,0.0,-,0.1278,0.0388,0.3959,0.0511,0.5797,0.113,0.1178,3.7253
4733,José Luis Palomino,Atalanta,0.0292,0.0995,0.0568,0.0,0.5197,0.1091,-,0.0351,0.0969,0.0,0.3918,0.1196,0.0,0.5509,0.1427,0.5714,0.1089,0.8654,3.697
1134,Mario Pasalic,Atalanta,0.0,0.5965,0.9917,0.1786,0.7451,1.1669,0.0,0.0,-,-,-,-,-,-,-,-,-,-,3.6788
6021,Lukas Lerager,Genoa,1.1104,0.0,-,-,0.0,0.1228,0.3599,0.1591,0.6289,0.9266,0.021,0.0483,0.0,0.0,0.0,0.2252,0.0605,0.0,3.6627
1123,Juraj Kucka,Parma Calcio 1913,0.084,0.0,0.7596,0.1606,0.3782,0.6709,0.0487,0.0,0.4374,-,-,0.5464,0.0,0.4004,0.0,-,-,0.1602,3.6464
6806,Rodrigo Becão,Udinese,0.1142,0.7076,0.3662,0.1468,0.2758,0.0465,0.0,0.0,0.0147,0.0,0.047,0.1816,0.5973,-,0.1075,0.81,0.203,0.0,3.6182
5246,Diego Demme,Napoli,0.1282,-,0.0,0.0264,-,-,-,0.1515,0.5994,0.6942,1.7218,-,0.0881,-,-,0.0,0.1855,-,3.5951
1463,Francesco Acerbi,Lazio,0.069,0.3687,0.3924,0.0474,0.0692,0.1764,0.563,0.2849,0.1701,0.0,0.0,-,-,-,0.0708,0.0466,1.2315,0.0839,3.5739
1567,Bruno Peres,Roma,-,0.0371,-,0.5109,0.0,0.4991,0.8509,0.0,-,-,-,0.0,0.0,0.4481,1.0888,0.019,0.0994,0.0,3.5533
1209,Ciro Immobile,Lazio,0.1668,0.87,0.2518,-,0.0995,0.069,-,0.4295,0.2019,0.0,0.0,0.1037,0.0,0.0606,0.0,0.1694,1.0514,0.0717,3.5453
1958,Mattia Zaccagni,Verona,0.0,0.319,0.0,0.0,0.0,0.094,0.5229,0.2271,0.6303,0.0529,0.1757,0.0557,0.0,0.09,0.4631,0.0,0.8807,0.0,3.5114
628,Chris Smalling,Roma,-,-,-,-,-,0.0,1.0251,-,-,-,0.2502,0.5009,0.023,0.0,1.4527,0.0402,0.152,0.0641,3.5082
8857,Gabriele Zappa,Cagliari,0.6732,0.0,0.0263,0.0909,0.3734,0.0,0.0932,0.0158,0.1156,0.1047,0.6375,0.0741,0.1025,0.1883,0.1236,0.3383,0.0,0.5048,3.4622
7927,Sofyan Amrabat,Fiorentina,-,0.788,0.215,0.1474,0.496,0.0,0.3111,0.05,0.2678,0.1947,0.0326,0.4934,0.1165,0.0472,0.0117,0.0,0.0207,0.2414,3.4335
504,Aaron Ramsey,Juventus,0.3397,0.0212,-,0.1957,0.0,-,-,0.1067,0.4079,-,-,0.8828,0.0201,0.0379,0.8799,0.5154,0.0117,-,3.419
1164,Cristiano Biraghi,Fiorentina,0.5512,0.8417,0.262,0.0,0.496,0.0229,0.1204,0.0,0.2678,0.1306,0.0,0.217,0.0,0.0886,-,0.1137,0.0,0.2414,3.3533
8828,Ivan Ilic,Verona,0.0,-,0.0471,0.1136,0.3438,0.094,0.9464,0.1309,0.6303,-,-,-,0.0,0.0,-,0.0197,0.8807,0.1367,3.3432
6252,Lyanco,Torino,-,-,0.1084,0.0761,0.0394,0.0,0.0,0.0489,1.1305,0.5622,0.0,0.1331,0.0604,-,0.5313,0.043,0.0,0.6068,3.3401
1942,Martín Cáceres,Fiorentina,0.5732,0.6126,0.3864,0.0,0.0,0.0358,0.3706,-,0.2678,0.4203,-,0.0567,-,0.2388,0.0634,-,0.3009,-,3.3265
1927,Berat Gjimshiti,Atalanta,-,0.2147,0.2112,0.0712,0.5458,0.2669,0.6858,-,0.1119,0.3485,0.0292,0.1172,0.0,0.1139,0.3737,-,0.2354,-,3.3254
505,David Ospina,Napoli,0.1399,-,0.2305,-,0.0326,0.0244,-,-,0.0242,-,1.2966,0.0971,-,0.3341,0.5417,-,0.5988,-,3.3199
6176,Adam Marusic,Lazio,0.5221,0.5565,0.08,0.0884,0.0,-,0.2143,0.0,0.1452,0.0,0.1192,0.134,0.0839,0.0777,0.0674,0.078,1.043,0.1073,3.317
1121,Giacomo Bonaventura,Fiorentina,0.8179,0.9129,0.1535,0.0,0.496,0.0,0.0595,-,0.0,0.211,0.0,0.317,0.0,0.0472,0.0117,0.0,0.2578,0.0,3.2845
1193,Lorenzo De Silvestri,Bologna,0.0738,0.0,0.3692,0.0309,0.0783,0.7283,0.0362,0.8441,0.108,0.2056,0.1127,0.2409,0.049,-,0.3219,-,-,0.0238,3.2227
329,Franck Ribéry,Fiorentina,0.6348,0.8417,-,0.0,-,0.0,0.3706,0.0,0.2678,0.1063,0.0,0.1754,0.0,0.6157,0.0921,0.1137,-,0.0,3.2181
475,Lucas Leiva,Lazio,0.1884,0.1123,0.6444,0.1193,0.0474,0.0797,-,0.386,0.1459,0.0,0.0582,-,-,-,0.0989,-,1.2211,0.1149,3.2165
7909,Gaetano Castrovilli,Fiorentina,0.7845,0.148,0.7168,0.0,0.0,0.0,0.0,0.0,0.4853,0.0412,0.0326,0.1029,0.0406,0.6157,0.0269,0.0599,-,0.1454,3.1998
7416,Merih Demiral,Juventus,0.0,-,0.0,0.1071,1.1916,0.6733,0.2619,-,-,-,-,-,-,-,0.0,0.9595,-,-,3.1934
1500,Leonardo Spinazzola,Roma,0.1187,0.4555,0.0329,0.2194,0.0,0.0574,0.0,0.9728,0.0433,0.063,1.1841,0.0,0.0,-,-,-,0.0281,0.0,3.1752
1226,Karol Linetty,Torino,0.0,0.3675,0.108,0.2259,0.0394,0.0875,0.0,0.5939,0.6911,0.0171,0.0,0.2641,0.1164,0.0,0.0,0.0743,0.0559,0.532,3.1731
5028,Gianluca Frabotta,Juventus,0.292,0.0,0.0,0.0512,0.0,0.0703,-,1.0335,-,-,-,-,0.0,0.2731,0.7026,0.7392,0.0,-,3.1619
1810,Roberto Soriano,Bologna,0.0225,0.6562,0.3732,0.0,0.061,0.1046,0.4868,0.4769,0.0,0.1158,0.0,0.0,0.1091,0.0,0.0189,0.0674,0.0,0.6438,3.1362
7953,Nahitan Nández,Cagliari,0.6732,0.0487,0.1107,0.7939,0.1241,0.3989,0.0818,-,-,-,0.5524,0.0441,0.0102,0.1949,0.0387,0.0615,-,-,3.1331
6208,Antonin Barak,Verona,0.0,0.878,0.0,-,0.0,0.0642,0.7513,0.1566,0.0188,0.6717,0.0,0.0557,-,-,0.4911,0.0,0.0,0.0316,3.119
7472,Wilfried Stephane Singo,Torino,-,-,0.1318,0.0,0.0,0.1474,0.0,0.4491,0.7997,0.0,0.0,0.0,-,0.1693,0.4586,0.1704,0.0486,0.6625,3.0374
594,Romelu Lukaku,Inter,0.2519,0.5968,0.2186,0.5317,0.5873,-,0.0,0.0,0.0,0.0,0.1619,0.0342,0.0385,0.0922,0.4265,0.0,0.0,0.0681,3.0077
1496,Roberto Gagliardini,Inter,-,1.0148,0.1641,-,-,0.0445,0.0,0.0,0.2287,0.3984,-,0.0,0.0,0.7817,0.1139,0.2394,0.0,0.0,2.9855
7999,Hirving Lozano,Napoli,0.1143,0.0825,0.39,0.0,0.0221,0.2161,0.0,0.0365,0.1396,0.078,0.781,0.4259,0.0134,0.1537,0.395,0.0,0.1306,-,2.9787
3739,Soualiho Meité,Torino,0.4089,0.3159,0.1203,0.5937,0.0394,0.1862,0.0,0.4709,0.8066,0.0,0.0,0.0,0.0,0.0,-,-,-,-,2.9419
1098,Miguel Veloso,Verona,0.3787,0.2567,-,-,-,-,-,0.0648,0.6115,1.05,0.1757,0.0177,0.0,0.09,0.2826,0.0,-,-,2.9277
6517,Charalampos Lykogiannis,Cagliari,0.206,0.0308,0.1242,0.0969,0.4936,0.3892,0.5996,-,-,0.0,0.6472,0.029,0.0,0.0719,0.0387,-,0.0134,0.1101,2.8506
7939,Morten Thorsby,Sampdoria,0.0,0.1193,0.6206,0.4846,0.0,0.0794,0.0228,0.0931,0.4271,0.0,0.3984,-,0.1334,0.0709,0.0,0.13,0.1708,0.0784,2.8288
631,Ashley Young,Inter,0.1775,0.8642,0.0,-,-,0.0,0.0927,0.0,0.0,-,0.0445,0.0872,0.0385,0.7817,0.0395,0.1554,0.15,0.3784,2.8096
8838,Junior Messias,Crotone,0.3934,0.0,0.1179,0.0346,0.5379,0.0275,0.0576,0.0377,0.0,0.092,0.6173,0.0608,0.0523,0.0,0.0,0.106,0.0093,0.6446,2.7889
1542,Stefan Radu,Lazio,0.6063,0.1736,0.0,-,-,-,0.0847,0.0264,0.1701,0.0,0.0,0.143,0.0451,0.0732,0.0871,0.018,1.2069,0.1393,2.7737
1430,Milan Badelj,Genoa,1.013,0.0,0.0397,0.0,0.0346,0.1688,0.0,0.1943,0.6189,-,-,-,-,0.0,0.1181,0.0,0.1329,0.4504,2.7707
2371,Cristiano Ronaldo,Juventus,0.229,0.0372,-,-,0.6783,0.09,0.6449,-,0.0633,0.0265,0.1307,0.0966,0.0926,0.2432,0.2132,0.158,0.0459,-,2.7494
1377,Nikola Maksimovic,Napoli,-,0.2832,-,-,-,-,-,-,0.0,-,-,0.4662,0.2754,0.7865,0.8707,0.0465,-,-,2.7285
448,Ivan Perisic,Inter,0.1285,0.0,0.1641,0.5053,0.0515,0.0388,0.0,0.4949,0.1609,0.0731,0.116,-,0.0459,0.6017,0.1139,0.2081,0.0,-,2.7027
1204,Patric,Lazio,0.1999,0.4732,0.3924,0.1086,0.0212,0.1924,-,0.6457,0.1134,-,-,0.1701,0.0,0.1545,0.1809,0.0,0.0,0.0355,2.6878
3989,Salvatore Molina,Crotone,0.0,0.0,0.2535,0.0818,1.0133,-,-,-,0.1236,0.0236,0.6878,0.077,0.1711,0.0481,0.0586,0.1204,0.0,-,2.6588
7923,Pawel Dawidowicz,Verona,-,0.0,-,-,-,0.4751,0.0,0.0439,0.0,0.601,0.0436,0.5413,0.0,0.0,0.4911,0.0,0.4216,0.0316,2.6492
4937,Miha Zajc,Genoa,1.0789,0.0,-,0.0,0.6676,0.0339,0.4108,0.0702,0.0,-,-,-,-,0.0,0.0,0.2252,0.1329,0.0,2.6195
8911,Matteo Ricci,Spezia,0.5809,0.4273,0.0,0.27,-,0.1043,0.4481,0.0313,0.0955,0.1618,0.1164,0.0,0.0645,0.3168,-,-,-,-,2.6169
1592,João Pedro,Cagliari,0.0873,0.0,0.1431,0.0,0.1952,0.8546,0.1225,0.0,0.0,0.8729,0.0511,0.0151,0.0,0.0,0.1236,0.0389,0.0134,0.0814,2.5991
1229,Luis Muriel,Atalanta,0.9484,0.0,0.5956,0.0,-,0.0,0.0568,-,0.081,0.0426,0.0,0.1275,0.1279,0.0553,0.0,0.1323,0.162,0.1954,2.5248
8856,Razvan Marin,Cagliari,0.1187,0.0308,0.0,0.0,0.0164,0.0396,0.0,0.0151,0.7503,0.5066,0.6731,0.0,0.1127,0.0654,0.1236,0.0389,0.0222,0.0089,2.5223
1433,Federico Chiesa,Fiorentina,1.4281,0.9129,0.0906,-,-,-,-,-,-,-,-,-,-,0.0533,-,-,-,-,2.4849
4348,Tolgay Arslan,Udinese,0.2795,-,0.8668,0.0786,0.0176,0.0,0.0711,0.0,0.0147,-,0.1428,-,0.0,-,0.0469,0.9647,0.0,0.0,2.4827
5360,Weston McKennie,Juventus,0.2719,0.0212,-,-,0.3752,0.0,0.1454,-,0.4569,0.6608,0.0,0.0887,0.1076,0.2205,0.0,0.0,0.1238,-,2.472
8297,Alexis Saelemaekers,AC Milan,0.0,0.19,1.1163,0.4074,0.0,0.0509,0.1672,0.0,0.0318,0.1606,-,0.279,0.0401,0.0,-,-,-,0.0,2.4433
1972,Gaetano Letizia,Benevento,0.0969,0.3162,0.0927,0.3554,0.0,0.704,0.0,0.0207,0.0681,0.195,0.3299,0.0377,0.0782,0.1131,0.0,-,-,-,2.4079
1241,Pedro Pereira,Crotone,-,0.0,0.0335,0.0577,0.6002,0.0,0.0,0.0266,0.1236,0.0236,0.6878,0.0608,0.0997,0.0481,0.0171,0.0488,0.0093,0.5108,2.3476
8913,Emmanuel Gyasi,Spezia,0.5647,0.0,0.0339,0.0762,0.1764,0.0,0.4015,0.1228,0.0,0.0435,0.0897,0.5629,0.0216,0.1704,0.0,0.0,0.0825,0.0,2.3461
8870,Sam Lammers,Atalanta,0.0,0.0,0.429,0.096,0.4756,-,0.6285,0.5727,0.0995,0.0426,-,-,-,-,-,-,0.0,-,2.3439
3772,Maxime Lopez,Sassuolo,-,-,-,0.5265,0.1989,0.08,0.0,0.1634,0.229,0.0,0.1413,-,0.6869,-,0.0,-,0.0,0.2868,2.3128
1433,Federico Chiesa,Juventus,-,-,0.347,-,0.0499,-,0.0381,0.1459,0.1365,0.1379,0.0,0.0242,0.0533,0.617,0.0369,0.6594,0.0593,-,2.3054
308,Ricardo Rodríguez,Torino,-,-,0.1059,0.5577,0.0394,0.0392,0.0,-,0.7946,0.0171,0.2364,-,0.0775,0.0427,0.3915,-,0.0,-,2.302
1375,Elseid Hysaj,Napoli,0.3915,0.3091,0.1829,-,0.389,0.3951,-,-,-,-,-,-,0.074,-,-,0.0609,0.4963,-,2.2988
1431,Sebastien De Maio,Udinese,0.1079,0.6607,0.3662,0.2197,0.4332,0.0666,-,-,-,-,-,0.0,-,0.4385,-,-,-,0.0,2.2928
1617,Roberto Insigne,Benevento,0.1619,0.0,-,0.3554,0.0,0.4159,0.1016,0.0,0.0,0.1335,0.1753,0.0573,0.0,0.1001,0.0903,0.6606,0.0,0.0,2.2519
3209,Jean-Daniel Akpa-Akpro,Lazio,0.0,0.0,0.0,-,0.0212,0.0797,0.4062,0.3662,0.1042,0.0,0.0657,-,0.1002,0.0,0.0,0.018,1.0139,0.0717,2.247
7937,Julian Chabot,Spezia,0.0,0.4273,0.0,0.2844,0.2079,0.1273,0.0798,0.0214,0.0,0.135,0.0125,0.5622,-,0.1704,0.0,-,0.2154,0.0,2.2436
7938,Tommaso Augello,Sampdoria,0.0926,0.0386,0.0,0.479,0.6272,0.0794,0.0,-,0.4752,0.0,0.0,0.0,0.0,0.317,0.0,0.0276,0.0,0.1013,2.2379
8522,Matteo Lovato,Verona,0.3509,0.0,0.3363,0.0552,0.0,0.6252,0.1639,-,0.0,0.0,0.2819,0.0,-,0.0,-,0.0,0.4094,-,2.2228
347,Kaan Ayhan,Sassuolo,0.0,0.0838,0.0,0.4498,0.1795,0.1242,0.0,0.0834,-,0.0,0.0,-,-,0.1051,-,0.9507,0.0,0.2421,2.2186
6324,Marash Kumbulla,Roma,-,0.498,0.3624,0.0923,0.061,0.0,-,-,-,0.0649,0.7784,0.0,-,0.3246,-,0.019,-,-,2.2006
8029,Lisandro Magallán,Crotone,0.0181,0.0,0.0335,0.0929,0.7103,0.0478,0.0197,0.1003,0.1388,-,0.6878,-,0.1711,0.0,0.0171,0.0726,-,0.0746,2.1846
1537,Sasa Lukic,Torino,0.0,0.0,0.295,0.1571,0.0129,0.0,0.0,-,-,0.0,0.0,0.0,0.0244,0.0903,0.9228,0.0858,0.0486,0.5457,2.1826
257,Jeremy Toljan,Sassuolo,0.5492,0.4613,0.0,-,-,-,-,0.0,0.1733,-,0.0521,0.4008,0.2271,-,-,-,0.0999,0.2067,2.1704
8944,Giulio Maggiore,Spezia,-,0.0,0.0,-,-,-,-,0.1228,0.6186,0.4944,0.0897,0.7653,0.0429,0.0,0.0,0.0,0.0,0.0,2.1337
1264,Edoardo Goldaniga,Genoa,0.5386,0.0,0.0,0.0,0.3154,0.0,-,0.055,0.1105,0.4417,0.4259,0.2453,0.0,-,-,0.0,-,0.0,2.1324
6981,Ismael Bennacer,AC Milan,0.1062,0.0,0.1222,0.0,0.1857,0.5377,0.492,0.0769,-,-,0.5881,-,-,-,-,-,-,-,2.1088
411,Albin Ekdal,Sampdoria,0.1382,0.043,0.3108,0.4265,0.0,0.077,0.0177,0.0,0.4732,0.1065,0.2948,0.0,0.0,0.0449,0.0,-,0.1254,0.0456,2.1036
6312,Rogerio,Sassuolo,0.1117,-,-,-,0.0,0.125,0.0,0.0834,0.1586,0.0,0.0,1.0844,0.096,-,-,0.0793,-,0.3584,2.0968
1394,Lorenzo Tonelli,Sampdoria,0.0,0.0,0.0,0.4208,1.0082,0.0474,0.0,-,0.3313,0.1065,-,0.0,0.0,0.143,0.0,0.0276,-,-,2.0848
1800,Kamil Glik,Benevento,0.0116,0.3162,0.0,0.3554,0.0125,0.3779,0.0,0.0207,0.0681,0.0,0.1266,0.0,0.0,0.0257,0.2407,0.512,0.0,0.0,2.0674
1426,Josip Ilicic,Atalanta,-,-,-,0.0152,0.1509,0.2919,-,0.0351,0.1092,-,-,0.1196,0.3754,0.1831,0.0663,0.5043,0.1583,0.052,2.0613
6177,Luiz Felipe,Lazio,-,-,-,-,-,0.0968,0.1141,-,-,0.0,-,0.1536,0.0451,0.1156,0.0197,0.0173,1.2681,0.1607,1.991
6303,Marvin Zeegelaar,Udinese,0.0147,0.0717,-,-,-,-,0.0711,0.0779,0.0147,0.2592,0.0129,0.4404,0.6836,0.2239,0.1031,0.0,0.0168,0.0,1.99
7003,Mehdi Bourabia,Sassuolo,0.2041,0.5333,0.0,0.1321,0.1336,0.0,-,-,-,0.0,0.0521,0.5485,0.381,-,0.0,0.0,-,-,1.9847
6421,Brahim Diaz,AC Milan,0.0,0.0221,0.101,-,-,0.0,0.0,-,0.0,0.0,0.0332,0.279,1.034,-,0.0179,0.1086,0.3772,0.0,1.973
1609,Antonio Mirante,Roma,0.068,0.4608,0.0644,0.8199,0.0464,0.0,-,0.4796,0.0103,0.0193,-,-,0.0,0.0,-,-,-,-,1.9687
5226,Walace,Udinese,-,-,-,-,0.0544,-,-,-,0.0,0.1343,-,0.4795,0.0,0.4914,0.1598,0.0,0.6475,0.0,1.9669
7006,Lautaro Martínez,Inter,0.0274,0.0,0.0663,0.1393,0.0,0.3191,0.0,0.0,0.8283,0.0,0.0,0.0872,0.0459,0.0,0.1139,0.0,0.2325,0.1069,1.9668
8030,Sebastian Walukiewicz,Cagliari,0.0587,0.0178,0.0,0.0,0.0341,0.7349,0.2043,0.0,0.0,0.6509,0.1866,0.0,-,0.0,0.0387,0.0,0.0222,-,1.9482
1119,Alessio Romagnoli,AC Milan,-,-,-,0.0,0.4413,0.0155,-,0.0555,0.0515,0.4199,0.1726,0.0,0.0,0.1136,0.0,0.1737,0.3549,0.1193,1.9178
6125,Stanislav Lobotka,Napoli,0.0,0.1641,0.2142,0.0,-,-,-,0.9465,0.0,0.0,-,0.0812,-,0.1167,0.3794,-,-,-,1.9021
1605,Diego Farias,Spezia,0.4375,0.0,-,0.0163,-,0.047,-,0.105,0.6424,0.0205,0.0517,0.0593,0.0,0.2914,0.0,0.066,0.157,0.0,1.8941
1473,Matteo Politano,Napoli,0.0427,0.0,0.1139,0.2944,0.0,0.0,0.1473,0.0258,0.0,0.0869,0.3643,0.3634,0.0222,0.0314,0.3927,-,0.0,-,1.885
1116,Gianluigi Donnarumma,AC Milan,0.1605,0.0221,0.1459,0.0,-,0.0155,0.0945,0.0,0.0318,0.4062,0.0,0.0237,0.0,0.0,0.4395,0.178,0.0,0.3577,1.8754
777,Emmanuel Rivière,Crotone,0.3934,-,-,-,0.0,-,-,0.0,-,-,0.0,0.0162,0.0919,0.0,0.0274,0.0,0.5977,0.7426,1.8692
3842,Claudio Terzi,Spezia,-,0.4273,-,0.0304,0.1862,0.1486,0.4662,0.0,0.1044,0.1768,0.0517,-,0.0572,0.0236,-,0.0,0.1958,0.0,1.8682
2107,Pau López,Roma,-,-,-,-,-,-,0.5777,-,-,-,0.0752,0.0,-,0.0,0.4761,0.7391,0.0,0.0,1.8681
1468,Gregoire Defrel,Sassuolo,0.5787,0.4417,0.0927,-,-,0.0442,0.0,-,-,-,-,0.0,0.0592,-,0.0,0.5056,0.0,0.1288,1.8509
1399,Bruno Alves,Parma Calcio 1913,0.1164,0.1333,0.1176,-,-,-,0.0357,0.0,0.0823,0.0253,0.1207,0.496,0.0,0.6548,0.0281,0.0,0.0357,-,1.8459
1460,Andrea Consigli,Sassuolo,0.0694,0.1758,0.0,0.1551,0.2716,0.077,0.0,0.0,0.0,-,0.0521,0.4213,0.1864,0.0209,0.0,0.1739,0.0215,0.2067,1.8317
4943,Emanuel Vignato,Bologna,0.0,-,0.3463,-,0.0,0.0,0.42,0.0,0.0,0.0887,0.1401,0.0,0.2248,0.0,0.0,0.0,0.1164,0.4917,1.828
1492,Jasmin Kurtic,Parma Calcio 1913,-,-,0.0,0.0592,0.3435,0.0,0.014,0.0,0.0,0.0795,0.0,0.4232,0.3119,0.2779,0.0281,0.0,0.0635,0.1999,1.8007
9018,M'Bala Nzola,Spezia,-,-,-,0.0,0.0,0.0801,0.1264,0.1396,0.0,0.0205,-,0.3255,0.0645,0.1228,0.0,0.9119,0.0,-,1.7913
8942,Aaron Hickey,Bologna,-,0.3481,0.0589,0.2912,0.1297,0.3522,-,0.5699,0.0,0.0304,-,-,-,-,-,0.0,0.0,-,1.7804
1804,Álvaro Morata,Juventus,-,0.0,0.0,0.1183,0.0,0.261,0.0851,0.5292,-,0.4978,0.048,0.1146,0.0,-,-,0.0,0.1012,-,1.7552
1604,Artur Ionita,Benevento,0.1621,0.3162,0.0,0.4394,0.0125,0.0775,0.1771,0.0997,0.0,0.0,0.0,0.0596,0.0678,0.0937,0.0903,0.0,0.0,0.1579,1.7538
8859,Mikkel Damsgaard,Sampdoria,0.0,-,0.0386,0.1316,0.6812,0.0,0.0,0.3602,0.0,0.0356,0.0,0.0169,0.1123,0.0391,0.0,0.1297,0.2057,0.0,1.7509
1096,Armando Izzo,Torino,0.4089,-,-,-,-,-,-,-,-,-,0.0,-,0.0995,0.1478,0.9532,0.1268,0.0,0.0,1.7362
1465,Stefano Sensi,Inter,0.2866,1.0934,0.0859,-,-,-,-,-,0.0,-,0.1394,0.0,0.0844,-,0.0447,-,-,-,1.7344
7958,Sandro Tonali,AC Milan,0.0,0.0685,0.1964,0.0,-,0.0,-,-,0.0,0.1606,0.028,0.2457,0.7351,0.2144,0.0403,-,0.0392,0.0,1.7282
6989,Simone Iacoponi,Parma Calcio 1913,0.084,0.0,-,0.0169,0.3606,0.0,-,0.0,0.0,0.0253,0.0636,0.523,0.2898,0.2289,0.047,-,-,0.0433,1.6824
1522,Andrea Ranocchia,Inter,-,-,-,-,0.2911,1.3772,-,0.0,-,-,-,-,-,-,-,-,-,-,1.6683
8475,Bosko Sutalo,Atalanta,0.8568,-,0.1179,-,0.5251,0.1664,-,0.0,-,-,-,-,-,-,-,-,-,-,1.6662
8035,Samuel Di Carmine,Verona,0.3509,0.1225,-,-,-,0.0,-,0.0619,0.0,0.601,-,0.5236,-,-,-,0.0,0.0,0.0,1.6599
1392,Luigi Sepe,Parma Calcio 1913,0.0,0.0,0.1657,0.1183,0.0,0.3739,0.0,0.0,0.4374,0.1048,0.0,0.4012,0.0,0.0,0.0,0.0,0.015,0.0433,1.6596
8884,Alessandro Tuia,Benevento,0.0,0.3162,0.0,-,0.0,0.3395,-,-,0.0,0.0,0.2271,0.0739,0.0487,0.0818,0.0903,0.4083,-,0.063,1.6488
2143,Germán Pezzella,Fiorentina,-,-,-,0.1812,0.496,-,-,0.0,0.2678,0.1036,0.0,0.1349,0.0406,0.0472,0.075,0.0599,0.0,0.2414,1.6476
7000,Hidde ter Avest,Udinese,0.0147,1.1941,0.3662,0.072,-,-,-,-,-,-,-,0.0,0.0,-,-,-,-,-,1.647
1165,Gastón Brugman,Parma Calcio 1913,0.0,0.0106,0.7222,0.0592,0.0181,0.0,-,-,-,0.0,0.6034,-,0.0,-,-,-,0.0968,0.1362,1.6465
5996,Adrien Tameze,Verona,0.3787,0.0,0.0267,0.2121,0.0,0.0061,0.0,0.0373,0.0188,0.601,0.0716,0.0,0.0,0.09,0.0942,0.025,0.0806,-,1.6421
1448,Erick Pulgar,Fiorentina,-,-,-,0.0,0.0,0.0358,0.372,0.0,0.2678,0.0,0.0,0.0,-,0.6629,-,-,0.3009,0.0,1.6394
1341,Ivan Radovanovic,Genoa,0.0,0.0,0.0,0.0129,0.0,-,0.3599,-,-,0.5731,0.4259,0.0,0.0153,0.0,0.0608,0.0297,0.1603,0.0,1.6379
8837,Vladimir Golemic,Crotone,0.0181,0.0,0.1015,0.0224,1.0543,-,-,-,0.0,-,-,0.0608,-,0.1382,0.0445,0.0726,0.1157,0.0,1.6281
8914,Salvador Ferrer,Spezia,0.1273,0.4273,-,0.0163,0.2194,0.047,0.4623,-,0.1044,0.1139,0.1046,0.0,-,-,-,-,0.0,-,1.6225
1305,Lukasz Skorupski,Bologna,0.0,0.4288,0.394,0.0,0.0936,0.0,0.0125,0.6161,0.0,0.0304,-,-,-,-,-,-,-,0.0,1.5754
1493,Andrea Petagna,Napoli,0.0,-,0.2142,0.2944,0.4153,0.0,0.0677,0.0,0.0,0.017,0.0305,0.0,0.0,0.0967,0.4383,0.0,0.0,-,1.5741
1374,José Reina,Lazio,-,-,-,-,0.0161,0.0,0.1673,0.0,-,0.0,0.0974,0.1064,0.0,0.0528,0.0511,-,1.0082,0.0717,1.571
2040,Paolo Ghiglione,Genoa,0.0406,0.0,0.0348,0.0,-,0.3818,0.0706,0.0119,0.6289,0.0,-,0.3936,0.0,0.0,-,0.0,0.0,-,1.5622
7411,Nicolo Rovella,Genoa,-,-,0.0348,0.0,0.3482,0.2562,0.4108,-,-,-,0.4259,-,-,0.0,0.0417,0.0297,-,-,1.5473
5700,Yann Karamoh,Parma Calcio 1913,0.0,0.0106,0.1176,0.0,0.0,-,0.0,0.0,0.5423,0.0,0.0,0.523,0.3119,0.0225,0.0,0.0,-,-,1.5279
557,Matteo Darmian,Inter,-,-,-,-,0.0993,0.3323,0.3931,-,0.2785,0.0834,0.2564,0.0342,0.0459,-,0.0,-,0.0,0.0,1.5231
4907,Bartosz Bereszynski,Sampdoria,0.0547,0.0,0.3374,0.0,0.0989,0.261,0.0498,0.0442,0.5135,0.0,-,-,-,-,-,0.0,0.1254,0.0339,1.5188
3387,Nicolas N'Koulou,Torino,0.4089,0.3675,0.2351,0.0,0.0,-,-,0.5003,-,0.0,0.0,-,-,-,-,-,-,-,1.5118
1351,Alex Cordaz,Crotone,0.0,0.0,0.1015,0.0,0.4647,0.0,0.0604,0.0,0.0,0.0236,0.6173,0.0608,0.0,0.0386,0.0274,0.0488,0.0194,0.0422,1.5047
8883,Riccardo Improta,Benevento,0.0251,-,0.0,0.0397,0.0,0.0,0.0741,0.0207,0.0,0.0,0.1476,0.0,0.0678,0.1101,0.1499,0.7177,0.0,0.1401,1.4928
1170,Gianluca Caprari,Benevento,0.1621,0.0,0.0,0.395,0.0125,0.7174,-,-,0.0,0.0,0.0,0.0377,0.0,0.0,0.1677,0.0,-,0.0,1.4924
1233,Filip Djuricic,Sassuolo,0.5526,0.0875,0.1417,0.1757,0.1468,-,-,0.0,0.0932,0.0,0.0,0.0,0.2568,-,-,0.0,0.0215,0.015,1.4908
3544,Jeremie Boga,Sassuolo,-,-,-,-,0.0128,0.0328,0.0,0.0834,0.2251,0.0,0.0,0.6004,0.04,0.3246,0.0,0.0793,0.0799,-,1.4783
1106,Darko Lazovic,Verona,-,-,0.0,0.0,0.0798,0.0642,0.0,-,-,0.6188,0.0,0.0177,0.0,0.0,0.5585,-,-,0.1367,1.4757
1382,José Callejón,Fiorentina,-,-,-,0.0,0.496,0.0,-,-,0.2678,0.082,0.0,-,0.0,-,-,0.0,0.3009,0.3277,1.4744
6262,Jens Stryger Larsen,Udinese,-,-,-,-,-,0.0,0.0,0.0,0.4813,0.0334,0.0,0.0166,0.6675,0.0,0.1413,0.111,0.0179,0.0,1.469
3340,Bryan Dabo,Benevento,0.1502,0.0,0.0294,0.0,0.0125,0.7029,0.0,-,-,0.0,0.2736,0.0,-,0.0777,-,0.0,0.0,0.2223,1.4686
845,Maya Yoshida,Sampdoria,0.0398,-,0.2721,0.4208,0.0,0.0794,0.0,0.0,0.5697,-,0.0,-,0.0,0.0567,0.0,0.0276,0.0,0.0,1.4661
542,Pedro Obiang,Sassuolo,0.3397,0.2243,0.1417,0.092,-,0.0,0.0,0.0,0.0,0.0,-,0.2145,0.0,0.0606,0.0,0.3904,0.0,-,1.4632
1501,Marco Sportiello,Atalanta,0.2311,0.0995,0.5972,0.0,0.1224,0.3928,0.0159,-,0.0,-,-,-,-,-,-,-,-,-,1.4589
8922,Thomas Ouwejan,Udinese,0.0,0.0435,0.7498,0.2085,0.2505,0.0212,-,-,-,-,-,-,-,-,0.1584,-,0.0,-,1.4319
1424,Federico Bernardeschi,Juventus,-,-,0.0512,0.0297,-,0.0,0.787,0.0,0.0,0.0,-,0.0242,0.0462,0.0226,0.4321,0.0,0.0343,-,1.4273
1943,Gervinho,Parma Calcio 1913,-,0.7638,0.0216,0.0,0.2851,0.0,0.0,0.0,0.0823,0.0253,0.0,0.022,0.0,-,-,-,0.015,0.1999,1.415
9002,Vedat Muriqi,Lazio,-,-,-,0.0,0.6342,0.4719,0.0,-,-,-,-,-,0.0,0.3056,0.0,0.0,-,0.0,1.4117
7950,Mert Müldür,Sassuolo,0.056,0.0838,0.0927,0.0222,0.1208,0.0576,0.0,0.0,0.0,-,0.0,-,0.0841,0.0209,0.0358,0.6598,0.0215,0.1289,1.3841
1384,Dries Mertens,Napoli,0.2348,0.5692,0.2213,0.0123,0.0531,0.0881,0.1359,0.0,0.0,0.0141,0.0,-,-,-,-,-,0.0548,-,1.3836
1238,Luca Cigarini,Crotone,0.4817,0.0433,0.176,0.0818,0.5809,-,0.0197,-,-,-,-,-,-,-,-,-,-,-,1.3834
3951,Kevin Bonifazi,Udinese,-,-,-,-,0.022,0.0,-,-,-,0.1061,0.047,0.16,0.5973,0.053,0.2405,0.063,0.0883,0.0,1.3772
2252,Borja Mayoral,Roma,-,-,-,0.0,-,-,0.4044,0.7943,0.0,0.0,0.0,0.0,-,0.0,0.0,0.1699,0.0,0.0,1.3686
1285,Gianluigi Buffon,Juventus,-,-,1.2779,-,0.0,-,0.0829,-,-,-,-,0.0,-,-,-,-,-,-,1.3608
6160,Riccardo Orsolini,Bologna,0.0,0.0,0.2905,0.0309,0.0458,0.4151,0.0,0.3672,0.0,-,-,-,-,0.0448,0.0387,0.0131,0.0,0.1072,1.3533
6997,Ignacio Pussetto,Udinese,-,-,-,0.0,0.0,0.0348,0.0,0.0,0.4813,0.1009,0.1083,0.0275,0.5973,0.0,-,-,-,-,1.3501
2303,Samu Castillejo,AC Milan,0.0,0.0,-,0.0,0.0936,-,-,0.0,-,0.0,0.0243,0.2457,0.0,0.0,0.4395,0.1459,0.3941,0.0,1.3431
8010,Kevin Agudelo,Spezia,0.0,-,0.0,0.0163,0.0,0.047,0.5108,-,0.0,0.0,0.0,0.7653,0.0,-,0.0,0.0,0.0,-,1.3394
8161,Ebrima Colley,Verona,-,0.0729,0.0,0.0584,0.0705,0.0,0.1639,0.0833,0.0,0.489,0.0,0.0,0.0,0.09,0.1896,-,0.0,0.1185,1.3361
1569,Valerio Verre,Sampdoria,0.0,0.0,0.0,0.1083,0.0,0.0794,0.0,-,0.1277,-,0.0,0.0169,0.9239,0.02,0.0,-,0.0,0.0456,1.3218
9029,Simon Sohm,Parma Calcio 1913,-,-,-,0.0,0.3525,0.0,0.0357,0.0,-,-,0.0,0.4667,0.2898,0.1035,0.0182,0.0,0.0332,0.0,1.2996
8313,Pierre Kalulu Kyatengwa,AC Milan,-,-,-,-,-,-,-,-,-,-,0.2079,0.0237,0.0,0.0989,0.4395,0.2213,-,0.3076,1.2989
1115,Goran Pandev,Genoa,0.63,0.0,0.0764,0.0,0.326,0.1036,0.0706,0.0496,0.0,-,0.0,-,0.0153,0.019,-,-,-,0.0,1.2905
7014,Arkadiusz Reca,Crotone,-,0.0,0.0164,0.0577,0.6635,0.1123,0.1647,0.0,0.0,0.1156,0.0,0.0162,0.0079,0.0,0.0171,0.0488,0.07,-,1.2902
7912,Eljif Elmas,Napoli,0.037,0.166,-,-,0.0184,0.0,0.0,0.0,0.0,-,0.3387,0.0,0.3387,0.1481,0.1235,0.0,0.0985,-,1.2689
8916,Simone Bastoni,Spezia,-,-,-,0.2704,0.0859,0.1198,0.5128,0.0313,0.0964,0.0909,0.0517,-,0.0084,-,-,-,-,-,1.2676
1296,Stefano Sturaro,Genoa,-,-,-,-,-,-,-,0.0615,0.7241,0.1462,0.0,0.3191,0.0,-,-,-,-,-,1.2509
952,Gastón Ramírez,Sampdoria,0.0926,0.0386,0.0,0.0,0.7261,0.0,0.027,0.0,0.0,-,0.0,0.0,0.0,0.0965,-,-,0.0,0.2662,1.247
4920,Matteo Gabbia,AC Milan,0.1605,0.0221,0.2849,-,-,-,0.2091,-,-,0.5668,0.0,-,-,-,-,-,-,-,1.2434
8034,Georgios Kyriakopoulos,Sassuolo,0.1074,0.0766,0.0,0.4248,0.2957,0.0,-,-,-,0.0,0.0,-,0.1654,0.0387,0.0,-,0.1014,0.0328,1.2428
1523,Danilo D'Ambrosio,Inter,0.3298,-,0.0,0.6286,0.122,-,0.0,0.1173,-,0.0,0.0445,0.0,0.0,-,-,0.0,-,-,1.2422
6242,Johan Mojica,Atalanta,0.0,0.0,0.1334,0.0317,0.0441,0.7876,0.0,-,0.2419,0.0,-,0.0,0.0,-,-,-,-,-,1.2387
6971,Mitchell Dijks,Bologna,0.1043,-,-,-,-,-,-,-,-,-,-,-,0.3683,0.0,0.2248,0.358,0.0235,0.1521,1.231
7943,Igor Julio,Fiorentina,-,-,-,0.0,-,-,0.4315,0.0,-,-,-,0.0,0.0406,0.0472,0.1286,0.0599,0.2786,0.2414,1.2278
1178,Davide Zappacosta,Genoa,1.009,0.0,-,-,-,-,-,-,-,-,-,-,0.0,0.0,0.0608,0.0,0.1109,0.0427,1.2234
1387,Faouzi Ghoulam,Napoli,-,0.0,0.0,0.0,-,-,-,-,-,0.6763,0.3387,0.0812,-,0.1167,-,-,-,-,1.2129
6191,Lorenzo Venuti,Fiorentina,0.0472,-,-,-,0.0,-,0.3111,-,-,-,0.0717,0.4539,0.0,0.0472,0.0652,0.139,0.0,0.0718,1.2071
2264,Diego Godín,Cagliari,-,-,0.0189,0.0,0.4666,0.3384,0.1464,-,-,-,-,-,0.0308,0.0,-,-,0.0472,0.156,1.2043
1390,Marko Rog,Cagliari,0.1774,0.0308,0.052,0.1059,0.2608,0.0396,0.1131,0.0,0.1126,0.0,0.264,0.0,0.0458,0.0,-,-,-,-,1.202
7934,Andreas Skov Olsen,Bologna,0.0738,0.5851,0.0431,-,-,-,-,-,-,-,-,-,-,-,0.0,-,0.0,0.4917,1.1937
1809,Joaquín Correa,Lazio,0.1605,-,0.4499,0.0209,0.0,0.0968,0.0473,0.1043,0.136,-,0.0,0.1431,-,0.0135,-,-,-,-,1.1723
6974,Mattias Svanberg,Bologna,0.0,-,0.3635,0.0401,0.0469,0.3064,0.0,0.0,0.0279,0.0581,0.0,0.0083,0.0155,0.2911,0.0,0.0131,-,0.0,1.1709
1320,Federico Barba,Benevento,-,0.0,-,-,-,-,0.0741,0.2181,0.1978,0.0,0.0379,0.0533,0.0678,0.0257,0.2386,0.0567,0.0,0.1991,1.1691
8252,Nicolás Domínguez,Bologna,0.0,-,-,0.0,-,0.0,0.0174,0.379,0.1001,0.1443,0.1718,0.1086,0.017,0.0,0.0189,-,0.1444,0.0645,1.166
3821,Rolando Mandragora,Udinese,-,-,-,-,-,-,-,0.0,-,0.383,-,0.0,-,0.0,0.1125,0.0325,0.6349,0.0,1.1629
1203,Wesley Hoedt,Lazio,-,-,-,0.0,0.1207,0.1764,0.0721,0.0,-,0.0,0.0582,0.2979,0.0,0.0,-,0.3923,-,0.0355,1.1531
1485,Andrea Masiello,Genoa,-,0.0,0.1051,-,-,-,0.432,0.0277,-,0.0148,0.0,0.2453,0.0,0.0,0.0608,0.0,0.1329,0.1278,1.1464
1311,Rade Krunic,AC Milan,0.0,0.0,0.3751,0.0,0.0936,0.0,-,0.0,0.0,0.0,-,-,0.0401,0.1645,0.4712,-,-,-,1.1445
6464,Adrien Silva,Sampdoria,-,-,-,0.6056,-,0.0474,0.0,0.0,0.0,0.0102,-,0.0381,0.0058,0.3606,-,0.0,-,0.0747,1.1424
1826,Nicola Sansone,Bologna,0.2112,0.4167,0.3463,0.0,0.0583,-,-,0.0,0.108,-,-,-,-,-,-,-,-,0.0,1.1405
1555,Bartlomiej Dragowski,Fiorentina,0.0,0.0,0.3965,0.0,0.0,0.0,0.0595,0.05,0.0,0.0,0.0,0.2417,0.0621,0.0,0.0652,0.0,0.2578,0.0,1.1328
6980,Francesco Caputo,Sassuolo,0.2112,0.3801,0.0,0.0635,0.2578,-,0.0,-,-,-,-,0.0354,0.04,0.0,0.0452,0.0,0.0,0.0964,1.1296
7500,Giacomo Raspadori,Sassuolo,-,-,-,0.0895,0.0716,0.0914,0.0,0.0197,0.2616,0.0,0.0,0.3875,-,0.2034,0.0,0.0,-,0.0,1.1247
1466,Francesco Magnanelli,Sassuolo,-,-,-,-,-,-,-,-,-,-,-,0.5485,-,0.0209,-,0.1739,-,0.3713,1.1146
1576,Giorgio Chiellini,Juventus,0.2043,0.5855,-,-,-,-,-,-,-,-,-,-,-,0.2731,-,-,0.0459,-,1.1088
1425,Nikola Kalinic,Verona,-,-,-,0.0,0.0,0.6252,0.0,0.0,-,-,-,-,-,-,0.0,0.0,0.4791,0.0,1.1043
1515,Cristian Ansaldi,Torino,0.0,-,0.0,0.0,-,0.0,0.0,0.4296,0.0451,0.0416,-,0.0,-,-,-,0.0,-,0.5813,1.0976
1136,Gianluca Lapadula,Benevento,0.0,0.0394,0.0927,0.0,0.0,0.028,0.0,0.0,0.0,0.0,0.0516,0.0,0.3649,0.0257,0.0659,0.3662,0.0,0.063,1.0974
2116,Felipe Caicedo,Lazio,0.0,0.7418,-,0.0264,-,0.0803,0.0,0.0,0.0,0.0,0.1232,0.0,0.0,-,0.0511,0.0741,0.0,0.0,1.0969
4912,Paolo Faragò,Cagliari,0.0,0.0487,0.0922,-,0.0177,0.1593,-,-,0.098,0.5096,0.1692,-,-,-,-,-,-,-,1.0947
1114,Davide Biraschi,Genoa,1.018,0.0,-,-,0.0,-,0.0706,0.0,-,-,-,-,-,-,-,-,-,-,1.0886
5509,Hernani,Parma Calcio 1913,0.0818,0.1333,0.1268,0.1886,0.0442,0.0,0.0,-,0.0823,0.1048,0.0,0.0,0.0596,0.2007,0.0275,0.0,0.0389,-,1.0885
1281,Giuseppe Pezzella,Parma Calcio 1913,0.1252,-,0.7005,0.0592,0.097,0.0,0.0357,0.0,-,-,-,0.022,-,-,-,0.0,-,0.0433,1.0829
2019,Federico Bonazzoli,Torino,-,-,0.0,-,0.0,0.1788,0.0,0.0936,-,0.0,0.1629,0.0547,0.5827,-,-,0.0,0.0,-,1.0727
1510,Gary Medel,Bologna,-,0.0445,0.0269,-,-,-,-,0.0,-,0.0581,0.1256,0.1086,0.3856,0.3137,-,-,-,-,1.063
5954,Eldor Shomurodov,Genoa,-,-,0.1051,0.0,-,-,-,0.0,0.0283,0.5731,0.0,0.0483,0.0,-,0.0,0.1323,0.1329,0.0427,1.0627
1206,Danilo Cataldi,Lazio,0.0,0.3538,-,0.0,-,0.0,0.0847,-,0.1134,-,-,0.0822,0.0,0.3056,-,0.0,0.1118,-,1.0515
1306,Vincent Laurini,Parma Calcio 1913,-,0.3488,0.6743,0.0169,-,-,-,-,0.0,-,-,-,-,-,-,-,-,-,1.04
1464,Federico Peluso,Sassuolo,-,-,0.0,0.0,-,-,-,-,-,-,-,1.0399,-,0.0,-,-,-,-,1.0399
1639,Sebastiano Luperto,Crotone,-,-,-,0.0939,0.5868,0.0,0.0422,-,0.0297,0.0236,0.0688,-,0.0919,0.0,0.0274,-,0.0565,0.0,1.0208
646,Christian Eriksen,Inter,0.2285,0.0,-,0.0597,0.1402,0.4802,-,-,0.0,0.0,0.1022,-,-,-,-,0.0,-,-,1.0108
1896,Riccardo Gagliolo,Parma Calcio 1913,-,-,0.0,0.0592,0.3293,0.0,0.0357,0.0,0.0,0.0,0.0,0.0655,0.2898,0.2289,0.0,0.0,-,-,1.0084
1102,Giovanni Simeone,Cagliari,0.0587,0.0,0.0,0.0819,0.1557,0.3496,0.2653,0.0,-,-,0.0,0.0151,0.0,0.0,0.0,0.0389,0.0384,0.0,1.0036
9019,Lucas Martínez Quarta,Fiorentina,-,-,-,-,0.0,0.0469,-,-,-,-,-,-,-,-,-,0.0,0.9527,0.0,0.9996
1093,Mattia Perin,Genoa,0.4981,-,0.14,0.0,0.0,0.0,0.0,0.0,-,-,0.0,0.0,0.0,0.0,0.0702,0.0928,0.1329,0.0631,0.9971
8926,Milos Vulic,Crotone,-,0.0,0.0,0.0577,0.092,0.0,0.0,0.0,0.0722,0.0,0.0,-,0.0,0.1016,0.0,0.0131,0.0135,0.6446,0.9947
570,Valon Behrami,Genoa,0.3236,0.0,0.0,0.0,0.0,-,-,-,-,0.4701,0.021,0.0,-,0.0,0.0,-,0.1798,0.0,0.9945
1517,Antonio Candreva,Sampdoria,-,0.0,0.0653,0.0,-,0.0794,0.027,0.0931,0.0426,0.2302,0.1035,-,0.0,0.2883,0.0,0.0276,0.0349,0.0,0.9919
8974,Jens Petter Hauge,AC Milan,-,-,0.0,-,-,-,0.0,0.0,0.0,0.4869,0.1521,0.0566,0.0,0.1136,-,0.1583,0.0223,0.0,0.9898
8819,Mergim Vojvoda,Torino,0.0,0.0,0.1203,0.5117,0.0394,0.0577,0.0,-,-,-,0.0,0.2285,0.0,0.0,-,0.0218,-,-,0.9794
8963,Nahuel Molina,Udinese,-,-,0.0,-,0.2758,-,-,-,0.0,-,0.1899,-,-,0.0,0.0,0.5067,0.0,0.0,0.9724
4768,Wylan Cyprien,Parma Calcio 1913,-,-,-,0.0,0.6418,0.0,-,0.0,-,-,0.0,-,0.3243,0.0,0.0,0.0,-,0.0,0.9661
8881,Lorenzo Montipò,Benevento,0.0367,0.0,0.0294,0.3554,0.0,0.0146,0.0741,0.0207,0.0,0.0,0.1408,0.045,0.0,0.0257,0.0,0.0,0.0,0.2223,0.9647
6156,Andreas Cornelius,Parma Calcio 1913,0.0,-,0.0,-,0.097,0.0,-,-,0.0,0.1048,0.4054,0.0,0.0,0.1321,0.0,0.0,0.0207,0.1999,0.9599
1509,Davide Santon,Roma,0.0,0.0721,0.4057,0.4793,-,-,-,-,-,-,-,-,-,-,-,-,-,-,0.9571
3301,Salvatore Sirigu,Torino,0.0,0.0,0.068,0.036,0.0394,0.0392,0.0,0.0294,0.634,0.0,0.0,-,-,0.0427,0.0,0.0,0.0,0.0644,0.9531
1474,Alfred Duncan,Fiorentina,0.9101,-,0.0413,-,-,0.0,-,0.0,-,-,-,-,-,-,-,-,-,-,0.9514
3,Luca Caldirola,Benevento,0.122,0.3162,0.0294,0.3554,0.0125,0.0,0.0741,0.0,0.0,-,-,-,-,-,-,-,-,0.0412,0.9508
7609,Carles Pérez,Roma,-,-,0.0,0.0,-,0.1379,-,0.421,0.0,-,0.2502,-,0.0,-,0.0,0.1387,-,-,0.9478
7193,Rafael Leão,AC Milan,-,0.0,0.1222,0.0,0.0,0.4686,0.0,-,-,-,0.112,0.0566,0.0401,0.0,0.0317,0.1086,0.0,-,0.9398
4917,Niccolò Zanellato,Crotone,0.0,0.0,-,-,-,0.0,-,-,-,-,0.6704,0.0,-,0.0631,0.0586,0.0409,0.0337,0.0684,0.9351
6132,Marco Silvestri,Verona,0.3509,0.0,0.0,0.0552,0.0,0.0,0.0,0.0,0.0,0.46,0.0,0.0,0.0,0.0,0.033,0.0,0.0,0.0183,0.9174
6986,Hamed Junior Traore,Sassuolo,-,0.0838,0.0,0.2163,0.0,0.0808,0.0,0.0,0.0,0.0,-,0.0547,0.1405,0.0597,0.0358,0.0,0.0999,0.1103,0.8818
1461,Pol Lirola,Fiorentina,0.0922,0.0,-,0.1812,0.5197,0.0358,0.0,0.0,0.0,-,0.0391,-,0.0,-,0.0117,0.0,-,-,0.8797
8909,Juan Ramos,Spezia,0.4513,0.4273,-,-,-,-,-,-,-,-,-,-,-,-,-,0.0,-,0.0,0.8786
7095,Juan Musso,Udinese,0.0,0.5725,0.0,-,-,0.0212,0.0,0.0,0.0,0.0,0.1213,0.0971,0.0,0.0124,0.0,0.0532,0.0,0.0,0.8777
8298,Lennart Czyborra,Genoa,0.0,-,0.1051,0.0,-,-,-,-,-,-,-,0.0,0.0,0.0,0.6778,0.0928,-,0.0,0.8757
9065,Nahuel Estévez,Spezia,-,-,-,-,0.1231,0.0,0.1264,0.0,0.2402,0.0646,0.0,0.0553,-,0.1686,0.0,-,0.0942,0.0,0.8724
6982,Ivan Provedel,Spezia,-,-,-,0.0,0.0,0.0649,0.3217,0.1541,0.0,0.0646,0.0517,0.0,0.0,0.1678,0.0,0.0063,0.0387,0.0,0.8698
1601,Riccardo Marchizza,Spezia,-,-,0.0731,-,-,-,0.0,0.1228,-,0.0441,0.0125,0.1147,-,0.3874,0.0,0.0,0.1015,0.0,0.8561
6672,Riccardo Sottil,Cagliari,0.0,0.0308,0.0263,0.0969,0.2181,0.0419,0.0,0.0,0.2609,0.0154,0.0702,0.0,0.0,0.0,0.0,0.0,0.0435,0.046,0.85
6212,Mattia Bani,Genoa,-,-,0.0,0.0,-,0.0,0.0337,0.0904,0.0192,0.5731,0.0,0.0,0.0,-,-,-,0.1329,-,0.8493
7084,Dusan Vlahovic,Fiorentina,0.045,0.0,0.0653,0.0337,0.0,0.0,-,0.0,0.2174,0.1232,0.0,0.2417,0.0,0.1121,0.0,0.0,0.0,0.0,0.8384
1642,Simone Zaza,Torino,0.4089,0.3159,-,-,-,-,-,0.0,0.0571,0.0416,0.0,-,-,0.0,-,-,0.0,0.0,0.8235
6211,Mehdi Leris,Sampdoria,0.0,-,0.2709,0.0,0.0,0.0794,0.0,-,-,0.1238,-,0.0594,-,0.2883,0.0,0.0,0.0,-,0.8218
1741,Zlatan Ibrahimovic,AC Milan,0.0794,-,-,0.0214,0.0921,0.5569,0.0708,0.0,-,-,-,-,-,-,-,-,0.0,0.0,0.8206
4970,Luca Pellegrini,Genoa,-,0.0,-,0.0,0.0,0.0339,0.0,0.0,0.1154,0.0,0.4259,0.2453,-,-,-,-,-,-,0.8205
591,Gerard Deulofeu,Udinese,-,-,-,0.0973,0.2047,0.0344,0.0,-,-,0.0334,0.3764,0.0699,0.0,-,-,-,-,0.0,0.8161
7281,Diogo Dalot,AC Milan,-,-,-,-,-,0.0,-,-,0.0,-,-,0.3356,-,0.0,0.0,0.1572,0.0,0.3221,0.8149
8165,Lucien Agoume,Spezia,-,-,-,-,0.2057,-,0.0,-,-,-,-,0.5036,-,-,0.0,0.066,0.0387,0.0,0.814
1454,Alex Ferrari,Sampdoria,-,-,-,-,-,-,-,-,0.5561,0.0,0.1035,0.1542,0.0,-,-,-,-,-,0.8138
8012,Yordan Osorio,Parma Calcio 1913,-,-,-,-,-,-,0.0357,0.0,0.0823,0.0253,0.0636,0.4012,0.0,0.1896,0.0,-,0.015,-,0.8127
1445,Simone Verdi,Torino,0.0,0.0,0.0,0.1062,0.0523,0.0189,0.0,0.459,0.0,-,-,-,0.0,0.1266,0.0,0.0,0.0486,0.0,0.8116
1486,Mattia Caldara,Atalanta,0.8081,-,-,-,-,-,-,-,-,-,-,-,-,-,0.0,-,-,-,0.8081
1634,Alessandro Deiola,Spezia,0.0,0.0,-,0.2844,-,-,-,0.0,0.0,0.0,-,0.5069,0.0143,0.0,0.0,0.0,-,0.0,0.8056
1956,Mohamed Fares,Lazio,-,-,0.4639,0.0501,0.1207,0.0968,0.0724,0.0,0.0,-,0.0,-,-,-,-,-,-,-,0.8039
3550,Koffi Djidji,Crotone,-,-,-,-,-,-,-,-,-,-,-,-,0.0079,-,0.0,-,0.0852,0.7033,0.7964
2711,Aleksey Miranchuk,Atalanta,-,-,-,-,-,-,0.5717,0.0,-,-,0.0,0.0,0.0342,0.0,0.0,0.0652,0.0,0.1243,0.7954
1852,Ante Rebic,AC Milan,0.0601,0.0221,-,-,-,0.0,0.0218,0.0387,0.0698,0.147,0.4155,0.0,-,0.0,0.0,-,-,-,0.775
8232,Andrea Carboni,Cagliari,-,-,-,-,-,-,-,0.0,0.0,0.1202,0.6539,0.0,0.0,-,-,-,-,-,0.7741
1577,Marko Pjaca,Genoa,0.0,0.0,-,0.0,0.0222,0.0339,0.0,-,0.0914,0.0148,0.4259,0.0,0.0,0.0,0.0608,0.0297,0.0,0.0905,0.7692
1487,Andrea Conti,AC Milan,-,-,-,-,-,-,-,-,-,-,-,-,-,-,0.4395,0.2213,-,0.1047,0.7655
8820,Jacopo Segre,Torino,-,0.0,-,0.0,-,-,-,-,-,0.0,-,0.0763,-,0.0,0.0,0.0287,0.0486,0.6068,0.7604
1247,Juan Jesus,Roma,-,-,-,-,-,-,-,0.7152,0.0433,0.0,-,-,-,-,-,-,-,-,0.7585
3927,Alessio Cragno,Cagliari,0.0286,0.0308,0.0,0.0819,0.0444,0.0,0.0,0.0151,0.1629,0.1047,0.0757,0.0,0.0206,0.0,0.0387,0.0615,0.0,0.0865,0.7514
1272,Ilija Nestorovski,Udinese,0.0,0.4119,0.0,-,-,-,-,-,-,0.074,0.1213,0.0,0.0,0.0,0.138,0.0,0.0,-,0.7452
5091,Alex Berenguer,Torino,0.4089,0.3159,-,-,-,-,-,-,-,-,-,-,-,-,-,-,-,-,0.7248
1362,Simy,Crotone,0.0,0.0174,0.0,0.0,0.0261,0.0478,0.0225,0.0187,0.1764,0.0236,0.1393,0.0608,0.0,0.0,0.0171,0.0554,0.0,0.1129,0.718
1251,Radja Nainggolan,Inter,0.158,-,-,-,0.0,0.06,-,0.4949,-,-,-,-,-,-,-,-,-,-,0.7129
1214,Thomas Strakosha,Lazio,0.069,0.0581,0.3924,0.0069,-,-,-,-,0.1609,-,-,-,-,-,-,0.0173,-,-,0.7046
1841,Pierluigi Gollini,Atalanta,-,-,-,-,-,-,-,0.0,0.0,0.3128,0.0346,0.0604,0.0,0.0,0.0,0.0975,0.088,0.1081,0.7014
1370,Federico Ceccherini,Fiorentina,0.5512,0.0,0.1315,-,-,-,-,-,-,-,-,-,0.0,-,-,-,-,-,0.6827
2043,Kastriot Dermaku,Parma Calcio 1913,-,0.0,0.6743,-,-,-,-,-,-,-,-,-,-,-,-,-,-,-,0.6743
1504,Alberto Grassi,Parma Calcio 1913,0.0345,0.0,0.0637,0.025,0.3293,0.0,0.0487,0.0319,0.0958,-,-,-,-,-,-,-,-,0.0432,0.6721
1133,Cristian Zapata,Genoa,0.5071,-,0.0,0.0,0.0,0.0504,-,-,0.1105,0.0,-,-,-,-,0.0,-,-,-,0.668
1207,Marco Parolo,Lazio,0.0,-,0.3924,0.0,0.0,0.0968,-,0.1457,0.0,0.0,0.0317,-,-,-,-,-,-,-,0.6666
1302,Emil Audero,Sampdoria,0.0,0.0,0.0,0.0,0.0,0.0,0.0,0.0211,0.4095,0.0356,0.0,0.0,0.0,0.0694,0.0,0.1297,0.0,0.0,0.6653
1146,Jakub Jankto,Sampdoria,0.0,0.0,-,0.4208,0.0,0.0,0.0,0.0,0.104,0.0,0.0,0.0,0.0058,0.0391,0.0,0.0,0.0905,-,0.6602
8872,Matteo Ruggeri,Atalanta,-,-,-,-,-,-,0.6357,-,0.0205,-,-,-,-,0.0,-,-,-,-,0.6562
8912,Tommaso Pobega,Spezia,0.0,0.0,0.0,-,0.0,0.1328,0.518,0.0,-,-,0.0,0.0,-,-,0.0,0.0,0.0,0.0,0.6508
1624,Fabio Depaoli,Atalanta,-,-,-,0.0504,0.5251,-,-,0.0,-,-,-,-,-,0.0,-,0.0652,-,-,0.6407
7929,Alan Empereur,Verona,0.0,-,-,0.0,0.0,0.6404,-,-,-,-,-,-,-,-,-,-,-,-,0.6404
1997,Andrea Favilli,Verona,-,0.0573,0.0,0.0552,0.0,-,-,-,0.0,0.5256,0.0,-,-,-,-,-,-,-,0.6381
7092,Koray Günter,Verona,0.3787,0.0,0.0204,-,-,0.0,-,-,-,-,-,0.038,0.0,0.0,-,0.0527,0.0,0.1367,0.6265
7096,Omar Colley,Sampdoria,0.0926,0.0,-,-,-,-,-,0.0272,-,0.0,0.0,0.0549,0.1114,0.3087,0.0,0.0276,0.0,0.0,0.6224
1476,Cristian Dell'Orco,Spezia,0.5143,-,-,0.0163,0.0916,0.0,0.0,-,-,-,-,-,-,-,-,-,-,-,0.6222
5322,Victor Osimhen,Napoli,0.0,0.4831,0.0164,0.085,0.0,0.0244,-,-,-,-,-,-,-,-,-,-,-,-,0.6089
6203,Eddie Salcedo,Verona,-,-,0.0266,0.0,-,-,-,0.0,0.0,0.0,0.0279,0.554,0.0,0.0,0.0,-,-,-,0.6085
1422,Borja Valero,Fiorentina,0.0472,0.0248,-,-,-,-,-,0.4805,0.0,0.0498,-,0.0,0.0,0.0,0.0,-,0.0,0.0,0.6023
393,Douglas Costa,Juventus,0.0,0.6015,-,-,-,-,-,-,-,-,-,-,-,-,-,-,-,-,0.6015
1251,Radja Nainggolan,Cagliari,-,-,-,-,-,-,-,-,-,-,-,-,-,-,-,0.0226,0.0435,0.5328,0.5989
1400,Nicola Murru,Torino,-,0.3159,0.0,-,-,0.062,0.0,-,0.0,-,-,-,-,-,-,0.0998,0.0486,0.0676,0.5939
8882,Daam Foulon,Benevento,0.2767,0.0,0.0294,0.0,0.0125,0.028,0.0,-,-,0.0,-,0.0,0.0,0.0424,0.1787,0.0,0.0,-,0.5677
1186,Andrea Belotti,Torino,0.0,0.042,0.0,0.1567,0.0,0.0875,0.0,-,0.027,0.0,0.0,0.0547,0.0244,0.0427,0.0,0.1216,0.0,0.0,0.5566
7002,Giangiacomo Magnani,Verona,-,-,-,-,0.0,0.0,0.0,0.0257,-,-,0.0,-,0.0,0.0,0.0,0.0,0.4094,0.1185,0.5536
3259,Adam Ounas,Cagliari,-,-,-,0.0,0.0177,0.1593,0.0818,0.0158,0.2785,-,-,-,-,-,-,-,0.0,-,0.5531
9140,Maxime Busi,Parma Calcio 1913,-,-,-,-,-,-,-,0.0,0.0,0.1048,0.0,-,0.0,0.4464,0.0,0.0,0.0,0.0,0.5512
9233,Joakim Maehle,Atalanta,-,-,-,-,-,-,-,-,-,-,-,-,-,-,0.0,0.3277,0.0,0.222,0.5497
4903,Mamadou Coulibaly,Udinese,0.0147,0.5169,0.0,-,-,-,-,-,-,-,-,-,-,-,-,-,-,-,0.5316
1580,Mattia Destro,Genoa,0.3474,0.0,-,-,-,0.0,0.0,0.0,0.0914,0.0148,0.0,0.0738,0.0,0.0,0.0,0.0,0.0,-,0.5274
1624,Fabio Depaoli,Sampdoria,0.0,0.0,-,-,0.5251,-,-,-,-,-,-,-,-,-,-,-,-,-,0.5251
7227,Matteo Scozzarella,Parma Calcio 1913,-,-,-,-,-,-,-,-,0.4476,0.0467,-,0.022,-,-,-,-,-,-,0.5163
1550,Luca Ceppitelli,Cagliari,-,-,-,-,-,-,-,-,-,-,-,0.0,0.0,0.0,0.0,0.011,-,0.5023,0.5133
5056,Marlon Santos,Sassuolo,-,-,-,-,-,0.0,0.0,0.0,0.0,0.0344,0.0521,-,0.4191,-,-,-,-,-,0.5056
2005,Jacopo Dezi,Parma Calcio 1913,0.0,0.4821,-,-,-,-,-,-,-,-,-,-,-,-,-,-,-,-,0.4821
1763,Stefano Okaka,Udinese,0.0,0.0717,0.0,0.2243,0.0,0.1019,0.0,0.0816,-,-,-,-,-,-,-,-,-,-,0.4795
1334,Perparim Hetemaj,Benevento,0.0,0.0,0.0,0.0,-,-,-,0.0207,0.0681,0.0355,0.0,0.0166,0.0678,-,0.0,0.218,0.0,0.0412,0.4679
3065,Domenico Criscito,Genoa,-,-,-,-,0.0,0.0,0.0721,-,-,-,-,-,0.0153,0.0253,0.1181,0.1601,0.0,0.0631,0.454
2437,Gonzalo Escalante,Lazio,0.0,0.0,0.0,-,0.1314,-,-,-,-,0.0,0.0,0.076,0.1253,0.0135,0.0,0.0,-,0.1073,0.4535
1643,Luca Marrone,Crotone,0.0181,0.0,0.0,0.0689,-,0.0,0.0422,0.016,0.0,0.1156,0.0531,0.077,0.0,-,0.0586,-,-,-,0.4495
1221,Jacopo Sala,Spezia,0.3256,-,0.0,0.0458,0.0631,-,-,-,0.0,-,0.0,-,-,-,-,-,-,-,0.4345
1903,Kevin Lasagna,Udinese,0.0147,0.0,0.0,0.0602,0.0,0.0212,0.0,0.0152,-,0.0,-,0.0,0.0,0.0,0.1556,0.0532,0.1127,0.0,0.4328
1380,Amadou Diawara,Roma,0.327,0.0371,-,-,-,-,-,0.0658,-,0.0,0.0,-,-,-,-,-,-,-,0.4299
1274,Andrea Rispoli,Crotone,0.0181,0.0,0.0,0.0111,0.092,0.0275,0.0,0.0272,-,-,-,-,-,-,-,-,-,0.2531,0.429
8915,Luca Vignali,Spezia,-,-,-,-,-,-,-,0.0167,-,-,-,-,0.0572,0.194,0.0,0.0,0.157,0.0,0.4249
7971,Jacopo Petriccione,Crotone,-,-,-,0.0,-,-,0.0379,0.0351,0.2061,0.0,-,0.0608,0.0523,0.0,-,-,-,0.0325,0.4247
8839,Eduardo Henrique,Crotone,0.0,0.0,-,-,-,-,-,-,-,0.0,0.1111,0.0,0.263,-,0.0445,0.0,0.0,0.0,0.4186
1591,Giuseppe Cuomo,Crotone,-,-,-,-,-,-,0.0,0.0187,0.0,0.31,0.0,0.0608,-,0.0,-,0.0131,-,-,0.4026
9022,Amer Gojak,Torino,-,-,-,-,-,0.0189,0.0,-,-,-,0.0,0.0,0.18,-,0.0727,0.1283,0.0,0.0,0.3999
1340,Roberto Inglese,Parma Calcio 1913,0.0175,-,-,-,-,0.3739,0.0,0.0,-,0.0,0.0,0.0,0.0,0.0,0.0,0.0,0.0,-,0.3914
557,Matteo Darmian,Parma Calcio 1913,0.0495,0.0,0.0,-,-,0.3323,-,-,-,-,-,-,-,-,-,-,-,-,0.3818
7932,Stefano Denswil,Bologna,-,0.3526,0.0,-,0.0152,0.0,0.0125,-,-,-,-,-,-,-,-,-,-,-,0.3803
1728,Fernando Llorente,Napoli,-,-,-,-,-,-,-,-,-,-,-,-,0.0,-,0.3794,0.0,-,-,0.3794
6375,Andrea Danzi,Verona,0.3787,-,-,-,-,-,-,-,0.0,-,-,-,-,-,-,-,-,-,0.3787
8007,Yildirim Mert Cetin,Verona,0.3509,0.0,0.0204,-,-,-,0.0,-,-,-,-,-,-,-,-,-,-,-,0.3713
1185,Iago Falque,Benevento,-,-,0.0927,0.0,-,-,-,-,-,-,0.2342,0.0,-,-,-,-,-,0.0412,0.3681
8289,Gastón Pereiro,Cagliari,-,-,-,-,-,-,-,-,-,-,-,-,0.0,0.0,0.0,0.2649,-,0.1011,0.366
1892,Alex Meret,Napoli,-,0.0,-,0.0,-,-,0.0956,0.0403,-,0.0141,-,-,0.1818,-,-,0.0145,-,-,0.3463
2044,Daniele Verde,Spezia,-,0.0,0.0,0.0291,0.2126,0.0858,-,-,-,-,0.0,-,-,-,-,-,-,-,0.3275
2053,Martin Erlic,Spezia,0.0274,0.0,0.0,-,-,-,-,0.1228,0.1044,-,-,0.0,-,0.049,0.0,0.0,0.0,0.0,0.3036
6253,Gianluca Scamacca,Genoa,-,-,0.0,-,0.0372,0.0114,0.0337,0.0,0.0286,0.0,0.0,0.0,0.0,0.0808,0.0,0.0928,-,-,0.2845
1210,Keita,Sampdoria,-,-,-,0.0,0.0,0.0,-,-,-,-,-,-,-,0.0,-,0.0,0.2057,0.0784,0.2841
8910,Paolo Bartolomei,Spezia,0.0,0.0,0.0,-,0.1406,0.1253,-,-,-,-,-,-,-,0.0,-,-,-,-,0.2659
3925,Gabriele Moncini,Benevento,0.0233,0.0,0.0,-,-,0.0,0.0741,0.0,-,-,-,-,-,-,0.1451,-,-,-,0.2425
7091,Christian Kouamé,Fiorentina,0.0465,0.0,0.1104,0.0,0.0,0.0,0.0,0.0,0.0,0.0,0.0326,0.0,-,0.0472,0.0,0.0,0.0,0.0,0.2367
6973,Nehuén Paz,Bologna,-,-,-,-,-,-,-,-,-,-,0.1044,0.1169,-,0.0,0.0,0.0,0.0147,-,0.236
3632,Kevin Malcuit,Napoli,-,-,0.2142,-,-,-,-,-,-,-,-,0.0215,-,-,-,-,-,-,0.2357
1317,Andrés Tello,Benevento,-,-,-,-,-,0.0,0.0741,0.079,0.0206,0.0,-,-,0.0,0.0424,-,-,-,0.0,0.2161
8831,Iyenoma Destiny Udogie,Verona,-,-,-,-,-,-,0.1639,0.0519,-,-,-,-,-,-,-,-,-,-,0.2158
7417,Christian Oliva,Cagliari,0.0588,-,-,-,0.0177,-,-,0.0,-,0.0,-,0.029,0.0,0.0,-,-,0.0134,0.0865,0.2054
9123,Omar Khailoti,Bologna,-,-,-,-,-,-,-,-,-,0.202,-,-,-,-,-,-,-,-,0.202
4906,Alberto Cerri,Cagliari,-,-,-,-,-,0.0,-,-,0.1126,0.0,0.0851,0.0,-,-,-,-,0.0,0.0,0.1977
1391,Christian Maggio,Benevento,-,0.0,-,0.0,0.0,-,0.1016,0.0116,0.0681,-,-,-,-,-,-,0.0,0.0109,-,0.1922
922,Andreas Pereira,Lazio,-,-,-,-,0.0,0.0968,0.0,0.0,0.0,0.0,0.0,0.0822,0.0,0.0,0.0,-,0.0,-,0.179
1406,Marco Sau,Benevento,0.0251,-,0.0,0.0,0.0,-,0.0,0.0,0.0,0.0,0.0674,-,0.0,0.0,0.0,0.0571,0.0,0.0232,0.1728
7924,Amir Rrahmani,Napoli,-,-,-,-,-,-,-,-,-,-,-,-,-,0.1167,-,0.0465,0.0,-,0.1632
8309,Kristoffer Askildsen,Sampdoria,-,-,0.0,-,-,-,-,-,-,-,-,-,-,-,-,0.0,-,0.154,0.154
9225,Antonio Cioffi,Napoli,-,-,-,-,-,-,-,-,-,-,-,-,-,-,-,-,0.1533,-,0.1533
1230,Fabio Quagliarella,Sampdoria,0.0,0.0,0.0,0.0,0.0,0.0,0.0,0.0,0.0637,0.0,0.0,-,0.0211,0.0647,0.0,-,0.0,0.0,0.1495
1256,Kevin Strootman,Genoa,-,-,-,-,-,-,-,-,-,-,-,-,-,-,-,-,-,0.1481,0.1481
7097,Ronaldo Vieira,Verona,-,-,-,0.0552,0.0798,-,-,-,-,-,-,-,-,-,-,-,-,-,0.135
1030,Fernando Forestieri,Udinese,0.0,0.0301,0.0,0.0,0.022,0.0,-,-,0.0147,-,-,-,-,0.0,0.0679,-,-,-,0.1347
5015,Giacomo Vrioni,Juventus,-,-,-,0.1248,-,-,-,-,-,-,-,-,-,-,-,-,-,-,0.1248
6167,Vanja Milinkovic-Savic,Torino,-,-,-,-,-,-,-,-,-,-,-,0.0999,0.0244,-,-,-,-,-,0.1243
3536,Jean-Victor Makengo,Udinese,-,-,-,0.102,-,0.0,-,0.0,-,0.0,-,-,-,0.0124,-,-,-,-,0.1144
1846,Luca Siligardi,Crotone,-,-,-,0.0,-,0.1123,0.0,-,-,-,-,-,-,-,-,-,-,-,0.1123
2003,Antonio La Gumina,Sampdoria,-,-,-,-,-,-,0.0,-,-,0.1065,-,0.0,0.0,-,0.0,0.0,-,-,0.1065
6130,Daniel Bessa,Verona,-,-,-,-,-,-,-,-,-,-,-,-,-,-,-,-,-,0.1051,0.1051
7951,Alessandro Tripaldelli,Cagliari,0.0,0.0,-,-,-,-,-,0.0,0.0,0.1047,-,-,-,-,0.0,0.0,-,-,0.1047
1474,Alfred Duncan,Cagliari,-,-,-,-,-,-,-,-,-,-,-,-,-,-,-,-,-,0.1011,0.1011
5025,Alessandro Buongiorno,Torino,-,-,-,-,-,-,-,-,-,-,-,0.0999,-,0.0,-,-,-,0.0,0.0999
6277,Fabrizio Caligara,Cagliari,0.0,0.0,0.0922,0.0,-,-,0.0,0.0,0.0,-,-,-,-,0.0,0.0,0.0,-,-,0.0922
9044,Alberto Paleari,Genoa,-,-,-,-,-,-,-,-,0.0914,0.0,-,-,-,-,-,-,-,-,0.0914
8975,Gennaro Acampora,Spezia,-,-,0.0,0.0737,-,-,-,-,-,-,-,-,0.0143,-,-,-,-,-,0.088
1104,Leonardo Pavoletti,Cagliari,-,0.0,0.0,0.0,0.0,0.0,0.0,0.0,0.0,0.0,0.0,-,0.0206,0.0,0.0,0.0615,0.0,0.0,0.0821
6129,Nícolas,Udinese,-,-,-,0.0775,0.0,-,-,-,-,-,-,-,-,-,-,-,-,-,0.0775
6201,Andrej Galabinov,Spezia,0.0,0.0771,0.0,-,-,-,-,-,-,-,-,-,-,-,-,-,-,0.0,0.0771
1166,Ahmed Benali,Crotone,-,-,-,-,0.0,0.0,0.0,0.0535,-,0.0236,-,-,-,-,-,-,-,-,0.0771
9234,Daan Dierckx,Parma Calcio 1913,-,-,-,-,-,-,-,-,-,-,-,-,-,-,-,-,-,0.0767,0.0767
7375,Roberto Piccoli,Spezia,-,-,0.0,0.075,0.0,-,-,-,0.0,0.0,0.0,-,0.0,0.0,0.0,-,0.0,0.0,0.075
8888,Giuseppe Di Serio,Benevento,-,-,-,-,0.0,-,-,-,-,0.0,-,0.0596,0.0,0.0,0.0145,0.0,0.0,0.0,0.0741
8487,Martin Palumbo,Udinese,-,0.0717,-,-,-,-,-,-,-,-,-,-,-,-,-,-,-,-,0.0717
9090,Ardian Ismajli,Spezia,-,-,-,-,-,0.0,-,-,-,-,-,-,0.0143,-,0.0,0.0559,-,-,0.0702
1437,Ângelo Da Costa,Bologna,-,-,-,-,-,-,-,-,-,-,-,0.0,0.0493,0.0,0.0189,0.0,0.0,-,0.0682
1595,Bastos,Lazio,-,0.0678,0.0,-,-,-,-,-,-,-,-,-,-,-,-,-,-,-,0.0678
265,Ragnar Klavan,Cagliari,0.0286,0.0,0.0,0.0,0.0177,-,-,0.0151,0.0,-,0.0,0.0,-,-,-,-,-,-,0.0614
7901,Giacomo Ricci,Parma Calcio 1913,-,-,-,-,-,-,-,-,-,-,-,-,-,-,-,-,0.0207,0.0402,0.0609
1846,Luca Siligardi,Parma Calcio 1913,0.0495,0.0106,-,-,-,-,-,-,-,-,-,-,-,-,-,-,-,-,0.0601
8827,Kevin Rüegg,Verona,0.0587,-,-,-,-,-,-,-,-,-,-,0.0,0.0,0.0,-,0.0,-,-,0.0587
9104,Juan Brunetta,Parma Calcio 1913,-,-,-,-,-,-,0.0357,0.0,-,0.0,-,0.0,-,0.0225,0.0,-,-,-,0.0582
5195,Nicolás Schiappacase,Sassuolo,-,-,-,-,-,-,-,-,0.0508,-,-,-,-,-,-,-,-,-,0.0508
7940,Denis Vavro,Lazio,-,-,-,0.0501,-,-,-,-,-,-,-,-,-,-,-,-,-,-,0.0501
8841,Tomislav Gomelt,Crotone,0.0,-,0.045,-,-,-,-,-,-,-,-,-,-,-,-,-,-,-,0.045
8124,Andri Fannar Baldursson,Bologna,-,-,-,-,0.0,-,-,-,-,-,0.0447,0.0,-,0.0,-,-,-,-,0.0447
3893,Lukas Haraslin,Sassuolo,0.0412,-,-,-,-,-,-,-,-,0.0,0.0,-,-,0.0,0.0,-,-,0.0,0.0412
1397,Fabio Pisacane,Cagliari,0.0,-,-,-,-,-,0.0,0.0,-,-,-,-,-,-,-,0.0389,0.0,-,0.0389
4895,Andrea Pinamonti,Inter,-,-,-,-,0.0171,0.0212,-,-,-,-,-,-,-,-,-,-,-,-,0.0383
6181,Luca Mora,Spezia,0.0,-,0.0,-,-,-,0.0,-,-,-,-,-,0.0359,-,-,-,-,-,0.0359
1383,Manolo Gabbiadini,Sampdoria,-,0.0,-,-,-,-,-,-,0.0,0.0356,-,-,-,-,-,-,-,-,0.0356
2560,Cristiano Piccini,Atalanta,-,-,-,-,-,-,-,0.0351,-,-,-,-,-,-,-,-,-,-,0.0351
8908,Jeroen Zoet,Spezia,0.0274,0.0,-,-,-,-,-,-,-,-,-,-,-,-,-,-,-,-,0.0274
9177,Giuseppe Mastinu,Spezia,-,-,-,-,-,-,-,-,-,0.0,-,-,0.0,0.0234,-,-,-,-,0.0234
4959,Filippo Melegoni,Genoa,0.0,0.0,-,0.0,0.0222,-,-,-,-,-,-,0.0,-,-,-,-,0.0,-,0.0222
8840,Denis Dragus,Crotone,0.0,0.02,0.0,-,-,-,-,0.0,0.0,0.0,-,0.0,-,-,-,-,0.0,-,0.02
8127,Amad Diallo Traore,Atalanta,-,-,-,-,-,-,-,-,0.0185,-,-,-,-,-,-,-,-,-,0.0185
8842,Augustus Kargbo,Crotone,0.0181,-,-,-,-,-,-,-,-,-,-,-,-,-,-,-,-,-,0.0181
1153,Ryder Matos,Udinese,-,0.0167,-,-,-,-,-,-,-,-,-,-,-,-,-,-,-,-,0.0167
7625,Manolo Portanova,Juventus,-,-,0.0157,-,-,-,-,-,-,-,-,0.0,-,-,-,-,-,-,0.0157
8967,Lautaro Valenti,Parma Calcio 1913,-,-,-,-,-,-,-,-,-,-,-,-,-,0.0,-,0.0,0.015,-,0.015
6206,Bram Nuytinck,Udinese,-,-,-,-,-,-,0.0,0.0,0.0147,0.0,-,-,-,-,-,-,-,-,0.0147
1120,Mattia De Sciglio,Juventus,0.0,-,-,-,-,-,-,-,-,-,-,-,-,-,-,-,-,-,0.0
8221,Brian Oddei,Sassuolo,-,-,-,-,-,-,-,-,-,-,-,-,-,-,-,-,0.0,-,0.0
9059,Simone Rabbi,Bologna,-,-,-,-,-,-,-,-,-,0.0,-,0.0,-,-,-,0.0,0.0,-,0.0
1313,Riccardo Saponara,Spezia,-,-,-,-,-,-,-,-,-,-,-,-,-,-,-,0.0,-,-,0.0
1410,Rafael,Spezia,-,0.0,0.0,-,-,-,-,-,-,-,-,-,-,-,-,-,-,-,0.0
6460,Vincenzo Millico,Torino,0.0,0.0,-,-,-,-,-,0.0,-,-,-,-,-,-,-,-,-,-,0.0
1546,Federico Mattiello,Spezia,-,-,-,-,-,-,-,0.0,-,-,-,-,-,-,-,-,-,-,0.0
8129,Riccardo Calafiori,Roma,-,-,-,-,-,-,-,-,-,-,0.0,0.0,-,-,-,-,-,-,0.0
3997,Antonio Mazzotta,Crotone,0.0,-,-,-,-,-,-,-,-,-,-,-,-,-,-,-,-,0.0,0.0
2019,Federico Bonazzoli,Sampdoria,0.0,0.0,-,-,-,-,-,-,-,-,-,-,-,-,-,-,-,-,0.0
3965,Arturo Calabresi,Bologna,-,-,-,-,-,-,-,-,-,-,-,-,-,-,-,0.0,-,-,0.0
1273,Mato Jajalo,Udinese,-,-,-,-,-,-,-,-,0.0,-,-,-,-,-,-,-,-,-,0.0
8953,Antonio Palumbo,Sampdoria,-,-,0.0,-,-,-,-,-,-,-,-,-,-,-,-,-,-,-,0.0
6169,Giovanni Crociata,Crotone,-,-,-,-,0.0,-,-,-,0.0,-,-,-,-,-,-,-,-,-,0.0
1224,Vasco Regini,Sampdoria,-,-,0.0,-,-,-,-,0.0,-,-,-,-,-,-,-,-,-,-,0.0
1117,Andrea Poli,Bologna,-,0.0,-,-,-,-,-,-,-,-,0.0,0.0,0.0,-,0.0,0.0,0.0,-,0.0
8880,Matteo Tramoni,Cagliari,-,-,0.0,-,-,-,0.0,-,-,0.0,-,0.0,-,-,0.0,-,0.0,-,0.0
8259,Djavan Anderson,Lazio,-,0.0,-,0.0,-,-,-,-,-,-,-,-,-,-,-,-,0.0,-,0.0
1470,Federico Ricci,Sassuolo,-,0.0,-,-,-,-,-,-,-,-,-,-,-,-,-,-,-,-,0.0
1480,Gianluca Pegolo,Sassuolo,-,-,-,-,-,-,-,-,-,0.0,-,-,-,-,-,-,-,-,0.0
9124,Mattia Pagliuca,Bologna,-,-,-,-,-,-,-,-,-,-,0.0,-,-,-,-,-,-,-,0.0
9009,Luis Rojas,Crotone,-,-,-,-,-,-,-,-,-,-,-,-,0.0,-,0.0,-,-,0.0,0.0
7405,Kiril Despodov,Cagliari,-,0.0,-,-,-,-,-,-,-,-,-,-,-,-,-,-,-,-,0.0
9103,Léo Sena,Spezia,-,-,-,-,-,-,0.0,-,-,-,-,-,-,-,-,-,-,-,0.0
2010,Simone Edera,Torino,-,-,-,-,-,-,-,0.0,-,-,-,0.0,-,-,-,-,-,-,0.0
7993,Ernesto Torregrossa,Sampdoria,-,-,-,-,-,-,-,-,-,-,-,-,-,-,-,-,-,0.0,0.0
6963,Justin Kluivert,Roma,0.0,-,0.0,-,-,-,-,-,-,-,-,-,-,-,-,-,-,-,0.0
8887,Christian Pastina,Benevento,-,-,-,-,-,-,-,-,-,-,-,-,-,-,-,-,0.0,-,0.0
9105,Radu Dragusin,Juventus,-,-,-,-,-,-,-,-,-,0.0,-,-,-,-,-,-,-,-,0.0
1458,Ibrahima Mbaye,Bologna,-,-,-,0.0,-,-,-,-,-,-,0.0,-,-,-,-,-,-,-,0.0
4918,Patrick Cutrone,Fiorentina,0.0,0.0,0.0,0.0,0.0,0.0,0.0,0.0,0.0,0.0,-,-,0.0,-,-,-,-,-,0.0
3515,Valentin Eysseric,Fiorentina,-,-,-,-,-,-,-,-,-,0.0,0.0,-,-,-,-,0.0,-,-,0.0
1313,Riccardo Saponara,Fiorentina,-,-,0.0,-,-,-,-,0.0,-,-,-,-,-,-,-,-,-,-,0.0
6972,Federico Santander,Bologna,0.0,0.0,-,0.0,0.0,-,-,-,-,-,-,-,-,-,-,-,-,-,0.0
1181,Antonio Barreca,Fiorentina,-,-,-,-,-,-,-,-,-,-,0.0,-,0.0,-,-,-,-,-,0.0
1416,Ciprian Tatarusanu,AC Milan,-,-,-,-,0.0,-,-,-,-,-,-,-,-,-,-,-,-,-,0.0
3739,Soualiho Meité,AC Milan,-,-,-,-,-,-,-,-,-,-,-,-,-,-,-,-,-,0.0,0.0
1200,Federico Marchetti,Genoa,-,0.0,-,-,-,-,-,-,-,0.0,-,-,-,-,-,-,-,-,0.0
9046,Giuseppe Caso,Genoa,-,-,-,-,-,-,-,-,-,-,0.0,-,-,-,-,-,-,-,0.0
9262,Jérôme Onguéné,Genoa,-,-,-,-,-,-,-,-,-,-,-,-,-,-,-,-,-,0.0,0.0
6993,Mattia Sprocati,Parma Calcio 1913,-,0.0,-,-,-,-,-,-,-,-,-,-,-,-,-,-,-,-,0.0
8154,Edoardo Vergani,Bologna,-,-,-,-,-,-,-,-,-,0.0,-,-,-,-,-,-,-,-,0.0
9189,Emmanuel Gyabuaa,Atalanta,-,-,-,-,-,-,-,-,-,0.0,-,-,-,-,-,-,-,-,0.0
7919,Léo Duarte,AC Milan,0.0,-,-,-,-,-,-,-,-,-,-,-,-,-,-,-,-,-,0.0
8132,Andrea Adorante,Parma Calcio 1913,-,0.0,-,-,-,-,-,-,-,-,-,-,-,-,-,-,-,-,0.0
8569,Botond Balogh,Parma Calcio 1913,-,-,-,-,-,0.0,-,-,-,-,-,-,-,-,-,-,0.0,-,0.0
9200,Philip Yeboah Ankrah,Verona,-,-,-,-,-,-,-,-,-,-,-,-,0.0,-,-,-,-,-,0.0
8163,Daniel Maldini,AC Milan,-,-,0.0,-,-,-,-,-,-,-,-,-,0.0,0.0,-,0.0,0.0,-,0.0
6194,Lorenzo Del Pinto,Benevento,-,-,-,-,-,-,-,-,-,-,-,-,-,-,-,-,0.0,-,0.0
9226,Mihai Valentin Mihaila,Parma Calcio 1913,-,-,-,-,-,-,-,-,-,-,-,-,-,-,0.0,0.0,0.0,-,0.0
8478,Lorenzo Colombo,AC Milan,-,0.0,0.0,-,-,-,-,0.0,-,-,-,-,-,-,-,0.0,-,-,0.0
2042,Lubomir Tupta,Verona,0.0,-,0.0,-,-,-,-,-,-,-,-,-,-,-,-,-,-,-,0.0
1544,Federico Ravaglia,Bologna,-,-,-,-,-,-,-,-,-,-,0.0,-,-,-,-,-,-,-,0.0
1348,Vittorio Parigini,Genoa,-,-,0.0,-,-,0.0,-,0.0,0.0,-,-,-,-,-,-,-,-,-,0.0
9043,Steeve-Mike Eboa Ebongue,Genoa,-,-,0.0,-,-,-,-,-,-,-,-,-,-,-,-,-,0.0,-,0.0
