id,name,team,1,2,3,4,5,6,7,8,9,10,11,12,13,14,15,16,17,18,19,20,21,22,23,24,25,26,total
317,Henrikh Mkhitaryan,Roma,1.327,1.5515,0.1634,2.3023,0.2682,2.2295,2.2947,2.3184,0.0643,0.9459,2.2904,1.3001,0.3647,1.1171,1.5676,0.8581,0.3571,0.0641,-,0.8454,0.1963,0.3304,0.211,0.8484,0.0983,0.0225,23.9367
594,Romelu Lukaku,Inter,1.0071,1.8942,0.3828,2.0509,0.6403,-,0.0,2.1858,0.0,0.895,1.4747,0.1213,0.1959,1.4661,1.0779,0.1124,0.8403,0.4027,0.2126,0.8361,0.7544,1.2535,1.5484,1.2184,2.7576,0.0,23.3284
2371,Cristiano Ronaldo,Juventus,0.9491,1.0204,-,-,0.6783,0.9367,0.8171,-,0.5995,1.1128,1.0595,0.7586,0.1953,1.1838,0.7453,1.2793,0.0936,1.7133,1.5499,0.2511,0.6231,2.2586,0.6292,0.7591,0.0,-,19.2136
7006,Lautaro Martínez,Inter,0.2347,0.1406,0.4314,1.1709,0.1124,0.4294,0.6538,0.4949,1.3552,0.0834,1.0228,0.4368,0.2418,0.8635,2.0028,0.6255,0.8575,0.9262,0.3613,0.6378,0.0982,1.2232,1.8746,0.5739,0.8948,0.0951,17.8425
1393,Lorenzo Insigne,Napoli,1.2543,1.0157,-,1.0532,-,0.3523,0.2438,0.2356,1.0539,0.5716,1.6868,-,0.5385,2.1174,2.0247,0.3814,1.2602,0.1755,0.6143,0.9099,0.2006,0.0735,0.3048,0.7673,0.6474,-,17.4827
1409,Nicolò Barella,Inter,0.4142,1.1866,0.462,0.3959,0.6457,0.9567,0.4981,0.2372,0.2535,0.0,1.6738,0.5567,0.1379,1.0078,0.7799,0.7012,0.2823,0.9095,0.1206,0.2536,1.9864,0.1977,0.7686,1.3915,1.2762,0.0,17.0936
1229,Luis Muriel,Atalanta,1.2036,0.2643,1.7727,0.0,-,0.8981,0.6285,-,0.12,0.0426,0.0213,1.0656,0.5328,0.6885,0.4666,0.6145,0.367,0.8907,0.0,1.1778,1.513,0.5502,1.8564,0.2878,1.765,0.0429,16.7699
1148,Duván Zapata,Atalanta,1.7107,0.4971,1.8426,0.046,0.1352,0.6578,0.0231,0.7109,0.5013,1.2317,0.4219,0.2845,0.228,2.4138,0.4565,1.7077,0.2509,0.0707,0.6651,0.0,0.3665,0.0751,1.2453,-,0.928,0.2447,16.7151
6155,Robin Gosens,Atalanta,1.6095,1.2202,1.5483,0.1277,0.1413,-,-,1.4197,-,1.0687,0.4424,0.7508,0.4099,1.1416,0.9143,0.9638,0.241,0.052,0.3049,-,0.296,0.4773,1.0532,0.5396,0.4279,0.0882,15.2383
677,Jordan Veretout,Roma,0.8718,0.5581,0.4386,0.1704,0.1288,1.1626,1.139,1.0313,0.0,-,2.276,1.5234,0.2031,1.1984,0.5969,0.0,0.2558,0.0641,0.9892,1.2115,0.1143,0.6741,0.1269,0.1884,0.2164,-,15.1391
7999,Hirving Lozano,Napoli,0.2547,1.214,0.7084,0.2814,0.0752,0.8607,0.1449,0.214,0.6182,0.9734,2.1889,0.4432,0.1078,1.8117,1.294,0.1798,0.7594,0.5216,0.4799,1.3674,0.2036,-,-,-,-,-,14.7022
5197,Achraf Hakimi,Inter,0.194,2.1647,0.4698,1.2915,0.6,1.1527,0.0,0.5988,0.0,0.6213,0.218,0.0857,0.0798,1.0417,0.5009,0.518,0.2591,0.5442,0.0522,0.8723,1.8243,0.2783,0.5797,-,0.5374,0.0463,14.5307
6108,Rodrigo Bentancur,Juventus,0.0815,0.5643,0.4335,-,1.2077,0.8675,0.1835,0.0951,0.6012,1.2257,0.1902,1.4422,0.2269,0.8912,0.8557,0.5798,0.1687,1.2054,0.5672,-,0.1653,0.6828,0.6115,1.1082,-,-,13.9551
1145,Rodrigo de Paul,Udinese,0.2942,1.296,1.2196,0.7176,1.1615,0.0973,0.0711,0.1044,0.5289,0.2673,0.6783,0.7468,0.7228,0.3708,0.4377,1.1295,1.0947,0.0,0.1624,0.3021,-,0.0366,0.5283,0.811,0.1653,0.9788,13.923
1471,Lorenzo Pellegrini,Roma,0.2959,0.547,0.0866,0.809,0.2794,0.7459,1.4299,0.0848,0.0433,0.7682,2.0095,0.6957,0.1801,0.0,1.1149,0.0859,0.2505,0.0641,1.1786,0.9887,-,0.4775,0.301,0.5201,0.5249,0.3644,13.8459
1209,Ciro Immobile,Lazio,0.5293,1.2956,0.3092,-,0.7258,0.229,-,1.1596,0.233,0.359,0.3205,0.2101,0.2667,0.4186,0.2287,0.2612,1.8707,0.8049,0.723,1.2426,0.6628,0.1828,0.5725,1.0518,0.1619,-,13.8193
1426,Josip Ilicic,Atalanta,-,-,-,0.0504,0.9262,0.7013,-,0.7829,0.4374,-,-,0.2742,0.5127,1.3629,0.8114,2.402,0.3534,0.0707,0.4274,0.0,0.8773,0.0,-,0.4996,2.9898,0.104,13.5836
1541,Stefan de Vrij,Inter,-,1.3236,0.1756,0.4592,-,0.9107,0.1502,0.4949,0.2106,0.4333,1.4754,0.0872,0.1257,0.8739,1.3585,0.0612,0.0569,0.3297,0.1206,0.5489,1.1163,0.7782,0.6004,0.9727,0.7425,0.0,13.4062
1804,Álvaro Morata,Juventus,-,0.3977,1.2622,0.7185,1.5829,0.4532,0.6577,1.0952,-,0.9907,1.6794,1.2222,0.0,-,-,0.0,0.1275,0.3367,0.5349,0.2511,0.6634,0.0,-,0.7548,0.4029,-,13.131
1500,Leonardo Spinazzola,Roma,1.2129,0.9265,0.1042,0.4787,0.0,0.4975,0.0,1.7142,0.0749,0.7739,1.6166,0.5417,0.1801,-,-,-,0.0281,0.0,1.7204,0.637,0.2752,0.6214,0.2431,0.4787,0.8751,0.0225,13.0227
1511,Marcelo Brozovic,Inter,0.7449,0.6885,0.1361,0.135,0.7431,1.1023,0.5021,-,-,0.5751,0.3282,0.0,0.1885,0.4023,1.4006,0.5136,0.4335,0.4965,0.1572,-,1.1218,0.9158,0.2656,0.7165,1.3368,0.0342,12.9382
1253,Edin Dzeko,Roma,-,1.4422,0.3539,2.2008,0.2538,1.7373,-,-,0.0199,0.854,2.1898,0.0,0.5677,0.9392,0.9846,0.0,0.349,0.5055,-,-,0.2328,0.1442,0.0468,-,-,-,12.8215
1433,Federico Chiesa,Juventus,-,-,1.2779,-,0.9626,-,0.0381,0.6937,0.1989,0.6951,0.0303,0.0242,0.0995,2.0713,0.901,0.7738,0.1488,-,0.7784,0.1277,0.648,0.747,0.7756,1.3705,0.4539,-,12.8163
6978,Giovanni Di Lorenzo,Napoli,0.2971,1.0014,0.497,0.654,0.3592,0.1772,0.2055,0.1369,0.0242,0.1535,1.4872,0.4662,0.3446,1.7932,1.8171,0.0465,-,0.202,0.398,1.0317,0.0858,0.0735,0.192,0.7319,0.5232,-,12.6989
1810,Roberto Soriano,Bologna,0.2439,1.3829,0.7783,0.7638,0.1678,0.2188,0.5042,0.8799,1.0077,0.8854,0.0809,0.0981,0.493,0.0674,0.0387,0.0674,0.1514,0.7125,0.1352,0.5837,1.1765,0.759,0.4497,0.5265,0.2,0.3161,12.6888
498,Alexis Sánchez,Inter,0.2297,2.7234,0.051,0.7258,-,-,0.6879,1.1048,1.191,0.859,0.6467,-,-,-,-,0.3178,-,0.0867,0.0748,0.4537,1.6884,0.0,0.0,0.8468,0.9293,0.0,12.6168
6362,Rick Karsdorp,Roma,0.1898,-,-,-,0.1074,0.0793,0.4542,1.7546,0.033,0.6854,2.4429,0.0,0.0,0.6092,1.3736,0.3599,0.1785,0.0508,0.6731,0.4316,0.0979,0.9715,0.2685,0.5185,0.6356,0.2192,12.1345
4939,Alessandro Bastoni,Inter,0.712,-,0.3789,-,0.7445,-,0.1502,0.4949,0.3616,0.915,0.3869,0.0872,0.0844,0.9566,1.1808,0.4006,0.6165,0.6551,0.1206,0.8337,0.9497,0.2067,0.2218,0.5178,0.9733,0.0,11.9488
1186,Andrea Belotti,Torino,0.0,0.5238,0.2281,0.8097,0.7903,0.2663,0.1402,-,1.0372,0.6038,0.943,0.4545,0.8742,0.2124,1.3311,0.2658,0.0559,0.1813,0.6229,1.0922,0.3734,0.1664,0.9714,-,-,-,11.9439
504,Aaron Ramsey,Juventus,0.6747,0.0584,-,0.5355,0.0,-,-,0.5501,0.9526,-,-,1.1487,0.0201,1.2128,0.9443,1.7464,0.0117,0.4962,0.7491,-,-,1.7611,0.7171,0.0,0.1009,-,11.6797
4941,Hans Hateboer,Atalanta,2.0937,0.5448,0.5624,-,0.0994,1.2156,0.6516,-,0.3513,0.4634,0.2704,0.3132,0.2117,1.4537,0.3737,1.6887,0.3233,0.6662,0.1433,-,-,-,-,-,-,-,11.4264
1386,Piotr Zielinski,Napoli,0.3766,1.1205,-,-,0.0,0.0499,0.0959,0.36,1.0989,0.8044,0.9196,0.5187,0.4545,1.5428,0.7919,0.1102,0.4963,0.0,0.0287,0.1459,0.0203,0.5523,0.2302,0.8084,0.7122,-,11.2382
1958,Mattia Zaccagni,Verona,0.0278,0.4414,0.0,0.0,0.3632,1.6422,1.1103,0.3031,0.9301,0.601,0.4576,0.0557,0.0,0.09,0.6183,0.058,0.9007,0.0,1.1151,0.0,0.0864,-,0.8804,0.4759,0.8356,0.0411,11.0339
2244,Danilo,Juventus,0.3032,0.5643,0.3982,0.4781,1.3458,0.1948,0.6848,0.5854,0.0364,-,0.3407,0.5648,0.1173,0.475,1.227,0.975,0.0459,0.7538,0.0665,0.0,0.6831,0.398,-,0.7541,0.0312,-,11.0234
1592,João Pedro,Cagliari,0.7605,0.0178,0.3384,0.009,0.9177,1.2462,0.6729,0.0,0.0585,1.0704,0.2119,0.1106,0.1736,0.1788,0.5828,0.0389,0.0134,0.6304,0.8732,0.6548,0.1203,0.1383,0.2164,0.412,0.4899,0.9655,10.9022
1543,Sergej Milinkovic-Savic,Lazio,0.5256,0.6305,0.8733,0.1526,-,0.6471,0.7286,-,-,0.2491,0.1849,0.1887,0.0451,0.358,0.1972,0.1874,1.8682,0.3141,0.296,1.0845,0.7158,0.208,0.57,0.3074,0.5584,-,10.8905
7084,Dusan Vlahovic,Fiorentina,0.045,0.3555,0.6703,0.4851,0.0,0.0838,-,0.4805,0.4853,1.3246,0.0391,0.331,0.1786,0.6957,0.1205,0.0853,1.063,0.9518,0.6773,0.4757,0.0,0.1379,1.6807,0.1499,0.2305,0.0971,10.8442
6691,Dejan Kulusevski,Juventus,0.3962,0.5643,1.3366,0.3508,0.0,0.9361,0.694,0.0951,0.0876,0.0,-,0.5537,0.0,0.3451,0.4321,1.4775,0.0675,0.7516,-,0.0,0.3567,0.9418,0.3276,0.9842,0.1207,-,10.8192
1612,Domenico Berardi,Sassuolo,0.7883,0.6659,0.8723,0.9829,0.2804,-,0.0187,0.3242,0.4805,0.0,0.1413,1.1115,0.7402,1.1379,0.081,0.0721,-,-,-,-,0.0662,0.9949,0.3654,0.8171,0.8057,-,10.7465
6208,Antonin Barak,Verona,0.0122,1.2021,0.0793,-,0.0,0.8011,0.7513,0.1811,0.0188,0.7862,0.1427,0.5793,-,-,0.6675,0.0696,0.9232,0.1106,0.9574,0.5409,0.0551,0.7257,0.5468,0.4712,0.8202,0.1367,10.579
2447,Fabián,Napoli,0.4223,0.4322,0.2377,1.0671,0.2404,0.3637,0.1761,0.2574,-,0.109,0.3643,0.5847,0.3165,1.361,1.7302,0.0372,-,-,-,-,0.0858,0.5523,0.2722,1.2217,0.7132,-,10.545
6512,Musa Barrow,Bologna,0.2909,0.4934,1.5912,0.5126,0.2267,0.8084,0.1191,1.1091,0.3282,0.2801,0.1635,0.1169,0.6698,0.1015,0.0387,0.7523,0.0373,0.2386,0.1518,0.0327,0.4648,0.7073,0.444,0.5247,0.232,0.015,10.4506
222,Arturo Vidal,Inter,0.2571,1.1401,0.2033,0.731,0.5624,1.1364,0.5021,0.6178,0.2208,0.4331,-,-,0.0459,0.8787,0.9205,0.0,0.9554,0.5047,0.0691,0.5489,0.5202,-,0.0,0.0,0.0,0.0,10.2475
8913,Emmanuel Gyasi,Spezia,0.8071,0.3967,0.0339,0.0762,0.324,0.0,0.8538,0.1541,0.9268,0.1848,0.0897,1.0698,0.0216,0.4578,0.0,0.3605,0.1767,0.0623,0.0,0.4892,0.1377,0.7037,0.5316,1.216,0.3022,0.8533,10.2295
2547,Theo Hernández,AC Milan,0.2208,0.1319,0.4291,0.0214,0.5394,0.5884,1.0357,1.2885,0.2045,0.3643,0.7972,-,0.6411,0.2997,-,0.2177,0.3718,-,0.4475,0.6982,0.9166,0.0,0.1843,0.5544,0.2667,-,10.2192
1223,Milan Skriniar,Inter,-,0.7571,0.2186,-,-,-,0.4446,0.4949,0.2287,0.3014,0.4456,0.0872,0.0798,0.8739,1.383,0.2833,0.7235,0.2468,0.1206,0.1403,1.8504,0.0874,0.5343,0.9081,0.0,0.0,10.2095
1518,Rodrigo Palacio,Bologna,0.1276,0.5202,0.8909,0.4897,0.1839,0.6778,0.3249,1.0058,1.188,0.2601,0.2295,0.2409,1.1281,0.1201,0.5561,0.7523,0.1947,0.0,0.0,0.3329,0.3948,0.0287,0.0,0.0,0.0,0.4932,10.1402
448,Ivan Perisic,Inter,0.5066,0.7067,0.326,0.6338,0.089,1.366,0.0,0.4949,0.2214,0.413,0.2354,-,0.0459,0.6017,0.1586,0.2081,0.0,-,0.0,0.9035,0.6623,0.1356,0.8108,0.8848,0.6871,0.0342,10.1254
1089,Juan Cuadrado,Juventus,0.4307,0.5855,0.0512,0.6815,1.0535,0.9102,0.5436,0.4758,0.581,1.1423,0.5354,0.077,0.0201,-,-,-,-,1.5414,1.3163,0.0,0.1049,-,-,-,0.0737,-,10.1241
1488,Remo Freuler,Atalanta,1.7329,0.7858,0.2557,-,-,1.0572,0.6126,-,0.5418,0.4445,0.17,0.6411,0.1169,1.2596,0.0944,0.3437,0.4785,0.052,0.1963,0.0949,-,0.0,0.1494,0.6096,0.4076,0.0491,10.0936
7013,Matteo Pessina,Atalanta,-,-,-,-,-,0.0421,0.6285,0.3796,-,0.229,0.4165,0.0568,0.2448,1.9242,0.5687,0.936,-,0.8815,0.3973,-,0.498,0.0,0.602,0.4465,1.6372,0.1578,10.0465
1219,Luis Alberto,Lazio,0.7735,0.883,0.8532,0.2124,0.3816,-,0.1625,0.8833,0.18,0.0,-,0.1888,0.1189,0.4754,0.15,0.5797,1.2391,0.4966,-,0.423,0.2509,0.1498,0.7679,0.4066,0.4406,-,10.0168
1233,Filip Djuricic,Sassuolo,1.1965,0.7585,0.2345,1.3129,1.0102,-,-,0.0688,0.4392,0.0,0.1516,0.0,0.3489,-,-,0.1483,0.0475,0.0718,0.0832,0.9154,0.8058,1.0692,0.4833,0.7016,0.1355,-,9.9827
1723,Roberto Pereyra,Udinese,-,-,0.7684,0.2856,0.0252,0.1576,0.0711,0.0665,0.0302,0.5567,0.2641,1.1255,0.1743,0.3584,1.2946,0.9128,0.2483,0.3172,0.1933,0.3021,0.6517,-,0.5461,-,0.5839,0.9661,9.8997
7413,Ibañez,Roma,0.3483,0.6267,0.3309,0.1016,0.1218,0.2886,1.2,0.3831,0.0103,0.6937,0.9854,0.5009,0.3647,0.571,1.2162,0.0649,0.0796,0.0,1.1671,0.2333,0.1578,0.4431,-,-,-,-,9.889
687,Pedro,Roma,1.1113,0.1517,0.4909,0.6391,0.2564,1.262,1.107,2.5818,0.0937,0.1833,-,0.1203,0.023,0.8796,-,-,-,0.0,-,-,-,0.0965,0.0207,0.0911,0.5003,0.2029,9.8116
1710,Marten de Roon,Atalanta,1.4726,0.0635,1.3696,0.1291,0.2211,-,-,0.037,0.1634,0.4952,0.0201,0.3226,0.6686,0.35,0.9383,0.5704,0.3797,0.222,0.5183,0.4132,0.5868,0.0595,0.2338,0.3612,-,0.1592,9.7552
8838,Junior Messias,Crotone,0.439,0.0806,0.3038,0.1628,1.1958,0.0489,0.2164,0.0537,0.2619,0.1245,1.4151,0.0678,0.1711,0.1848,0.1216,0.1777,0.677,0.6708,0.4047,0.3416,-,0.1204,0.5214,0.4388,0.3843,0.9554,9.5399
1122,Manuel Locatelli,Sassuolo,1.1681,0.5962,0.1141,1.6995,0.4528,0.1723,0.0187,0.2646,0.6815,0.0262,0.0521,0.6045,-,0.3489,0.0452,0.5504,0.192,-,0.0202,0.1003,0.5454,0.8171,0.2681,0.5345,0.158,-,9.4307
329,Franck Ribéry,Fiorentina,0.7094,2.1785,-,0.1474,-,0.0,0.4315,0.05,0.4853,0.2744,0.0,0.7503,0.0,1.1106,0.0921,0.1137,-,0.579,0.5241,1.3451,-,-,-,0.2439,0.2728,-,9.3081
1324,Federico Dimarco,Verona,0.391,0.4228,0.4219,0.0584,-,1.6711,0.5229,0.5762,0.6321,1.2502,0.4419,0.0177,0.3499,0.09,0.061,0.0527,0.9115,0.0,0.4338,0.1448,0.0503,0.5685,-,0.0392,-,0.1215,9.2294
6980,Francesco Caputo,Sassuolo,1.0868,0.8418,0.5915,0.5361,0.4549,-,0.0,-,-,-,-,0.0354,0.1515,0.9854,0.0452,1.0516,0.0215,0.2067,0.5036,0.3748,0.5568,0.2523,0.7075,0.6292,0.0975,-,9.1301
1903,Kevin Lasagna,Udinese,0.5553,0.6922,0.8361,0.2443,1.1763,0.0212,0.0,0.0152,-,0.1518,-,0.3157,1.1079,0.3009,0.2899,1.3485,1.5931,0.3172,0.0809,-,0.0,-,-,-,-,-,9.0465
1484,Rafael Toloi,Atalanta,0.887,0.3637,-,0.0752,0.1313,1.4986,0.0732,0.037,0.1921,0.3385,-,0.1764,0.0,-,0.7823,1.2581,0.3827,0.7854,0.4159,0.1078,0.4527,-,0.2338,0.6564,-,0.1615,9.0096
7947,Ruslan Malinovskiy,Atalanta,0.1696,0.4674,0.4708,0.0539,0.0268,2.2322,0.0963,-,-,0.2282,0.5047,0.7222,0.0214,0.5806,0.0286,0.5109,0.3072,0.3176,0.0,0.5168,0.3957,0.0,0.0,0.6105,0.6152,0.0909,8.9675
1852,Ante Rebic,AC Milan,0.1801,0.0685,-,-,-,0.0508,0.4632,0.8694,0.0698,1.7084,0.6183,0.2457,-,0.7008,0.0676,-,-,-,0.0737,0.6571,2.0906,-,0.2779,0.6051,0.11,-,8.857
1473,Matteo Politano,Napoli,0.0427,0.1076,0.361,0.8044,0.5182,0.0,0.2478,0.9723,0.0,0.0869,0.8319,0.3634,0.1103,0.3877,0.6653,-,0.2442,0.0618,0.0819,0.899,0.0704,0.4788,0.9899,0.125,0.2838,-,8.7343
5360,Weston McKennie,Juventus,0.4111,0.0212,-,-,0.8547,0.0,0.1454,-,0.4569,1.271,0.7199,0.0887,0.1868,0.2205,0.8195,0.1018,0.1238,1.6148,0.1851,0.0679,0.3567,0.9491,0.0,0.1367,0.0,-,8.7316
2252,Borja Mayoral,Roma,-,-,-,0.0,-,-,0.7391,1.4098,0.0,0.0,0.7275,0.5161,-,0.571,0.0,0.943,0.0,0.0,1.4902,0.9805,0.0296,0.2287,0.2224,0.3524,0.3308,0.1852,8.7263
1489,Franck Kessié,AC Milan,0.3105,0.3392,0.9535,0.0327,0.6315,0.6459,0.5351,0.2957,0.1347,0.1605,0.7973,0.3356,0.0598,-,0.4574,0.2185,0.3458,0.5325,0.4353,0.717,0.1607,0.0,0.0771,0.2679,0.1058,0.1303,8.6803
1741,Zlatan Ibrahimovic,AC Milan,0.7094,-,-,0.4288,0.549,0.7672,0.5116,0.8779,-,-,-,-,-,-,-,-,0.0,0.8084,0.3765,0.7684,1.2023,0.0,0.3018,1.0374,-,-,8.3387
7193,Rafael Leão,AC Milan,-,0.352,1.0345,0.4401,0.8539,0.4686,0.2809,-,-,-,0.112,0.3356,0.4526,0.1561,0.5389,0.392,0.7007,-,0.1511,0.7305,0.3438,0.0,0.0692,0.1501,0.1096,0.6209,8.2931
1136,Gianluca Lapadula,Benevento,0.0,0.9743,0.2124,0.4237,0.4413,0.9381,0.1758,0.079,0.1063,0.1839,0.468,0.1106,0.3649,0.1131,0.4943,0.3662,0.0109,0.9166,0.0314,0.0,0.7554,0.4365,0.1274,0.3726,0.1634,-,8.2661
1168,Bryan Cristante,Roma,0.1376,-,0.0,0.8475,0.0,0.0,1.4063,0.7974,0.0433,0.7374,0.871,-,0.0,0.7717,0.4761,0.3544,0.168,0.464,0.0968,0.024,0.0296,0.319,-,0.1856,0.3355,0.1735,8.2387
8297,Alexis Saelemaekers,AC Milan,0.1045,0.19,1.5587,0.4288,0.5334,0.5923,0.2416,0.0969,0.2672,0.2748,-,0.3356,0.7894,0.0,-,-,-,0.0,-,0.6493,0.645,0.0,0.0215,0.6188,0.1022,0.7646,8.2146
1574,Davide Calabria,AC Milan,0.1536,0.1152,0.2376,0.4288,0.5778,0.0846,0.3449,0.0207,0.2077,0.5668,0.2965,0.5428,0.6616,0.0,0.0899,0.3533,0.0223,0.3996,0.0763,0.6923,0.7964,-,0.0986,0.7132,0.1607,0.5724,8.2136
189,Hakan Calhanoglu,AC Milan,0.1942,0.1433,0.2435,0.4074,0.6963,0.1341,0.4164,0.8901,0.2469,0.3796,0.3181,0.6087,0.4125,0.5693,0.5389,0.3156,0.0,-,-,-,1.2133,0.0381,0.1775,0.1248,-,-,8.0686
1164,Cristiano Biraghi,Fiorentina,0.7714,0.9308,0.3076,0.0337,0.6037,0.0229,0.7636,0.05,0.2678,0.2136,0.0,0.3723,0.0,0.7043,-,0.1137,0.2578,0.3067,0.5569,0.0997,0.0996,0.3056,1.0094,0.1435,0.0,0.0727,8.0073
7909,Gaetano Castrovilli,Fiorentina,1.4374,0.2799,0.7452,0.0,0.6037,0.0516,0.0171,0.0,0.5278,0.149,0.0326,0.2593,0.0406,0.7278,0.0634,0.1989,-,0.4973,0.548,0.3632,-,0.1278,1.2616,0.0718,0.0,-,8.004
1289,Alex Sandro,Juventus,-,-,-,-,-,-,0.1612,-,0.5447,1.2396,0.1307,1.1935,0.2356,1.1845,-,-,-,-,0.6187,0.0554,0.1814,0.6255,0.1072,1.4408,0.1361,-,7.8549
1099,Tomás Rincón,Torino,0.4089,0.3159,0.1627,0.6183,0.0394,0.2553,0.0136,0.8422,0.7783,0.1217,0.0074,0.1334,0.742,0.0476,0.9532,0.2006,0.0111,-,0.1175,0.6516,0.3879,0.0,0.1848,0.8523,-,-,7.8457
1493,Andrea Petagna,Napoli,0.0,-,0.2142,0.6872,0.4153,0.0,0.4265,0.0,1.0352,0.3912,0.6559,0.4871,0.0,0.5376,1.5076,0.0,0.5406,0.3452,0.4181,0.1695,0.0,-,-,-,-,-,7.8312
6942,Arthur,Juventus,-,0.6015,0.0157,1.1169,1.9325,-,0.2413,0.2987,-,-,0.0,-,-,0.3252,0.0,1.3393,-,1.7319,0.089,0.1277,-,-,-,-,0.0,-,7.8197
6159,Gianluca Mancini,Roma,0.069,0.0371,0.354,0.5041,0.0,0.0218,0.3656,0.9098,0.0,-,-,0.0408,0.0,0.0,1.3852,0.1119,0.4446,0.0282,-,0.8037,0.2624,0.7831,0.2398,0.1181,0.8899,0.3916,7.7607
6180,Manuel Lazzari,Lazio,1.0128,0.36,0.6444,-,0.048,-,0.4225,0.695,0.0,0.0,0.084,0.2461,0.0,0.0867,0.0945,0.1867,1.6003,0.6291,0.2337,0.3995,0.7035,0.2341,-,0.0766,-,-,7.7575
6174,Nikola Milenkovic,Fiorentina,1.2482,0.1301,0.6239,0.1812,0.496,0.0,0.372,0.0,0.0,1.5197,0.0717,0.2417,0.0406,0.5422,0.1169,-,0.2749,0.2652,0.5904,0.4728,-,0.2291,0.1634,0.1251,0.0,0.0,7.7051
1123,Juraj Kucka,Parma Calcio 1913,0.1401,0.4037,0.9244,0.1997,0.981,0.6709,0.0627,0.0,0.8984,-,-,0.6191,0.3494,0.5674,0.047,-,-,0.2963,0.4713,0.0,0.2834,0.2186,0.1354,0.3734,0.0178,0.0128,7.6728
1246,Kostas Manolas,Napoli,0.2249,0.0825,0.0778,0.1156,0.3464,0.7042,0.404,0.1408,0.5029,0.3321,1.39,0.1028,0.439,1.1122,1.0907,0.0,0.0432,-,0.0583,0.4801,-,-,-,0.0,-,-,7.6475
6750,Gonzalo Villar,Roma,0.0,-,0.0,0.6287,0.0,-,0.0,1.0033,0.033,0.8151,2.3583,0.0286,0.0,0.0156,0.6242,0.825,0.2688,0.0641,0.1371,0.1993,0.0757,0.0477,0.2875,0.0499,-,0.1401,7.602
1294,Paulo Dybala,Juventus,-,-,-,1.1913,0.6675,0.0,0.1835,0.7672,1.1796,1.2696,0.0828,-,-,1.0179,1.0877,0.1018,-,-,-,-,-,-,-,-,-,-,7.5489
1106,Darko Lazovic,Verona,-,-,0.0,0.0271,0.1503,0.5507,0.1639,-,-,0.6717,0.0,0.0177,0.3122,0.0,0.5915,-,-,0.2157,2.0628,0.3746,0.0864,0.4218,0.5263,0.4731,0.8252,0.0602,7.5312
7933,Jerdy Schouten,Bologna,0.1539,0.8932,0.3174,0.3934,0.2331,0.5018,0.4868,1.0586,0.079,0.2633,-,-,0.0147,0.0,0.2437,0.0131,0.0868,0.8936,0.1352,0.411,0.5458,0.4562,0.0,0.0,0.2219,-,7.4025
1134,Mario Pasalic,Atalanta,0.0,0.5965,1.9367,0.1966,0.7451,1.2481,0.0,0.8752,-,-,-,-,-,-,-,-,-,-,-,1.0061,0.0,0.0536,0.0,0.1554,0.4406,0.0747,7.3286
3978,Marco Faraoni,Verona,0.6701,0.882,0.363,0.3346,0.0705,-,-,-,0.0273,1.2262,0.0716,0.0177,0.0,0.9319,0.1986,0.0197,0.5078,0.2108,0.5445,0.0,0.0864,-,0.0638,0.0284,0.8903,0.1449,7.2901
9018,M'Bala Nzola,Spezia,-,-,-,0.5067,0.3715,0.3124,0.514,0.4147,0.1125,0.5117,-,2.2801,0.0645,0.3189,0.0559,1.3284,0.2832,-,-,-,-,-,-,0.0,0.2042,0.0,7.2787
3291,Adrien Rabiot,Juventus,0.3316,0.0,0.0512,0.5409,0.3994,0.4412,0.6275,0.4106,0.1288,0.5263,0.1307,-,-,-,0.6561,0.9547,0.0524,0.5315,0.0,0.0,0.4325,-,0.2608,0.7133,0.0737,-,7.2632
6160,Riccardo Orsolini,Bologna,0.0497,0.3081,0.2905,0.1104,0.2806,0.7613,0.5438,1.4602,0.0511,-,-,-,-,0.3359,0.2437,0.3944,0.1483,0.786,0.1234,0.0158,0.3003,0.5227,0.0,0.4001,0.0993,0.0,7.2256
1617,Roberto Insigne,Benevento,0.9693,0.0564,-,0.4108,0.4374,0.9746,0.2513,0.2437,0.1297,0.1487,0.3363,0.095,0.3458,0.1811,0.9364,0.7177,0.0,0.4088,-,0.0,0.0,0.0801,0.0,0.3165,0.1842,-,7.2238
1354,Gianmarco Ferrari,Sassuolo,0.951,0.7317,0.0,0.7201,0.4098,0.1048,0.0382,0.0626,0.147,0.0344,0.0,-,0.4665,0.1613,0.0,0.7223,0.2013,0.5693,0.0202,0.0265,0.5502,-,0.1861,0.3956,0.6998,-,7.1987
1792,Mário Rui,Napoli,-,-,-,0.5775,0.051,-,0.5004,0.3371,0.5029,0.0207,0.2525,0.4139,0.2565,1.697,0.7486,0.0145,0.1965,-,0.4867,1.0832,0.0535,0.0,-,-,0.0,-,7.1925
5700,Yann Karamoh,Parma Calcio 1913,0.0,0.6412,0.8489,0.5845,0.9631,-,0.0357,0.0319,0.6246,0.0,0.4192,0.523,0.3243,0.9951,0.0428,0.0,-,-,0.0338,-,-,0.0831,0.5951,0.3282,0.0996,0.0,7.1741
1102,Giovanni Simeone,Cagliari,0.7919,0.5258,0.2353,0.8798,0.726,0.7485,0.5099,0.0,-,-,0.0,0.0427,0.0,0.2458,0.0429,0.0995,0.4223,0.514,0.4074,0.0354,0.0585,0.126,0.2777,0.0,0.408,0.0,7.0974
1362,Simy,Crotone,0.4566,0.0174,0.3141,0.0844,0.7555,0.4757,0.0225,0.221,0.2486,0.17,0.1393,0.0608,0.0523,0.0386,0.0171,0.2941,0.0565,1.3727,0.3954,0.4428,0.0,0.0155,0.1743,0.0338,0.2844,0.8924,7.0358
1567,Bruno Peres,Roma,-,0.0371,-,0.5109,0.0,0.6371,1.7225,0.0,-,-,-,0.1783,0.0,1.0191,1.2182,0.1279,0.0994,0.0,0.52,0.0,0.1332,0.0,0.1439,0.3381,0.3027,0.0261,7.0145
6176,Adam Marusic,Lazio,0.5714,0.9038,0.08,0.0884,0.0,-,0.6514,0.0,0.2221,0.0,0.2107,0.1858,0.0839,0.1383,0.0674,0.5615,1.2515,0.1073,0.5159,0.3601,0.2133,0.2096,0.0951,0.3813,0.0756,-,6.9744
1384,Dries Mertens,Napoli,0.4317,1.2528,0.3911,0.0123,0.5112,0.3919,0.8122,0.8523,0.5405,0.7853,0.0,-,-,-,-,-,0.0548,0.1018,-,-,-,-,0.6104,0.125,0.0393,-,6.9126
1943,Gervinho,Parma Calcio 1913,-,0.7638,0.273,0.2449,0.3821,0.7177,0.0,0.0,1.3827,0.1515,0.5261,0.5464,0.0,-,-,-,0.1872,0.4127,0.4595,0.1739,0.1999,0.3247,-,-,-,0.1125,6.8586
1376,Kalidou Koulibaly,Napoli,0.2716,0.5202,0.2193,0.4743,0.0752,0.0999,0.4353,0.1991,0.9436,0.2329,1.7218,0.4002,-,-,-,-,0.1965,0.213,0.0583,-,-,0.0,0.1999,-,0.5735,-,6.8346
1287,Leonardo Bonucci,Juventus,0.307,0.0,0.0157,0.0297,1.4529,0.1533,-,-,0.0447,1.1274,0.3407,0.4519,0.1587,0.6549,0.8076,0.8942,0.0936,0.0753,0.1304,0.0,-,-,-,-,0.0,-,6.738
8857,Gabriele Zappa,Cagliari,0.6732,0.0,0.0263,0.0909,0.4604,0.3989,0.1542,0.0158,0.2785,0.5034,1.3353,0.0741,0.1483,0.2942,0.1236,0.3383,0.0,0.5048,0.4819,0.1315,0.0619,0.0,0.2292,-,0.408,-,6.7327
8944,Giulio Maggiore,Spezia,-,0.0306,0.0339,-,-,-,-,0.218,1.0813,0.5151,0.1419,1.1631,0.0429,0.049,0.0,0.0241,0.0825,0.0,0.0,0.3357,0.1971,0.6917,0.0,0.7002,0.1742,1.2344,6.7157
5246,Diego Demme,Napoli,0.1973,-,0.0,0.0991,-,-,-,0.1515,0.6422,0.7585,1.7714,-,0.0881,-,-,0.0,0.6385,0.2259,0.4189,0.6617,-,-,-,0.7599,0.259,-,6.672
7218,Cristian Romero,Atalanta,-,0.0,0.7151,0.2593,-,0.6216,0.0568,0.193,-,0.3377,0.0,0.0568,0.3009,0.7154,-,0.2812,-,0.872,0.3982,-,0.2075,0.4452,0.0618,0.3796,0.5969,0.148,6.647
1121,Giacomo Bonaventura,Fiorentina,0.9671,0.9308,0.7158,0.0,0.5197,0.0516,0.0595,-,0.0,0.293,0.0,0.3491,0.0621,0.0472,0.0117,0.0,0.3355,0.0,0.6204,0.9272,0.1864,0.2274,0.0,-,-,0.1698,6.4743
8828,Ivan Ilic,Verona,0.0,-,0.0471,0.13,0.3438,0.4661,0.9464,0.1491,0.6303,-,-,-,0.0,0.96,-,0.0448,0.8807,0.1502,0.5283,0.0,0.0551,0.5026,0.5238,0.0392,-,0.0613,6.4588
1142,Samir,Udinese,0.1894,0.6474,1.2196,0.2085,0.2758,0.0934,0.0,0.0266,0.0302,0.074,0.1428,0.5249,1.0788,0.4914,0.1284,0.3467,0.6218,0.0,0.1427,-,0.0916,0.1117,-,-,0.0,-,6.4457
7902,Matthijs de Ligt,Juventus,-,-,-,-,-,-,0.3262,0.5056,0.0355,1.1274,0.3407,1.1775,0.1008,0.928,0.9172,-,-,0.0,-,0.0,0.5978,0.3482,0.0393,-,-,-,6.4442
5954,Eldor Shomurodov,Genoa,-,-,0.1815,0.0,-,-,-,0.0,0.7832,0.5731,0.0,0.2133,0.0606,-,0.8338,0.4467,0.2994,0.5171,1.7318,0.1224,-,0.0,0.4219,0.0,0.1965,0.0167,6.398
1580,Mattia Destro,Genoa,1.3618,0.0173,-,-,-,0.0,0.1356,0.0,0.0914,0.8038,0.0,0.9627,0.0339,0.1846,0.7916,0.0,0.48,-,0.5323,0.6538,0.0,0.064,0.0,-,0.0983,0.1043,6.3154
1491,Alejandro Gomez,Atalanta,1.0725,0.6341,0.5812,0.1874,0.9564,1.3837,0.7248,0.0,0.5741,-,0.1794,-,-,-,-,-,-,-,-,-,-,-,-,-,-,-,6.2936
4937,Miha Zajc,Genoa,1.1334,0.0734,-,0.0,0.6676,0.0513,0.4108,0.1907,0.0,-,-,-,-,0.0,0.0893,0.2252,0.3639,0.3653,1.0416,0.7265,0.5128,0.0411,0.1404,-,0.1487,0.0996,6.2816
7927,Sofyan Amrabat,Fiorentina,-,0.788,0.2498,0.1474,0.5156,0.0587,0.3706,0.05,0.2678,0.301,0.0326,0.4934,0.143,0.1519,0.0386,0.0,0.0622,0.2414,0.682,0.653,0.1128,-,0.7328,0.0,0.0962,0.0,6.1888
1463,Francesco Acerbi,Lazio,0.069,0.3687,0.3924,0.0474,0.1526,0.5515,0.563,0.2849,0.1701,0.0,0.0,-,-,-,0.0708,0.0466,1.2315,0.0839,0.1544,0.1156,0.6657,0.2871,0.1933,0.3407,0.3612,-,6.1504
1642,Simone Zaza,Torino,0.4931,0.5338,-,-,-,-,-,1.0403,0.2797,0.6038,0.0934,-,-,0.0,-,-,0.0,0.5201,0.9795,0.7046,0.6604,0.0198,0.1062,0.0939,-,-,6.1286
1492,Jasmin Kurtic,Parma Calcio 1913,-,-,0.7781,0.1886,0.3435,0.0468,0.014,0.0,0.3191,0.1048,0.0636,0.5674,0.6613,0.3354,0.1025,0.0,0.0921,0.2265,0.1008,0.1548,0.0668,0.1633,-,0.2046,0.5411,1.0351,6.1102
8856,Razvan Marin,Cagliari,0.1187,0.0487,0.0709,0.0149,0.0164,0.0396,0.0114,0.0408,0.7503,0.7834,0.6731,0.0,0.1585,0.1373,0.1236,0.0389,0.0967,0.2128,0.9514,0.6767,0.3073,0.126,0.0624,0.1462,0.408,0.057,6.071
4733,José Luis Palomino,Atalanta,0.0292,0.0995,0.6391,0.0,0.5197,0.1091,-,0.0351,0.0969,0.0,0.3918,0.1196,0.0,0.8441,0.3036,0.5714,0.1089,0.8975,0.0,0.1985,0.4753,0.0,0.0,0.2406,0.2889,0.0747,6.0435
7931,Takehiro Tomiyasu,Bologna,0.1016,0.7369,0.8477,0.3165,0.136,0.0216,0.4312,1.093,0.0279,0.0277,0.1174,0.0,0.4176,0.2911,0.2051,0.0674,0.0442,0.2164,0.0278,0.0352,0.428,0.3905,0.0,-,-,-,5.9808
6986,Hamed Junior Traore,Sassuolo,-,0.0838,0.0,0.2723,0.0,0.0808,0.0,0.102,0.0,0.0,-,0.5485,0.5685,0.9508,0.102,0.0821,0.2013,0.2083,0.0832,0.5029,0.5454,0.663,0.3458,0.0,0.6023,-,5.943
1809,Joaquín Correa,Lazio,0.1605,-,0.6386,0.144,0.4408,0.0968,0.3523,0.2942,0.3289,-,0.0776,0.2415,-,0.0627,-,-,-,-,0.2738,1.0506,0.3607,0.0692,0.7207,0.2213,0.3529,-,5.8871
1505,Samir Handanovic,Inter,0.3444,0.6375,0.0349,0.0871,0.0651,0.0531,0.0927,0.5988,0.1726,0.4232,0.05,0.0,0.0,0.0,0.6716,0.0612,0.0,0.4802,0.0679,0.4537,0.6623,0.0376,0.6065,0.1997,0.0786,0.0,5.8787
7953,Nahitan Nández,Cagliari,0.75,0.102,0.2155,0.8949,0.247,0.4804,0.2654,-,-,-,0.5524,0.0648,0.2657,0.2288,0.0387,0.0615,-,-,0.1568,-,0.0846,0.0,0.3888,0.2329,0.4899,0.3016,5.8217
475,Lucas Leiva,Lazio,0.2162,0.125,0.8588,0.1193,0.0474,0.1487,-,0.4472,0.2026,0.0,0.0898,-,-,-,0.0989,-,1.2211,0.1149,0.6267,0.2205,0.7954,0.0447,0.0951,0.2145,0.122,-,5.8088
1146,Jakub Jankto,Sampdoria,0.0456,0.0279,-,0.4208,1.053,0.0178,0.027,0.0599,0.104,0.0,0.3381,0.0572,1.7985,0.2178,0.0,0.1021,0.2057,-,0.0895,0.0,0.2483,0.0,0.8002,0.0701,0.0223,0.0735,5.7793
1496,Roberto Gagliardini,Inter,-,2.4663,0.1934,-,-,0.1458,0.0,0.0179,0.3447,0.6136,-,0.0342,0.0,0.7817,0.1139,0.2511,0.0,0.0,-,0.5696,0.2264,0.0,0.0,0.0,-,0.0,5.7586
1244,Wojciech Szczesny,Juventus,0.0344,0.0,-,0.0297,-,0.603,-,0.158,0.5658,0.0517,0.0,-,0.0462,0.9053,0.5206,1.7348,0.0,0.985,0.0547,0.0,0.0,-,0.0291,0.0,0.0312,-,5.7495
1230,Fabio Quagliarella,Sampdoria,0.1725,0.6192,0.4196,0.6613,0.0989,0.0592,0.0,0.4091,0.9501,0.0458,0.1035,-,0.0211,0.4147,0.0153,-,0.0,0.0456,0.0367,0.1533,0.0,0.1481,0.712,0.0411,0.2955,0.2503,5.6729
1430,Milan Badelj,Genoa,1.3654,0.0142,0.0397,0.0,0.3606,0.1688,0.065,0.2219,0.6513,-,-,-,-,0.2795,0.2476,0.1323,0.1885,0.4504,0.1284,0.668,0.4563,-,0.069,-,0.1147,0.0,5.6216
6262,Jens Stryger Larsen,Udinese,-,-,-,-,-,0.0,0.0,0.0152,0.4813,0.0334,0.0,0.5027,0.6749,0.4385,0.1413,0.8107,0.0347,0.0,0.1624,0.3021,0.9907,0.0,0.4045,0.4363,0.0,0.1834,5.6121
6517,Charalampos Lykogiannis,Cagliari,0.206,0.0308,0.2349,0.0969,0.4936,0.3892,0.6181,-,-,0.0,0.6472,0.029,0.1127,0.0719,0.0387,-,0.0472,0.1101,0.9137,0.5964,0.0,0.0,0.0494,0.5144,-,0.3924,5.5926
1424,Federico Bernardeschi,Juventus,-,-,0.0512,0.4577,-,0.0,1.2133,0.0629,0.0,0.0,-,0.077,0.0796,0.0226,0.4321,0.0,0.1269,0.6145,0.6187,0.0,0.1502,0.0396,0.3994,1.1684,0.0737,-,5.5878
7472,Wilfried Stephane Singo,Torino,-,-,0.1998,0.0,0.0,0.1867,0.0,0.4491,0.9067,0.0631,0.0,0.0,-,0.1693,0.9012,0.1704,0.0837,0.7301,0.9895,0.082,0.0132,0.0,0.6319,-,-,-,5.5767
3429,Tiemoué Bakayoko,Napoli,-,-,0.1095,0.6919,0.4344,0.2261,0.1479,-,0.4835,0.0,0.142,0.0589,0.1876,1.7497,0.5606,0.0609,0.098,0.0198,0.0153,0.3506,0.0858,0.0,0.1238,0.0,-,-,5.5463
1605,Diego Farias,Spezia,0.5647,0.0,-,0.0951,-,0.0798,-,0.4983,0.9154,0.7633,0.3503,0.0593,0.0,0.2914,0.0,0.1219,0.1958,0.0255,0.5922,0.1357,0.0,-,-,-,0.2042,0.642,5.5349
6253,Gianluca Scamacca,Genoa,-,-,0.0397,-,0.9947,0.7333,0.5363,0.1318,0.7532,0.5731,0.0,0.0745,0.0,0.3412,0.0702,1.0289,-,-,-,-,0.0,-,0.0899,0.0408,-,0.0167,5.4243
2116,Felipe Caicedo,Lazio,0.0,1.6327,-,0.1248,-,0.1069,0.0884,0.3662,0.0475,0.0,0.3005,0.0,0.0388,-,0.0511,0.8473,1.3531,0.0122,0.1049,-,-,0.1515,0.0,0.1904,0.0,-,5.4163
1826,Nicola Sansone,Bologna,0.2851,1.0373,0.3463,0.0,0.0852,-,-,0.0,0.3851,-,-,-,-,-,-,-,-,0.0,0.0988,0.7222,0.395,1.2449,0.0,0.4704,0.2315,0.0822,5.384
5996,Adrien Tameze,Verona,0.6701,0.3525,0.0533,0.2121,0.0798,0.0061,0.0,0.1334,0.0393,0.6358,0.9294,0.038,0.0,0.09,0.1262,0.0448,0.1621,-,0.4476,0.0371,0.0551,0.3116,0.746,-,0.0388,0.1449,5.354
6182,Pasquale Schiattarella,Benevento,0.2387,0.6176,0.1197,0.3554,0.0125,0.7814,0.1016,0.0207,0.0681,-,0.554,0.2244,-,0.1708,1.0246,0.6303,0.0109,-,-,0.0,0.0807,0.0773,0.0321,0.0,0.2121,-,5.3329
1140,Danilo,Bologna,0.0738,0.7369,1.0911,0.0659,0.1704,0.0969,0.0905,0.8903,0.017,0.2739,0.1854,0.1086,0.0155,0.0,0.0189,0.0131,0.0849,0.0459,0.0558,0.8258,0.1344,0.2697,0.0,0.0635,-,0.0,5.3282
646,Christian Eriksen,Inter,0.3999,0.0,-,0.0597,0.1402,0.5014,-,-,0.0,0.0,0.2182,-,-,-,-,0.1177,-,-,-,0.9987,-,0.225,0.6593,1.3464,0.5984,0.0,5.2649
1226,Karol Linetty,Torino,0.4089,0.3675,0.108,0.7431,0.4386,0.1453,0.0,0.5939,0.6911,0.0171,0.0,0.2857,0.2008,0.1062,0.1007,0.203,0.1045,0.532,0.1057,0.0957,-,0.0,-,-,-,-,5.2478
1927,Berat Gjimshiti,Atalanta,-,0.2147,0.2112,0.0712,0.6241,0.2669,0.6858,-,0.1119,0.3485,0.0292,0.1172,0.282,0.1753,0.4018,-,0.2354,-,0.1993,0.1985,0.0,0.0,0.6912,-,0.3792,0.0,5.2434
6974,Mattias Svanberg,Bologna,0.0738,-,0.8384,0.3739,0.0988,0.4172,0.0429,0.4769,0.0279,0.1049,0.0167,0.0083,0.1733,0.3176,0.0,0.7895,-,0.4917,0.0558,0.0694,0.3614,-,0.0,0.1983,0.1482,0.148,5.2329
8911,Matteo Ricci,Spezia,0.9943,0.5044,0.0,0.27,-,0.161,0.4481,0.1065,0.0955,0.2036,0.1363,0.0,0.0872,0.3168,-,-,-,-,-,0.0833,0.151,0.6089,0.2255,0.0268,-,0.746,5.1652
5322,Victor Osimhen,Napoli,0.2986,0.8321,0.3991,0.3908,1.1747,0.7655,-,-,-,-,-,-,-,-,-,-,-,0.0,-,0.5251,0.1238,0.0,-,-,0.6505,-,5.1602
1241,Pedro Pereira,Crotone,-,0.0433,0.108,0.4217,0.6002,0.0,0.0422,0.0266,0.2814,0.0236,0.6878,0.077,0.0997,0.0867,0.0586,0.0488,0.607,0.651,0.3734,0.0,0.05,0.2222,0.2589,0.0307,0.0693,0.2544,5.1225
3772,Maxime Lopez,Sassuolo,-,-,-,0.6185,0.1989,0.6631,0.0,0.1634,0.229,0.0,0.1413,-,0.7039,-,0.0,-,0.0,0.2868,0.0,0.5108,-,0.522,0.3237,0.1399,0.6023,-,5.1036
1377,Nikola Maksimovic,Napoli,-,0.2832,-,-,-,-,-,-,0.0,-,-,0.4662,0.2754,0.7865,0.8707,0.0465,-,0.122,0.0,1.0035,0.0535,0.4788,0.0,0.662,-,-,5.0483
8859,Mikkel Damsgaard,Sampdoria,0.0,-,0.2341,0.6399,0.6812,0.3717,0.0228,0.4177,0.0602,0.0356,0.0,0.0549,1.0573,0.0391,0.0,0.2597,0.2057,0.0747,0.0895,0.0,0.0269,0.653,0.0548,0.0319,-,0.0,5.0107
7939,Morten Thorsby,Sampdoria,0.0456,0.1193,0.7269,0.4846,0.5823,0.0794,0.0228,0.1142,0.4908,0.1065,0.3984,-,0.2548,0.0709,0.1316,0.13,0.1708,0.0784,0.0367,0.0781,0.0992,0.6426,-,0.0,-,0.0537,4.9176
1272,Ilija Nestorovski,Udinese,0.0201,1.0013,0.0,-,-,-,-,-,-,0.6089,0.3273,0.0,0.0,0.5742,0.8868,0.0,0.0,-,-,-,0.0,0.0,0.2653,0.5866,0.5048,0.0638,4.8391
1193,Lorenzo De Silvestri,Bologna,0.0738,0.0,0.3692,0.0309,0.4682,0.755,0.0362,0.8441,0.108,0.2633,0.1127,0.2409,0.049,-,0.3219,-,-,0.1201,0.0,-,-,-,0.0,0.4001,0.3348,0.306,4.8342
628,Chris Smalling,Roma,-,-,-,-,-,0.0,1.0251,-,-,-,0.2502,0.5009,0.023,0.0,1.4527,0.0402,0.152,0.0641,0.5909,0.0,-,-,-,-,0.6356,0.0611,4.7958
7938,Tommaso Augello,Sampdoria,0.0926,0.0815,0.0386,0.8999,0.6272,0.1069,0.0,-,0.4752,0.0,0.0,0.0,0.0,0.317,0.0,0.0276,0.0,0.1531,0.485,0.0781,0.0771,0.5803,0.4484,0.0516,0.1467,0.105,4.7918
1104,Leonardo Pavoletti,Cagliari,-,0.0,0.0922,0.0,0.099,0.4161,0.0256,0.0,0.1629,1.3763,0.8406,-,0.0206,0.0,0.0,0.3383,0.0,0.022,-,0.0,0.4501,0.0,0.0,0.479,0.0549,0.4081,4.7857
6672,Riccardo Sottil,Cagliari,0.0,0.0599,0.1941,0.1919,0.4421,0.3916,0.5332,0.0151,1.1414,0.3015,0.1962,0.0591,0.0206,0.0,0.1706,0.0226,0.0435,0.046,0.3824,0.5383,-,-,-,-,-,-,4.7501
6960,Bremer,Torino,0.4089,0.3159,-,0.0865,0.7191,0.0577,0.0,0.4904,0.8066,-,-,0.1898,0.0995,0.0858,0.0,0.1284,0.0486,0.6068,-,0.6089,0.0732,0.0198,0.0,-,-,-,4.7459
1577,Marko Pjaca,Genoa,0.6295,0.0244,-,0.0129,0.0483,0.3096,0.3936,-,0.0914,0.8038,0.447,0.0912,0.0468,0.0,0.1663,0.0297,0.0,0.5612,0.6029,0.1922,-,0.0411,0.146,0.0,0.0297,0.0462,4.7138
621,Aleksandar Kolarov,Inter,0.9985,0.9237,-,0.9938,0.1637,1.5162,-,-,-,-,-,-,-,-,0.1139,-,0.0,-,-,-,-,-,-,-,-,-,4.7098
1115,Goran Pandev,Genoa,0.9724,0.0,0.1815,0.0129,0.4509,0.1484,0.0706,0.1281,0.1002,-,0.0,-,0.0153,0.1038,-,-,-,0.0,1.259,0.2073,0.9691,0.0,0.0899,0.0,0.0,-,4.7094
1370,Federico Ceccherini,Verona,-,-,-,0.1839,0.0,0.982,0.7513,0.0,0.6115,0.7195,-,0.5413,0.0,0.0,0.0,0.0697,0.0,-,-,0.0784,-,-,-,-,0.657,0.1024,4.697
1517,Antonio Candreva,Sampdoria,-,0.0,0.684,0.0,-,0.0794,0.0447,0.1778,1.2516,0.2302,0.1035,-,0.0,0.4267,0.1316,0.1297,0.1152,0.0599,0.5217,0.0781,0.0443,0.0779,0.1249,0.0,0.1455,0.253,4.6797
6252,Lyanco,Torino,-,-,0.1883,0.0761,0.0394,0.0,0.0,0.0489,1.1305,0.5793,0.0074,0.1462,0.0604,-,0.5313,0.043,0.0,0.6068,0.1447,0.5634,-,-,-,0.4825,-,-,4.6482
6303,Marvin Zeegelaar,Udinese,0.0147,0.0717,-,-,-,-,0.0711,0.0779,0.0147,0.2592,0.1213,0.4404,0.7538,1.1222,0.1031,0.0,0.6643,0.0,0.107,0.0,0.5091,0.0549,0.1383,-,0.0957,-,4.6194
1170,Gianluca Caprari,Benevento,0.3417,0.4168,0.0927,0.5083,0.0125,0.7174,-,-,0.0,0.0,0.41,0.0863,0.0,0.1799,0.2329,0.222,-,0.0,0.0314,0.0,0.6882,0.2227,0.0723,0.3726,-,0.0,4.6077
1942,Martín Cáceres,Fiorentina,0.5732,0.6126,0.401,0.0,0.0,0.0358,0.3706,-,0.2678,0.4203,-,0.0567,-,0.8544,0.0634,-,0.4144,-,0.5144,-,-,-,0.0,0.0,0.0,-,4.5846
3209,Jean-Daniel Akpa-Akpro,Lazio,0.0,0.0,0.0542,-,0.3413,0.3152,0.4062,0.4444,0.1237,0.0,0.1577,-,0.1002,0.0,0.0,0.1657,1.0139,0.1073,0.4278,0.7004,0.0248,-,0.1303,-,-,-,4.5131
3989,Salvatore Molina,Crotone,0.3934,0.0174,0.3836,0.0818,1.0299,-,-,-,0.1375,0.3644,0.8883,0.077,0.1819,0.1001,0.0717,0.1204,0.0135,-,-,-,-,-,0.2537,0.0,-,0.3719,4.4865
1537,Sasa Lukic,Torino,0.0329,0.0,0.3724,0.3209,0.3737,0.2408,0.0,-,-,0.0,0.0,0.0739,0.0358,0.0903,0.9228,0.3461,0.0486,0.5457,0.0585,0.5751,0.2972,0.0478,0.0729,0.0151,-,-,4.4705
6421,Brahim Diaz,AC Milan,0.0,0.9465,0.5448,-,-,0.0,0.0483,-,0.1061,0.1447,0.4487,0.3212,1.034,-,0.0392,0.1519,0.3772,0.0,0.1394,-,-,-,-,0.0944,0.0706,-,4.467
1204,Patric,Lazio,0.1999,0.4732,0.3924,0.1155,0.0212,0.6471,-,1.0752,0.1134,-,-,0.1831,0.0,0.1545,0.1809,0.0,0.0,0.0355,0.1503,0.0,-,0.2018,0.1248,0.3018,0.0824,-,4.453
1468,Gregoire Defrel,Sassuolo,0.5963,0.5634,0.2807,-,-,0.0442,0.0,-,-,-,-,0.6198,0.1501,-,0.0,0.6208,0.0999,0.2432,0.0,0.0,0.0846,0.4986,0.1138,0.4899,0.0209,-,4.4262
6156,Andreas Cornelius,Parma Calcio 1913,0.084,-,0.0,-,0.4538,0.0,-,-,0.5197,0.1048,0.4192,0.0728,0.0,0.2289,0.0977,0.0,0.0993,0.3167,0.0226,0.3064,0.0668,0.2029,1.3975,-,-,-,4.3931
4699,Simon Kjaer,AC Milan,0.0794,0.1319,1.6383,0.0,0.5349,0.5377,0.2301,0.0,0.0515,-,-,-,-,-,0.0179,0.2224,0.3549,0.0,0.0763,-,-,0.0,0.0226,0.3065,0.1609,-,4.3653
1445,Simone Verdi,Torino,0.0,0.0298,0.0995,0.9026,0.732,0.0189,0.0582,0.5713,0.0653,-,-,-,0.0922,0.2056,0.3499,0.0218,0.1045,0.0676,0.3726,0.5559,0.0,0.0171,-,0.0879,-,-,4.3527
8883,Riccardo Improta,Benevento,0.1019,-,0.0,0.0397,0.0,0.0,0.0741,0.2455,0.0587,0.0726,0.704,0.5488,0.0678,0.1101,0.7605,0.7744,0.0,0.1401,0.0314,0.0,0.4451,-,-,-,0.0,0.1738,4.3485
1395,Vlad Chiriches,Sassuolo,1.2148,0.5379,0.0,0.113,0.3366,0.149,-,0.0164,0.0654,-,-,1.0753,-,0.5488,0.0,-,0.0122,0.2581,-,-,-,-,-,-,-,-,4.3275
1542,Stefan Radu,Lazio,0.6063,0.2265,0.0,-,-,-,0.0847,0.0264,0.1701,0.0,0.0,0.1631,0.0451,0.0867,0.0871,0.018,1.3042,0.1515,0.4875,0.5618,0.3068,-,-,-,-,-,4.3258
6021,Lukas Lerager,Genoa,1.1104,0.0858,-,-,0.2918,0.1577,0.3936,0.2651,0.6575,0.9266,0.021,0.0483,0.0,0.0,0.0,0.2252,0.0605,0.0,-,-,-,-,-,-,-,-,4.2435
1425,Nikola Kalinic,Verona,-,-,-,0.1821,0.0798,1.1064,0.5874,0.0669,-,-,-,-,-,-,0.4631,0.0697,0.6113,0.3933,0.6233,0.0,0.036,-,-,-,-,-,4.2193
4348,Tolgay Arslan,Udinese,0.2795,-,0.8668,0.2009,0.0176,0.008,0.0711,0.0,0.0147,-,0.1863,-,0.0338,-,0.1319,0.9647,0.1127,0.0,0.0745,0.0202,0.1237,0.0,0.3566,0.0851,0.0957,0.5544,4.1982
4943,Emanuel Vignato,Bologna,0.0,-,0.3463,-,0.0916,0.0,0.4312,0.0435,0.1001,0.7261,0.1401,0.0341,0.6575,0.0226,0.0,0.0,0.2168,0.7246,0.0516,0.0,0.3836,0.0,-,0.0,0.2262,0.0,4.1959
1165,Gastón Brugman,Parma Calcio 1913,0.0175,0.6119,0.7859,0.0592,0.0623,0.0,-,-,-,0.0,0.6034,-,0.0,-,-,-,0.0968,0.2928,0.0304,0.1548,0.1504,-,0.4321,-,0.3293,0.5665,4.1933
6806,Rodrigo Becão,Udinese,0.1142,0.7076,0.3662,0.1468,0.2758,0.0465,0.0,0.0,0.0147,0.0,0.047,0.1816,0.6048,-,0.1809,0.81,0.203,0.0,0.1188,0.0,-,-,0.04,0.3227,0.0,0.0,4.1806
6324,Marash Kumbulla,Roma,-,0.498,0.3624,0.0923,0.061,0.0,-,-,-,0.0649,0.7784,0.3958,-,0.3246,-,0.019,-,-,0.6202,0.1614,0.2186,-,-,-,0.581,-,4.1776
7416,Merih Demiral,Juventus,0.0,-,0.0,0.1071,1.1916,0.6733,0.2619,-,-,-,-,-,-,-,0.0,0.9595,-,0.0,-,0.0,-,0.0915,0.0679,0.747,0.0698,-,4.1696
8963,Nahuel Molina,Udinese,-,-,0.423,-,0.3269,-,-,-,0.0,-,0.2982,-,-,0.053,0.0598,0.5192,0.0,0.0,0.0,0.0,0.0726,0.0,0.4539,0.839,0.1123,0.9608,4.1187
1375,Elseid Hysaj,Napoli,0.3915,0.4732,0.2491,-,0.8903,0.4549,-,-,-,-,-,-,0.1029,-,-,0.0609,0.4963,0.1883,0.0153,-,-,-,0.0,0.6919,0.089,-,4.1036
7923,Pawel Dawidowicz,Verona,-,0.0729,-,-,-,0.4751,0.0,0.0555,0.0,0.601,0.0436,0.5413,0.0,0.0,0.5231,0.0,0.4216,0.4249,0.4829,0.4374,0.0,-,-,0.0,0.0,-,4.0793
6312,Rogerio,Sassuolo,0.1499,-,-,-,0.0,0.7111,0.0,0.0834,0.2465,0.0,0.0,1.1055,0.2084,-,-,0.1325,-,0.3584,0.0202,0.0265,0.1592,0.1553,0.2928,0.411,-,-,4.0607
7014,Arkadiusz Reca,Crotone,-,0.0,0.0164,0.2004,1.0517,0.1601,0.1647,0.0481,0.0158,0.1591,0.1641,0.077,0.2186,0.1146,0.1216,0.1469,0.1756,-,0.1415,0.0789,-,0.4489,0.2625,0.0338,0.0,0.2509,4.0512
1098,Miguel Veloso,Verona,0.3787,0.2567,-,-,-,-,-,0.0791,0.9301,1.061,0.1757,0.048,0.0,0.118,0.2826,0.0,-,-,-,-,-,0.0,0.0,0.5002,0.0831,0.0411,3.9543
505,David Ospina,Napoli,0.1399,-,0.2646,-,0.0326,0.0244,-,-,0.0242,-,1.3331,0.0971,-,0.3341,0.5417,-,0.5988,-,0.0,0.4146,-,-,-,-,0.1308,-,3.9359
7934,Andreas Skov Olsen,Bologna,0.2258,0.9332,0.7895,-,-,-,-,-,-,-,-,-,-,-,0.0,-,0.0342,0.5825,0.0278,0.3455,0.2067,0.4002,0.0,0.0,0.214,0.1646,3.924
9233,Joakim Maehle,Atalanta,-,-,-,-,-,-,-,-,-,-,-,-,-,-,0.3074,0.4479,0.0,0.3648,0.0287,0.17,-,0.4237,0.2132,0.7138,1.1367,0.1066,3.9128
5226,Walace,Udinese,-,-,-,-,0.063,-,-,-,0.0,0.1343,-,0.4795,0.0098,0.5507,0.1598,0.0305,0.6475,0.0,0.1188,0.0202,0.1105,0.1449,0.0608,0.8599,0.0,0.5157,3.9059
952,Gastón Ramírez,Sampdoria,0.1044,0.0386,0.4136,0.0,0.7261,0.0178,0.0447,0.0599,0.0,-,0.0,0.0594,0.0211,0.0965,-,-,0.0,0.3747,0.8996,0.0,-,0.6636,0.1189,0.0411,0.0417,0.1734,3.8951
1281,Giuseppe Pezzella,Parma Calcio 1913,0.1252,-,0.7005,0.6014,0.1594,0.0,0.0357,0.0,-,-,-,0.022,-,-,-,0.0,-,0.0433,0.3975,0.1739,-,0.0,0.8116,0.2633,0.0748,0.4413,3.8499
5028,Gianluca Frabotta,Juventus,0.292,0.0,0.0,0.0512,0.0,0.0703,-,1.1286,-,-,-,-,0.0,0.2731,0.7026,1.2366,0.0,-,-,-,-,0.0,-,0.0916,-,-,3.846
8010,Kevin Agudelo,Spezia,0.0559,-,0.0291,0.0448,0.1917,0.047,0.5367,-,0.0,0.023,0.3777,1.1985,0.0,-,0.074,0.066,0.0,-,-,0.0,0.1847,0.8224,0.0675,0.0937,-,-,3.8127
7912,Eljif Elmas,Napoli,0.037,0.4437,-,-,0.0184,0.0,0.0677,0.0258,0.0,-,0.3387,0.0928,0.464,0.1481,0.5029,0.0,0.0985,0.0945,0.407,0.9061,0.0858,0.0,0.0,0.0776,0.0,-,3.8086
1210,Keita,Sampdoria,-,-,-,0.3981,0.4258,0.1816,-,-,-,-,-,-,-,0.3532,-,0.13,0.2835,0.3408,0.8849,0.1043,0.2206,0.1432,0.0599,0.0,0.2178,0.0468,3.7905
8916,Simone Bastoni,Spezia,-,-,-,0.2844,0.0859,0.2229,0.5128,0.0313,0.7289,0.4497,0.0517,-,0.0656,-,-,-,-,-,0.066,0.5079,0.1571,0.3124,-,0.0348,0.146,0.0779,3.7353
631,Ashley Young,Inter,0.1775,0.9345,0.0,-,-,0.043,0.1814,0.0,0.0,-,0.0945,0.0872,0.0798,0.802,0.1896,0.231,0.3685,0.4104,0.1221,-,-,-,0.0,0.0,-,-,3.7215
777,Emmanuel Rivière,Crotone,1.0175,-,-,-,0.0,-,-,0.0383,-,-,0.0755,0.0162,0.0919,0.016,0.0274,0.0605,0.7134,1.2272,-,0.301,0.0245,0.0,0.0,-,0.0951,-,3.7045
6997,Ignacio Pussetto,Udinese,-,-,-,0.1103,0.0,0.055,0.0711,0.0,0.4813,0.7688,0.6309,0.8085,0.6951,0.0,-,-,-,-,-,-,-,-,-,-,-,-,3.621
4907,Bartosz Bereszynski,Sampdoria,0.163,0.0,0.3374,0.3708,0.0989,0.261,0.0498,0.0442,0.5135,0.0,-,-,-,-,-,0.0,0.1254,0.0339,0.4738,0.0,0.0269,0.7003,0.0548,0.0319,0.0748,0.2377,3.5981
1178,Davide Zappacosta,Genoa,1.0496,0.0923,-,-,-,-,-,-,-,-,-,-,0.0153,0.0,0.1026,0.0928,0.2438,0.0427,0.9878,0.2759,0.1246,0.1197,0.069,-,0.2319,0.1431,3.5911
3739,Soualiho Meité,Torino,0.4089,0.3579,0.1879,0.6238,0.0523,0.2255,0.0,0.5857,1.1257,0.0,0.0,0.0,0.0,0.0,-,-,-,-,-,-,-,-,-,-,-,-,3.5677
591,Gerard Deulofeu,Udinese,-,-,-,0.0973,0.2047,0.1162,0.0,-,-,0.6944,0.3764,0.16,0.1393,-,-,-,-,0.0,0.1751,0.0639,1.3636,0.1705,-,-,-,-,3.5614
3951,Kevin Bonifazi,Udinese,-,-,-,-,0.022,0.0,-,-,-,0.1061,0.047,0.16,0.5973,0.053,0.2405,0.063,0.0883,0.0,0.107,0.0,0.6828,0.0,0.0665,0.7933,0.0957,0.4324,3.5549
1903,Kevin Lasagna,Verona,-,0.5553,-,-,-,-,-,-,-,-,-,-,-,-,-,-,-,-,-,0.1819,0.0,0.9148,0.8382,0.0825,0.4985,0.438,3.5092
1576,Giorgio Chiellini,Juventus,0.2043,0.5855,-,-,-,-,-,-,-,-,-,-,-,0.2731,-,-,0.0459,0.8763,0.8279,0.0,0.6876,-,-,-,-,-,3.5006
1896,Riccardo Gagliolo,Parma Calcio 1913,-,-,0.0,0.0592,0.3293,0.0305,0.0357,0.0,0.0,0.0,0.0,0.1321,0.6017,0.2289,0.1641,0.0,-,-,0.0304,0.0191,0.1675,0.307,0.3554,0.3909,0.1791,0.4413,3.4722
8035,Samuel Di Carmine,Verona,0.7603,0.1225,-,-,-,0.0,-,0.2456,0.6115,0.601,-,0.554,-,-,-,0.0197,0.0307,0.1051,0.3959,-,-,-,-,-,-,-,3.4463
6981,Ismael Bennacer,AC Milan,0.7131,0.0,0.1222,0.0,0.1857,0.5377,0.5372,0.5806,-,-,0.6261,-,-,-,-,-,-,-,-,0.1271,-,0.013,-,-,-,-,3.4427
9065,Nahuel Estévez,Spezia,-,-,-,-,0.2025,0.0143,0.2725,0.1366,0.3737,0.1494,0.1427,0.4801,-,0.2881,0.0,-,0.1958,0.0,0.168,0.1206,-,0.2962,0.1686,0.0348,0.342,0.0443,3.4302
3544,Jeremie Boga,Sassuolo,-,-,-,-,0.1617,0.0576,0.0,0.1368,0.2759,0.0,0.0,0.6552,0.04,0.6077,0.081,0.8087,0.0799,-,0.0,0.5108,0.0,-,-,-,-,-,3.4153
2303,Samu Castillejo,AC Milan,0.0,0.0,-,0.334,0.0936,-,-,0.1256,-,0.4869,0.0855,0.2694,0.0,0.0,0.4712,0.2181,0.3941,0.0,0.0763,-,0.1426,0.0,0.0644,0.0,0.1058,0.5416,3.4091
7091,Christian Kouamé,Fiorentina,0.7744,1.1262,0.5288,0.0,0.0,0.0827,0.3111,0.0,0.0,0.0,0.0326,0.0,-,0.1266,0.0,0.0599,0.0,0.0895,0.0779,0.0,0.0402,0.0482,0.1081,-,-,-,3.4062
1763,Stefano Okaka,Udinese,0.2107,0.2344,0.4409,0.7808,1.0468,0.1019,0.0,0.0931,-,-,-,-,-,-,-,-,-,-,-,-,0.0,0.09,0.3952,-,-,-,3.3938
1569,Valerio Verre,Sampdoria,0.106,0.0,0.2709,0.3958,0.0,0.0794,0.0228,-,0.1758,-,0.3984,0.6667,0.9297,0.0414,0.0,-,0.0,0.0686,0.0895,-,0.0,-,-,0.0516,0.097,-,3.3936
1392,Luigi Sepe,Parma Calcio 1913,0.0,0.0,0.1657,0.1183,0.0,0.3739,0.0,0.0,0.4374,0.1048,0.0,0.4012,0.0,0.0,0.0,0.0,0.015,0.0433,0.0656,0.0,0.0,0.0486,0.725,0.1186,0.1525,0.6224,3.3923
8252,Nicolás Domínguez,Bologna,0.0939,-,-,0.0,-,0.0,0.0174,0.442,0.3091,0.2028,0.1848,0.1427,0.101,0.0,0.224,-,0.1648,0.1759,0.057,0.7064,0.0,0.1855,0.0,0.3102,0.0,0.0667,3.3842
8034,Georgios Kyriakopoulos,Sassuolo,0.2062,0.1837,0.0,0.9539,0.3395,0.0442,-,-,-,0.0344,0.0521,-,0.1654,0.3667,0.0358,-,0.1136,0.1412,-,-,-,-,-,-,0.7457,-,3.3824
1433,Federico Chiesa,Fiorentina,1.5403,1.4134,0.3288,-,-,-,-,-,-,-,-,-,-,0.0995,-,-,-,-,-,-,-,-,-,-,-,-,3.382
2107,Pau López,Roma,-,-,-,-,-,-,0.5777,-,-,-,0.0752,0.0,-,0.0,0.4761,0.7391,0.0,0.0,0.6879,0.0816,0.1503,0.1242,0.0982,0.1856,0.0484,0.1027,3.347
2711,Aleksey Miranchuk,Atalanta,-,-,-,-,-,-,0.6285,0.0,-,-,0.0,0.0,0.0342,0.1079,0.0264,0.0652,0.1057,0.2537,-,0.0268,0.4237,0.4832,0.0,0.1305,1.058,0.0,3.3438
2264,Diego Godín,Cagliari,-,-,0.0189,0.0,0.4666,0.3384,0.1464,-,-,-,-,-,0.0308,0.0,-,-,0.0472,0.156,0.864,0.5805,0.0619,0.0,0.0,0.0759,0.4629,0.0889,3.3384
2019,Federico Bonazzoli,Torino,-,-,0.166,-,0.0,0.2663,0.1641,0.0936,-,0.0,0.8496,0.0547,0.7236,-,-,0.0,0.0,-,-,-,0.0,-,0.8653,0.1311,-,-,3.3143
7958,Sandro Tonali,AC Milan,0.0,0.1616,0.1964,0.0,-,0.0,-,-,0.0696,0.1606,0.028,0.2694,0.7351,0.2144,0.0615,-,0.0392,0.0,0.2667,0.5899,-,-,0.0769,0.31,0.108,-,3.2873
2040,Paolo Ghiglione,Genoa,1.2923,0.0,0.14,0.0,-,0.4498,0.0706,0.0669,0.6492,0.0,-,0.4419,0.0,0.0,-,0.0297,0.0605,-,-,0.0842,-,-,-,0.0,-,0.0,3.2851
1119,Alessio Romagnoli,AC Milan,-,-,-,0.0,0.4413,0.0155,-,0.0555,0.0515,0.4199,0.1726,0.0,0.0,0.1136,0.0,0.1737,0.3549,0.1193,-,0.6436,0.0802,0.0,0.0352,-,0.1593,0.4473,3.2834
5509,Hernani,Parma Calcio 1913,0.1055,0.4528,0.1757,0.2899,0.097,0.297,0.013,-,0.0823,0.1048,0.1842,0.0,0.4256,0.2007,0.0275,0.0,0.0539,-,0.0,0.0191,0.0,-,0.1566,0.113,0.4834,0.0,3.282
8161,Ebrima Colley,Verona,-,0.1135,0.0,0.412,0.0995,0.0,0.1639,0.1878,0.0,1.0145,0.0,0.0,0.3122,0.09,0.1896,-,0.0835,0.1367,-,0.4593,0.0,0.0,-,-,-,-,3.2625
7950,Mert Müldür,Sassuolo,0.056,0.0838,0.0927,0.0222,0.1208,0.0808,0.0,0.0,0.0753,-,0.0,-,0.0841,0.0209,0.0358,0.6923,0.0215,0.1289,0.0202,0.0945,0.8376,0.2084,0.1462,0.3956,-,-,3.2176
8926,Milos Vulic,Crotone,-,0.0,0.176,0.0577,0.1458,0.343,0.1268,0.095,0.2471,0.2864,0.0755,-,0.0919,0.1016,0.0,0.0238,0.0566,0.6892,0.0191,-,0.0344,0.0155,0.3485,0.2809,-,-,3.2148
8870,Sam Lammers,Atalanta,0.0,0.0,0.429,0.3402,0.5406,-,0.6285,0.6096,0.12,0.0962,-,-,-,-,-,-,0.0639,-,-,0.3864,0.0,-,-,-,-,-,3.2144
411,Albin Ekdal,Sampdoria,0.1382,0.0709,0.3819,0.4442,0.0,0.1045,0.0177,0.0755,0.4851,0.2302,0.2948,0.0179,0.0,0.4126,0.0,-,0.1254,0.0938,0.0,0.0,0.0,0.0284,0.0599,0.0,0.1235,0.0896,3.1941
557,Matteo Darmian,Inter,-,-,-,-,0.1367,0.3323,0.4858,-,0.3945,0.0834,0.5093,0.0342,0.0459,-,0.1586,-,0.0,0.0,-,-,0.0,0.0,0.0,0.9152,0.0,0.0,3.0959
1515,Cristian Ansaldi,Torino,0.0,-,0.0,0.0,-,0.0,0.0,0.459,0.1607,0.0416,-,0.0,-,-,-,0.0218,-,0.6068,0.1447,0.1412,0.0195,0.0581,0.0729,1.3676,-,-,3.0939
257,Jeremy Toljan,Sassuolo,0.7297,0.5713,0.0927,-,-,-,-,0.0,0.2665,-,0.0521,0.4008,0.2271,-,-,-,0.0999,0.2067,-,-,-,0.0879,0.2545,0.0,0.0975,-,3.0867
1460,Andrea Consigli,Sassuolo,0.0694,0.1758,0.0,0.1551,0.2716,0.077,0.0,0.0,0.0,-,0.0521,0.4213,0.1864,0.0209,0.0,0.1739,0.0215,0.2067,0.0,0.0,0.5502,0.1585,0.0,0.411,0.0579,-,3.0093
1448,Erick Pulgar,Fiorentina,-,-,-,0.0,0.0,0.0358,0.7041,0.0,0.2678,0.088,0.0,0.2595,-,0.6629,-,-,0.3009,0.0,0.0683,0.0,0.0597,0.2241,0.2339,0.0,0.0861,0.0,2.9911
8029,Lisandro Magallán,Crotone,0.0883,0.0,0.0335,0.0929,0.7103,0.0478,0.0197,0.1386,0.1916,-,0.6878,-,0.1711,0.0,0.0171,0.0726,-,0.0746,-,0.0481,-,-,0.1337,0.3634,0.0,0.0961,2.9872
8522,Matteo Lovato,Verona,0.4102,0.0,0.3568,0.0552,0.0,0.6252,0.1639,-,0.0,0.0,0.2819,0.038,-,0.0,-,0.0,0.4094,-,0.0,-,0.0,0.5691,0.0,0.0585,0.0,-,2.9682
347,Kaan Ayhan,Sassuolo,0.0,0.0838,0.0,0.4498,0.1795,0.1242,0.0,0.0834,-,0.0,0.0,-,-,0.1051,-,0.9507,0.0,0.2421,-,-,-,0.0879,-,-,0.6602,-,2.9667
7092,Koray Günter,Verona,0.3787,0.0,0.047,-,-,0.0,-,-,-,-,-,0.038,0.0,0.0,-,0.0527,0.0,0.1367,0.4649,0.0784,0.0,0.5878,0.3978,0.0301,0.7034,0.0411,2.9566
2044,Daniele Verde,Spezia,-,0.0306,0.1071,0.3134,0.3357,0.0858,-,-,-,-,0.0125,-,-,-,-,-,-,-,0.3624,-,0.0852,-,0.1396,0.7096,0.2598,0.5028,2.9445
1096,Armando Izzo,Torino,0.4089,-,-,-,-,-,-,-,-,-,0.0,-,0.0995,0.1478,1.0044,0.187,0.0,0.0,0.0,-,0.2657,0.0171,0.0,0.8065,-,-,2.9369
9002,Vedat Muriqi,Lazio,-,-,-,0.0884,0.6342,0.4719,0.1753,-,-,-,-,-,0.1002,0.3717,0.0,0.0,-,0.0,0.1049,0.5396,0.0108,0.2169,0.1303,0.0753,0.0,-,2.9195
1972,Gaetano Letizia,Benevento,0.122,0.3556,0.1392,0.3554,0.0148,0.7814,0.0,0.0207,0.0681,0.195,0.4908,0.0377,0.0908,0.1908,0.0168,-,-,-,-,-,-,-,-,0.0,0.0,-,2.8791
2143,Germán Pezzella,Fiorentina,-,-,-,0.1812,0.496,-,-,0.0,0.2678,0.1534,0.0,0.1349,0.0406,0.0472,0.075,0.0599,0.0,0.2414,0.5144,0.4455,0.1039,0.0,0.0,0.0,0.0861,0.0,2.8473
1116,Gianluigi Donnarumma,AC Milan,0.1605,0.0221,0.1459,0.0,-,0.0155,0.0945,0.0,0.0318,0.4062,0.0,0.0237,0.0,0.0,0.4395,0.178,0.0,0.3577,0.0174,0.1729,0.0175,0.0,0.0,0.3065,0.0837,0.3732,2.8466
8912,Tommaso Pobega,Spezia,0.0,0.0,0.0,-,0.0227,0.1497,0.9399,0.0167,-,-,0.0983,0.0,-,-,0.0263,0.9298,0.0,0.1873,-,0.4737,-,-,-,-,-,-,2.8444
8974,Jens Petter Hauge,AC Milan,-,-,0.0,-,-,-,0.0,0.6218,0.0,0.6475,0.2058,0.3356,0.108,0.1136,-,0.3104,0.0223,0.3357,-,-,0.0627,0.0,-,-,0.0587,0.0,2.8221
1604,Artur Ionita,Benevento,0.1737,0.3162,0.0,0.5603,0.0125,0.0775,0.1771,0.1368,0.0,0.0355,0.0147,0.0596,0.0678,0.125,0.1777,0.0571,0.0,0.199,0.0341,0.0,0.0143,-,0.0321,0.3589,0.1914,0.0,2.8213
1251,Radja Nainggolan,Cagliari,-,-,-,-,-,-,-,-,-,-,-,-,-,-,-,0.0844,0.1487,0.5823,0.1851,0.6997,0.0619,0.0237,0.3315,0.1178,0.4899,0.0923,2.8173
6464,Adrien Silva,Sampdoria,-,-,-,0.629,-,0.1816,0.0,0.3547,0.0,0.0102,-,0.0381,0.0058,0.3606,-,0.0276,-,0.0747,0.0248,0.1097,0.0502,0.0128,0.5024,-,0.1732,0.253,2.8084
1431,Sebastien De Maio,Udinese,0.1079,0.6607,0.3662,0.2197,0.4623,0.0666,-,-,-,-,-,0.0,-,0.4385,-,-,-,0.0,0.0357,0.0,-,-,-,0.0,-,0.4324,2.79
9226,Mihai Valentin Mihaila,Parma Calcio 1913,-,-,-,-,-,-,-,-,-,-,-,-,-,-,0.0,0.0,0.0207,-,0.0,-,0.3049,0.0684,1.3512,0.3466,0.0707,0.6224,2.7849
7500,Giacomo Raspadori,Sassuolo,-,-,-,0.669,0.1094,0.149,0.0,0.1005,0.2616,0.0344,0.0,0.4423,-,0.2034,0.0,0.3904,-,0.3584,0.0,0.0,0.0,-,0.0578,-,0.0,-,2.7762
308,Ricardo Rodríguez,Torino,-,-,0.1203,0.5937,0.0394,0.0392,0.0,-,0.7946,0.0171,0.2535,-,0.1135,0.0903,0.3915,-,0.0351,-,0.1447,-,-,-,-,0.0151,-,-,2.648
7609,Carles Pérez,Roma,-,-,0.0,0.0923,-,0.1379,-,0.5966,0.033,-,0.2502,-,0.0,-,0.1354,0.1789,-,-,1.0689,0.0,0.1245,-,-,-,-,0.0,2.6177
7375,Roberto Piccoli,Spezia,-,-,0.0731,0.0888,0.0,-,-,-,0.0,0.0,0.326,-,0.6238,0.045,0.0,-,0.0825,0.0549,0.8912,-,-,-,0.4255,-,-,-,2.6108
1374,José Reina,Lazio,-,-,-,-,0.0161,0.0,0.1673,0.0,-,0.0,0.0974,0.1064,0.0,0.0528,0.0511,-,1.0082,0.0717,0.0355,0.9289,0.0108,0.0203,0.0,0.0,0.0,-,2.5665
7937,Julian Chabot,Spezia,0.0,0.4273,0.0,0.2844,0.271,0.1273,0.0798,0.0214,0.0,0.135,0.0648,0.5622,-,0.1704,0.0,-,0.2154,0.0,0.066,0.0,0.0,-,0.1396,-,-,-,2.5646
1601,Riccardo Marchizza,Spezia,-,-,0.0731,-,-,-,0.0,0.1228,-,0.0441,0.0125,0.5062,-,0.3874,0.0263,0.0,0.1015,0.0995,0.168,-,-,-,0.0675,-,0.2234,0.7017,2.534
1997,Andrea Favilli,Verona,-,0.6827,0.1121,0.2494,0.3438,-,-,-,0.0686,1.0642,0.0,-,-,-,-,-,-,-,-,-,-,-,-,-,0.0,0.0,2.5208
542,Pedro Obiang,Sassuolo,0.3597,0.2243,0.1417,0.092,-,0.0,0.0,0.0,0.0,0.0262,-,0.301,0.0,0.0606,0.0,0.3904,0.0,-,0.0,0.0265,0.391,0.4455,-,0.0,0.0397,-,2.4986
1800,Kamil Glik,Benevento,0.0116,0.3265,0.0,0.3554,0.0366,0.3779,0.0,0.0207,0.0681,0.0,0.1266,0.0,0.0,0.0257,0.2407,0.512,0.0,0.0,0.0,0.0,0.0,0.1712,0.0551,-,0.0,0.1486,2.4767
1382,José Callejón,Fiorentina,-,-,-,0.0,0.5393,0.0,-,-,0.3104,0.2477,0.0,-,0.0,-,-,0.0,0.9697,0.3277,-,-,-,0.0765,-,-,-,0.0,2.4713
3842,Claudio Terzi,Spezia,-,0.4273,-,0.2549,0.1862,0.1486,0.4662,0.0,0.1044,0.1768,0.0642,-,0.0572,0.0236,-,0.0,0.1958,0.0,0.066,-,0.0,-,-,-,0.2178,0.0443,2.4333
1264,Edoardo Goldaniga,Genoa,0.5386,0.0,0.0,0.0,0.3154,0.0,-,0.1095,0.1246,0.4417,0.4259,0.3936,0.0,-,-,0.0,-,0.0,-,-,0.0,0.0,-,0.0,0.0695,-,2.4188
1341,Ivan Radovanovic,Genoa,0.0,0.0,0.0348,0.0129,0.0222,-,0.3599,-,-,0.5731,0.4259,0.0,0.0153,0.0,0.0608,0.0297,0.1603,0.0,0.4624,0.0,0.0,0.064,0.0,0.0,0.1189,0.0534,2.3936
6177,Luiz Felipe,Lazio,-,-,-,-,-,0.0968,0.1141,-,-,0.0,-,0.1536,0.0451,0.1156,0.0197,0.4096,1.2681,0.1607,-,-,-,-,-,-,-,-,2.3833
6191,Lorenzo Venuti,Fiorentina,0.0472,-,-,-,0.0,-,0.3111,-,-,-,0.0717,0.6498,0.0236,0.0472,0.0652,0.139,0.0,0.0718,-,0.408,0.0557,0.1792,0.2969,-,0.0,-,2.3664
1311,Rade Krunic,AC Milan,0.0,0.0288,0.3933,0.334,0.138,0.0,-,0.0,0.0,0.0,-,-,0.0401,0.1645,0.4712,-,-,-,-,0.0,0.0,-,-,0.0113,-,0.7719,2.3531
8837,Vladimir Golemic,Crotone,0.0181,0.0,0.1015,0.0224,1.0543,-,-,-,0.0,-,-,0.0608,-,0.1382,0.0586,0.1135,0.1157,0.0,0.0,0.0134,0.0,0.0502,0.1603,0.3741,0.0,0.0688,2.3499
3259,Adam Ounas,Cagliari,-,-,-,0.0,0.1331,0.4557,0.5208,0.0582,0.9494,-,-,-,-,-,-,-,0.0,-,-,-,-,-,-,0.2317,-,-,2.3489
5056,Marlon Santos,Sassuolo,-,-,-,-,-,0.0,0.0,0.0,0.0,0.0344,0.0521,-,0.4835,-,-,-,-,-,0.0,0.0265,0.5502,0.0879,0.238,0.1399,0.6998,-,2.3123
1522,Andrea Ranocchia,Inter,-,-,-,-,0.2911,1.3953,-,0.0,-,-,-,-,-,-,-,-,-,-,-,0.6045,-,-,-,-,-,-,2.2909
3821,Rolando Mandragora,Udinese,-,-,-,-,-,-,-,0.0417,-,0.383,-,0.0166,-,0.0,0.1381,0.151,1.5149,0.0,0.0357,0.0,-,-,-,-,-,-,2.281
4970,Luca Pellegrini,Genoa,-,0.0,-,0.0,0.0,0.3962,0.0,0.0613,1.1384,0.0,0.4259,0.2453,-,-,-,-,-,-,-,-,-,-,0.0,-,-,-,2.2671
7096,Omar Colley,Sampdoria,0.0926,0.0386,-,-,-,-,-,0.0272,-,0.0,0.0,0.0549,0.1114,0.3087,0.0153,0.0276,0.0,0.0,0.0,0.0,0.0809,0.5931,0.6273,-,0.0748,0.2062,2.2586
1394,Lorenzo Tonelli,Sampdoria,0.0,0.0,0.0,0.4208,1.0082,0.1066,0.0,-,0.3313,0.1065,-,0.0,0.0,0.143,0.0,0.0276,-,-,-,-,0.0,-,-,-,0.0972,-,2.2412
1399,Bruno Alves,Parma Calcio 1913,0.1164,0.1333,0.1176,-,-,-,0.0357,0.0,0.0823,0.0253,0.1207,0.496,0.008,0.6548,0.0281,0.0,0.0357,-,-,-,0.0668,-,0.3203,-,-,-,2.241
7411,Nicolo Rovella,Genoa,-,-,0.1509,0.0,0.6636,0.3015,0.4108,-,-,-,0.447,-,-,0.0,0.1055,0.0297,-,-,-,-,0.0,0.0786,0.0162,0.0258,-,-,2.2296
1728,Fernando Llorente,Udinese,-,-,-,-,-,-,-,-,-,-,-,-,-,-,-,0.0,-,-,-,0.0,1.1984,0.0,0.1117,0.0,0.0,0.9144,2.2245
6971,Mitchell Dijks,Bologna,0.1276,-,-,-,-,-,-,-,-,-,-,-,0.3683,0.0489,0.2437,0.4272,0.0235,0.1521,0.1074,0.3916,0.3169,0.017,-,-,-,-,2.2242
7003,Mehdi Bourabia,Sassuolo,0.2041,0.5333,0.0,0.156,0.1336,0.0,-,-,-,0.0,0.1886,0.5485,0.3949,-,0.0,0.0144,-,-,-,-,-,-,-,-,-,-,2.1734
1296,Stefano Sturaro,Genoa,-,-,-,-,-,-,-,0.0615,0.7731,0.5879,0.4259,0.3191,0.0,-,-,-,-,-,-,-,-,-,0.0,-,-,-,2.1675
6201,Andrej Galabinov,Spezia,0.7631,0.7823,0.0,-,-,-,-,-,-,-,-,-,-,-,-,-,-,0.0,0.168,0.1423,-,-,0.1396,-,0.1679,0.0,2.1632
845,Maya Yoshida,Sampdoria,0.0398,-,0.2721,0.4208,0.0,0.0794,0.0,0.0,0.5697,-,0.0,-,0.0,0.1086,0.0,0.0276,0.0,0.0,0.4738,0.0,0.0,0.0,0.0649,0.073,-,0.0,2.1297
3259,Adam Ounas,Crotone,-,-,-,-,0.1331,-,-,-,-,-,-,-,-,-,-,-,-,-,-,-,0.3746,0.7212,0.2266,0.2317,-,0.4003,2.0875
1465,Stefano Sensi,Inter,0.314,1.1401,0.0859,-,-,-,-,-,0.0,-,0.2539,0.0872,0.0844,-,0.0447,-,-,-,0.0748,0.0,-,-,-,-,-,-,2.085
8884,Alessandro Tuia,Benevento,0.0,0.3162,0.0,-,0.0,0.3395,-,-,0.0,0.0111,0.2271,0.0739,0.1166,0.0818,0.0903,0.4083,-,0.063,0.0,-,0.0,0.0,-,0.0,0.0912,0.2593,2.0783
1406,Marco Sau,Benevento,0.0251,-,0.0,0.0,0.0,-,0.0755,0.0255,0.1297,0.0,0.0888,-,0.0,0.0,0.0143,0.7744,0.3707,0.2988,-,-,0.0363,0.0,-,0.0,0.1914,0.0451,2.0756
1485,Andrea Masiello,Genoa,-,0.0,0.1051,-,-,-,0.432,0.0277,-,0.0148,0.0,0.2453,0.0,0.0,0.0766,0.0,0.1329,0.1278,0.4624,0.1409,-,0.064,0.069,-,0.1189,0.0534,2.0708
8914,Salvador Ferrer,Spezia,0.1273,0.4273,-,0.036,0.2194,0.1118,0.4623,-,0.1044,0.1139,0.1046,0.0593,-,-,-,-,0.0,-,-,-,-,-,-,-,-,0.3015,2.0678
1351,Alex Cordaz,Crotone,0.0,0.0,0.1015,0.0,0.4647,0.0,0.0604,0.0,0.0,0.0325,0.6173,0.0608,0.0,0.0386,0.0274,0.0488,0.0194,0.0422,0.0191,0.301,0.0,0.0155,0.1151,0.0594,0.0,0.0416,2.0653
1320,Federico Barba,Benevento,-,0.0,-,-,-,-,0.0741,0.2402,0.1978,0.0869,0.0379,0.0533,0.0678,0.054,0.3305,0.0567,0.0,0.1991,0.0,0.0,0.1935,0.037,0.0,0.3165,-,0.0703,2.0156
8030,Sebastian Walukiewicz,Cagliari,0.0587,0.0178,0.0,0.0,0.0341,0.7349,0.2043,0.0,0.0,0.6509,0.1866,0.0,-,0.0,0.0387,0.0,0.0222,-,-,0.0,0.0619,0.0,-,-,-,-,2.0101
6125,Stanislav Lobotka,Napoli,0.0,0.1641,0.2142,0.0,-,-,-,0.9465,0.0,0.0,-,0.0812,-,0.1167,0.3794,-,-,0.0945,-,-,0.0,0.0,-,0.0,-,-,1.9966
1609,Antonio Mirante,Roma,0.068,0.4608,0.0644,0.8199,0.0464,0.0,-,0.4796,0.0103,0.0193,-,-,0.0,0.0,-,-,-,-,-,-,-,-,-,-,-,-,1.9687
8819,Mergim Vojvoda,Torino,0.0,0.136,0.1203,0.5878,0.0394,0.0577,0.0,-,-,-,0.0,0.2285,0.0,0.0,-,0.0218,-,-,-,-,-,-,0.0,0.7766,-,-,1.9681
4917,Niccolò Zanellato,Crotone,0.0771,0.02,-,-,-,0.0,-,-,-,-,0.6704,0.0,-,0.0791,0.0586,0.0409,0.0473,0.0684,0.3474,0.0,0.0,0.1049,0.1032,0.0645,0.2844,0.0,1.9662
9103,Léo Sena,Spezia,-,-,-,-,-,-,0.0,-,-,-,-,-,-,-,-,-,-,-,-,-,0.0852,-,0.1396,0.6552,0.1138,0.9435,1.9373
3065,Domenico Criscito,Genoa,-,-,-,-,0.0,0.0,0.0721,-,-,-,-,-,0.0153,0.0253,0.1181,0.1601,0.0274,0.0631,0.937,0.1224,0.0,0.064,0.1427,-,0.0981,0.0859,1.9315
1550,Luca Ceppitelli,Cagliari,-,-,-,-,-,-,-,-,-,-,-,0.0,0.0,0.0,0.0,0.011,-,0.5023,0.8896,0.0763,-,-,0.2164,0.1325,0.0,0.0889,1.917
1305,Lukasz Skorupski,Bologna,0.0,0.4288,0.394,0.0,0.0936,0.0,0.0125,0.6161,0.0,0.0304,-,-,-,-,-,-,-,0.0,0.0,0.0,0.0,0.2697,0.0,0.033,0.0,0.0,1.8781
1956,Mohamed Fares,Lazio,-,-,0.5013,0.0501,0.7069,0.0968,0.1442,0.0845,0.0,-,0.0485,-,-,-,-,-,-,-,-,-,-,-,0.1721,-,0.068,-,1.8724
1340,Roberto Inglese,Parma Calcio 1913,0.0384,-,-,-,-,0.3739,0.0,0.0,-,0.0,0.0,0.4246,0.0,0.3889,0.0182,0.0,0.0,-,-,-,-,-,-,-,0.0,0.6224,1.8664
3821,Rolando Mandragora,Torino,-,-,-,-,-,-,-,-,-,-,0.383,-,-,-,-,-,-,-,-,-,0.6168,0.045,0.0472,0.7704,-,-,1.8624
8942,Aaron Hickey,Bologna,-,0.3481,0.0589,0.2912,0.1595,0.3703,-,0.5699,0.0,0.0304,-,-,-,-,-,0.0,0.0208,-,-,-,-,-,0.0,-,-,-,1.8491
1380,Amadou Diawara,Roma,0.3538,0.0371,-,-,-,-,-,0.0658,-,0.0,0.0,-,-,-,-,-,-,-,0.0,0.0,0.1891,0.0,-,0.2199,0.9517,0.0261,1.8435
8839,Eduardo Henrique,Crotone,0.0,0.0,-,-,-,-,-,-,-,0.0,0.7989,0.0,0.2709,-,0.0445,0.0685,0.0143,0.0422,0.1207,0.3144,0.0577,-,-,0.106,0.0,-,1.8381
3340,Bryan Dabo,Benevento,0.1736,0.0,0.0294,0.0261,0.0125,0.7174,0.0,-,-,0.0,0.2736,0.0,-,0.0777,-,0.0857,0.0242,0.3225,0.0,-,-,0.0182,-,-,-,0.0451,1.806
1639,Sebastiano Luperto,Crotone,-,-,-,0.0939,0.5868,0.0478,0.0422,-,0.0518,0.0236,0.0688,-,0.1105,0.0,0.0274,-,0.0565,0.0,0.0191,-,0.05,0.0,0.0979,0.4176,0.0,0.1093,1.8032
8475,Bosko Sutalo,Atalanta,0.8568,-,0.1179,-,0.5251,0.1664,-,0.134,-,-,-,-,-,-,-,-,-,-,-,-,-,0.0,0.0,-,-,-,1.8002
3387,Nicolas N'Koulou,Torino,0.4089,0.3675,0.2351,0.0,0.0,-,-,0.518,-,0.0,0.0,-,-,-,-,-,-,-,-,-,0.2657,0.0,0.0,-,-,-,1.7952
3550,Koffi Djidji,Crotone,-,-,-,-,-,-,-,-,-,-,-,-,0.0079,-,0.0,-,0.0987,0.7033,0.3643,0.3144,0.2891,0.0155,-,-,-,-,1.7932
9019,Lucas Martínez Quarta,Fiorentina,-,-,-,-,0.0,0.0469,-,-,-,-,-,-,-,-,-,0.0,0.9527,0.0,0.0,0.1773,0.2001,0.0178,0.1081,0.0579,0.1299,0.0971,1.7878
6989,Simone Iacoponi,Parma Calcio 1913,0.084,0.0,-,0.0169,0.3606,0.0,-,0.0,0.0,0.0253,0.0636,0.523,0.2898,0.2289,0.047,-,-,0.0433,0.0881,-,-,-,-,-,-,0.0,1.7705
8922,Thomas Ouwejan,Udinese,0.0892,0.0601,0.7683,0.2986,0.2505,0.0212,-,-,-,-,-,-,-,-,0.1584,-,0.0,-,-,-,-,0.0149,0.1029,-,-,-,1.7641
1030,Fernando Forestieri,Udinese,0.0,1.0146,0.0,0.0,0.1795,0.0,-,-,0.1769,-,-,-,-,0.3178,0.0679,-,-,-,-,-,-,-,-,-,-,-,1.7567
4912,Paolo Faragò,Cagliari,0.1775,0.0487,0.0922,-,0.0177,0.1593,-,-,0.098,0.9445,0.1883,-,-,-,-,-,-,-,-,-,-,-,-,-,-,-,1.7262
1334,Perparim Hetemaj,Benevento,0.0,0.0,0.0082,0.0397,-,-,-,0.0323,0.0887,0.0355,0.0,0.0166,0.4136,-,0.0194,0.218,0.0,0.2944,0.1315,0.0,-,0.0,0.0379,0.3165,0.0208,0.0451,1.7182
1466,Francesco Magnanelli,Sassuolo,-,-,-,-,-,-,-,-,-,-,-,0.5485,-,0.0209,-,0.1739,-,0.3713,-,-,0.0,0.2673,0.2985,-,-,-,1.6804
1093,Mattia Perin,Genoa,0.4981,-,0.14,0.0,0.0,0.0,0.0213,0.0,-,-,0.0,0.0,0.0,0.0,0.0702,0.0928,0.1329,0.0631,0.5132,0.0,0.0,0.064,0.0,0.0,0.0642,-,1.6598
1454,Alex Ferrari,Sampdoria,-,-,-,-,-,-,-,-,0.5561,0.0,0.1035,0.6095,0.0,-,-,-,-,-,-,-,-,-,0.1737,0.0197,-,0.1921,1.6546
7000,Hidde ter Avest,Udinese,0.0147,1.1941,0.3662,0.072,-,-,-,-,-,-,-,0.0,0.0,-,-,-,-,-,-,-,-,-,-,-,-,-,1.647
1238,Luca Cigarini,Crotone,0.4932,0.0433,0.2302,0.1786,0.6703,-,0.0197,-,-,-,-,-,-,-,-,-,-,-,-,-,-,-,-,-,-,-,1.6353
3739,Soualiho Meité,AC Milan,-,-,-,-,-,-,-,-,-,-,-,-,-,-,-,-,-,0.0,0.1511,-,0.9902,0.0,0.042,0.0,0.2072,0.238,1.6285
9029,Simon Sohm,Parma Calcio 1913,-,-,-,0.025,0.3525,0.0,0.0357,0.0319,-,-,0.0,0.4667,0.2898,0.1035,0.0182,0.0,0.2349,0.0,-,-,-,0.0486,-,-,-,-,1.6068
1390,Marko Rog,Cagliari,0.206,0.0841,0.0839,0.1059,0.2767,0.0602,0.2532,0.0151,0.1408,0.0,0.2898,0.0207,0.0458,0.0,-,-,-,-,-,-,-,-,-,-,-,-,1.5822
1285,Gianluigi Buffon,Juventus,-,-,1.2779,-,0.0,-,0.0829,-,-,-,-,0.0,-,-,-,-,-,-,-,-,-,0.2133,-,-,-,-,1.5741
9303,Dennis Man,Parma Calcio 1913,-,-,-,-,-,-,-,-,-,-,-,-,-,-,-,-,-,-,-,0.0,0.0,0.0486,0.013,0.2264,0.201,1.0637,1.5527
1461,Pol Lirola,Fiorentina,0.0922,0.0248,-,0.2939,0.5197,0.0827,0.0,0.4805,0.0,-,0.0391,-,0.0,-,0.0117,0.0,-,-,-,-,-,-,-,-,-,-,1.5446
3356,Adama Soumaoro,Bologna,-,-,-,-,-,-,-,-,-,-,-,-,-,-,-,-,-,-,0.0849,0.4121,0.4365,0.2984,0.0058,0.0635,0.214,0.0075,1.5227
1501,Marco Sportiello,Atalanta,0.2311,0.0995,0.5972,0.0,0.1224,0.3928,0.0159,-,0.0,-,-,-,-,-,-,-,-,-,-,-,-,0.0,-,0.0,0.0535,0.0,1.5124
1274,Andrea Rispoli,Crotone,0.0181,0.0,0.0,0.0224,0.1458,0.0275,0.0,0.0272,-,-,-,-,-,-,-,-,-,0.2531,-,0.3282,0.3402,0.0,0.0085,0.3149,0.0,-,1.4859
8313,Pierre Kalulu Kyatengwa,AC Milan,-,-,-,-,-,-,-,-,-,-,0.2079,0.0237,0.0,0.1912,0.4395,0.2213,-,0.3178,0.0,-,-,-,-,-,0.0837,-,1.4851
7943,Igor Julio,Fiorentina,-,-,-,0.0,-,-,0.4315,0.0,-,-,-,0.0,0.0406,0.0472,0.1286,0.0599,0.3216,0.2414,0.0,0.0,0.1031,-,0.0,-,0.0861,-,1.46
1523,Danilo D'Ambrosio,Inter,0.3298,-,0.0,0.6286,0.2106,-,0.0,0.1173,-,0.0,0.0445,0.0,0.0459,-,-,0.0,-,-,-,-,-,0.0,-,0.0733,-,0.0,1.45
1387,Faouzi Ghoulam,Napoli,-,0.0,0.0,0.0,-,-,-,-,-,0.6763,0.3387,0.1028,-,0.1167,-,-,-,-,-,-,-,0.0,0.1908,0.017,0.0,-,1.4423
6242,Johan Mojica,Atalanta,0.0,0.0,0.1334,0.1084,0.0441,0.8297,0.0,-,0.3222,0.0,-,0.0,0.0,-,-,-,-,-,-,-,-,-,-,-,-,-,1.4378
4906,Alberto Cerri,Cagliari,-,-,-,-,-,0.0,-,-,0.2106,0.0,0.6375,0.0,-,-,-,-,0.0,0.1085,0.4219,-,0.0585,0.0,0.0,-,0.0,0.0,1.437
922,Andreas Pereira,Lazio,-,-,-,-,0.0,0.1183,0.0,0.0,0.0,0.1099,0.0143,0.0975,0.1002,0.0,0.0,-,0.1253,-,-,0.6665,-,0.1029,-,0.0997,0.0,-,1.4346
1509,Davide Santon,Roma,0.0,0.4904,0.4412,0.4894,-,-,-,-,-,-,-,-,-,-,-,-,-,-,-,-,-,-,-,-,-,-,1.421
7002,Giangiacomo Magnani,Verona,-,-,-,-,0.0,0.0,0.0,0.0257,-,-,0.0,-,0.0,0.0,0.0,0.0,0.4094,0.1367,0.0,-,0.0,0.0,0.4126,0.0227,0.3164,0.0942,1.4177
2053,Martin Erlic,Spezia,0.0274,0.0,0.0,-,-,-,-,0.1228,0.1044,-,-,0.0,-,0.049,0.0,0.0,0.0,0.0,0.0,0.0833,0.0382,0.0725,-,0.1009,0.1156,0.7017,1.4158
1400,Nicola Murru,Torino,-,0.4918,0.0,-,-,0.081,0.0136,-,0.0,-,-,-,-,-,-,0.0998,0.0486,0.0676,-,0.0,0.605,0.0,-,-,-,-,1.4074
1206,Danilo Cataldi,Lazio,0.0,0.3538,-,0.0,-,0.0,0.1859,-,0.1278,-,-,0.0822,0.0,0.4014,-,0.0,0.1118,-,-,-,-,-,-,0.1299,-,-,1.3928
1256,Kevin Strootman,Genoa,-,-,-,-,-,-,-,-,-,-,-,-,-,-,-,-,-,0.1959,0.4546,0.1081,0.0,0.064,0.1961,0.015,0.2527,0.0996,1.386
3927,Alessio Cragno,Cagliari,0.0286,0.0308,0.0,0.0819,0.0444,0.0,0.0,0.0151,0.1629,0.1047,0.0757,0.0,0.0206,0.0,0.0387,0.0615,0.0,0.0865,0.0,0.5724,0.0619,0.0,0.0,0.0,0.0,0.0,1.3857
1487,Andrea Conti,Parma Calcio 1913,-,-,-,-,-,-,-,-,-,-,-,-,-,-,-,-,-,-,0.4781,0.1548,0.0924,0.1422,0.2411,0.2557,-,-,1.3643
1306,Vincent Laurini,Parma Calcio 1913,-,0.3488,0.6743,0.0169,-,-,-,-,0.0,-,-,-,-,-,-,-,-,-,-,-,-,-,0.3203,-,-,0.0,1.3603
3925,Gabriele Moncini,Benevento,0.7516,0.0269,0.0,-,-,0.0,0.0741,0.0512,-,-,-,-,-,-,0.4044,-,-,-,-,-,-,-,0.0,0.0,-,0.0451,1.3533
7095,Juan Musso,Udinese,0.0,0.5725,0.0,-,-,0.0212,0.0,0.0,0.0,0.0,0.1213,0.0971,0.0,0.0124,0.0,0.0532,0.0,0.0,0.0,0.0,0.0,0.0,0.04,0.0,0.0,0.4324,1.3501
1510,Gary Medel,Bologna,-,0.1087,0.0269,-,-,-,-,0.0719,-,0.0581,0.1256,0.1086,0.3856,0.3137,-,-,-,-,-,-,-,-,-,-,0.1451,0.0,1.3442
5025,Alessandro Buongiorno,Torino,-,-,-,-,-,-,-,-,-,-,-,0.113,-,0.0,-,-,-,0.0,0.1447,1.0737,-,-,-,-,-,-,1.3314
1203,Wesley Hoedt,Lazio,-,-,-,0.0203,0.1207,0.1764,0.0721,0.0,-,0.0,0.0582,0.2979,0.0,0.0,-,0.3923,-,0.0355,-,-,-,0.0244,-,0.0823,0.0448,-,1.3249
6130,Daniel Bessa,Verona,-,-,-,-,-,-,-,-,-,-,-,-,-,-,-,-,-,0.1051,0.0,0.3961,0.0551,0.4975,0.0414,0.1016,0.0,0.1215,1.3183
2437,Gonzalo Escalante,Lazio,0.0,0.0,0.0,-,0.1314,-,-,-,-,0.0,0.0,0.076,0.1253,0.0135,0.036,0.0,-,0.1073,0.6131,0.0,0.0,0.1277,0.0,-,0.0756,-,1.3059
3301,Salvatore Sirigu,Torino,0.0,0.0,0.068,0.036,0.0394,0.0392,0.0,0.0294,0.634,0.0,0.0,-,-,0.0427,0.0,0.0,0.0,0.0644,0.0,0.0,0.2657,0.0198,0.0,0.0668,-,-,1.3054
8012,Yordan Osorio,Parma Calcio 1913,-,-,-,-,-,-,0.0497,0.0,0.0823,0.0253,0.0636,0.4012,0.0,0.1896,0.0,-,0.015,-,-,0.0,0.0751,0.0926,-,0.1186,0.1744,-,1.2874
1221,Jacopo Sala,Spezia,0.8028,-,0.0,0.0458,0.0631,-,-,-,0.3591,-,0.0,-,-,-,-,-,-,-,-,-,-,-,-,-,-,-,1.2708
4920,Matteo Gabbia,AC Milan,0.1785,0.0221,0.2849,-,-,-,0.2091,-,-,0.5668,0.0,-,-,-,-,-,-,-,-,-,-,-,-,-,-,-,1.2614
8881,Lorenzo Montipò,Benevento,0.0367,0.0,0.0294,0.3554,0.0,0.0146,0.0741,0.0207,0.0,0.0,0.1408,0.045,0.0,0.0257,0.0,0.0,0.0,0.2223,0.0,0.0,0.0833,0.037,0.0551,0.056,0.0633,0.0,1.2594
8975,Gennaro Acampora,Spezia,-,-,0.0,0.1051,-,-,-,-,-,-,-,-,0.0872,-,-,-,-,-,0.066,0.0659,0.0,0.0227,-,0.6552,0.238,-,1.2401
3515,Valentin Eysseric,Fiorentina,-,-,-,-,-,-,-,-,-,0.1072,0.0,-,-,-,-,0.0,-,-,-,0.0,0.1019,-,0.6856,0.1682,-,0.1698,1.2327
8298,Lennart Czyborra,Genoa,0.0,-,0.1051,0.0,-,-,-,-,-,-,-,0.0,0.0,0.0,0.7351,0.0928,-,0.0,0.0698,0.1534,0.0,0.0242,0.0514,0.0,-,-,1.2318
7924,Amir Rrahmani,Napoli,-,-,-,-,-,-,-,-,-,-,-,-,-,0.1167,-,0.0465,0.0,-,-,0.4167,0.0,0.4788,0.0927,0.0,0.0617,-,1.2131
1117,Andrea Poli,Bologna,-,0.0,-,-,-,-,-,-,-,-,0.0,0.0,0.0127,-,0.0,0.0,0.0,-,-,0.4024,0.0,0.638,-,0.0,-,0.1547,1.2078
1474,Alfred Duncan,Cagliari,-,-,-,-,-,-,-,-,-,-,-,-,-,-,-,-,-,0.1011,0.0197,-,-,0.0,0.0,0.5619,0.435,0.0889,1.2066
703,Fikayo Tomori,AC Milan,-,-,-,-,-,-,-,-,-,-,-,-,-,-,-,-,-,-,-,0.6096,0.0175,0.0,-,0.3065,-,0.2726,1.2062
1464,Federico Peluso,Sassuolo,-,-,0.0,0.0,-,-,-,-,-,-,-,1.0399,-,0.0,-,-,-,-,-,-,-,0.1599,-,-,-,-,1.1998
6132,Marco Silvestri,Verona,0.3509,0.0,0.0,0.0552,0.0,0.0,0.0,0.0,0.0,0.46,0.0,0.0,0.0,0.0,0.033,0.0,0.0,0.0183,0.0,0.0371,0.0,0.0979,0.0,0.0,0.1398,0.0,1.1922
1302,Emil Audero,Sampdoria,0.0,0.0,0.2709,0.0,0.0,0.0,0.0,0.0211,0.4095,0.0356,0.0,0.0,0.0,0.0694,0.0,0.1297,0.0,0.0,0.0,0.0,0.0,0.0599,0.054,0.0,0.0193,0.1082,1.1776
1504,Alberto Grassi,Parma Calcio 1913,0.0494,0.0,0.0637,0.025,0.6289,0.0127,0.0487,0.0319,0.0958,-,-,-,-,-,-,-,-,0.111,0.0,0.0,-,0.0926,0.0,0.0,-,-,1.1597
7281,Diogo Dalot,AC Milan,-,-,-,-,-,0.0,-,-,0.0,-,-,0.3356,-,0.0,0.0179,0.2076,0.0,0.3722,-,-,-,0.0,-,-,-,0.2177,1.151
1555,Bartlomiej Dragowski,Fiorentina,0.0,0.0,0.3965,0.0,0.0,0.0,0.0595,0.05,0.0,0.0,0.0,0.2417,0.0621,0.0,0.0652,0.0,0.2578,0.0,0.0096,0.0,0.0,0.0,0.0,0.0,0.0,0.0,1.1424
1166,Ahmed Benali,Crotone,-,-,-,-,0.1151,0.0,0.0197,0.1224,-,0.1156,-,-,-,-,-,-,-,-,0.0,0.3926,0.3746,-,-,-,-,-,1.14
1207,Marco Parolo,Lazio,0.0,-,0.4494,0.0264,0.0,0.0968,-,0.4908,0.0,0.0,0.0317,-,-,-,-,-,-,-,0.0,-,0.0248,0.0152,-,-,-,-,1.1351
8915,Luca Vignali,Spezia,-,-,-,-,-,-,-,0.039,-,-,-,-,0.0572,0.194,0.074,0.0,0.157,0.0,-,0.1249,0.0658,0.1842,0.0675,0.1009,0.0633,-,1.1278
8165,Lucien Agoume,Spezia,-,-,-,-,0.2905,-,0.0,-,-,-,-,0.5036,-,-,0.0,0.066,0.0387,0.0,0.0,0.2181,-,-,-,-,0.0,-,1.1169
4768,Wylan Cyprien,Parma Calcio 1913,-,-,-,0.0,0.6418,0.0,-,0.0,-,-,0.0,-,0.3452,0.0201,0.0,0.0,-,0.0,-,0.0,0.0914,-,0.013,-,-,-,1.1115
1634,Alessandro Deiola,Spezia,0.0412,0.0771,-,0.2995,-,-,-,0.0,0.0,0.0441,-,0.5069,0.0359,0.0234,0.0,0.066,-,0.0,-,-,-,-,-,-,-,-,1.0941
6206,Bram Nuytinck,Udinese,-,-,-,-,-,-,0.0,0.0,0.0147,0.0,-,-,-,-,-,-,-,-,0.0,0.0202,0.0,0.0149,0.3909,0.0,0.0957,0.5544,1.0908
1114,Davide Biraschi,Genoa,1.018,0.0,-,-,0.0,-,0.0706,0.0,-,-,-,-,-,-,-,-,-,-,-,-,-,-,-,-,-,-,1.0886
9022,Amer Gojak,Torino,-,-,-,-,-,0.0189,0.0,-,-,-,0.0,0.0,0.18,-,0.5313,0.145,0.0,0.1202,0.0,-,0.0,-,-,0.0879,-,-,1.0833
570,Valon Behrami,Genoa,0.3236,0.0,0.0,0.0,0.0,-,-,-,-,0.4701,0.021,0.0,-,0.0,0.0608,-,0.201,0.0,0.0,0.0,0.0,-,-,0.0,-,-,1.0765
8872,Matteo Ruggeri,Atalanta,-,-,-,-,-,-,0.6357,-,0.0205,-,-,-,-,0.0,-,-,-,-,-,0.0396,0.3798,-,-,-,-,-,1.0756
8820,Jacopo Segre,Torino,-,0.0,-,0.0,-,-,-,-,-,0.0631,-,0.2962,-,0.0,0.0,0.0287,0.0697,0.6068,-,-,-,-,-,-,-,-,1.0645
8882,Daam Foulon,Benevento,0.2767,0.0,0.0294,0.0292,0.0125,0.028,0.0,-,-,0.0,-,0.0,0.0,0.0424,0.1886,0.0,0.0,-,-,0.0,0.0,0.0,0.0723,0.3165,0.0633,-,1.0589
9140,Maxime Busi,Parma Calcio 1913,-,-,-,-,-,-,-,0.0,0.0,0.1515,0.0,-,0.0,0.4464,0.0,0.0,0.0182,0.0,-,0.0,-,-,-,0.3635,0.0748,-,1.0544
8289,Gastón Pereiro,Cagliari,-,-,-,-,-,-,-,-,-,-,-,-,0.0,0.0,0.1484,0.2649,-,0.1666,0.0,-,0.4514,-,0.0152,-,-,0.0,1.0465
9090,Ardian Ismajli,Spezia,-,-,-,-,-,0.009,-,-,-,-,-,-,0.0143,-,0.0,0.0559,-,-,-,-,0.0382,0.1249,0.0386,0.6617,-,0.0902,1.0328
3,Luca Caldirola,Benevento,0.122,0.3162,0.0294,0.3554,0.0366,0.0,0.0741,0.0,0.0,-,-,-,-,-,-,-,-,0.0412,0.0,0.0,0.0,0.0,0.0,-,0.0,0.0451,1.02
2495,Mateo Musacchio,Lazio,-,-,-,-,-,-,-,-,-,-,-,-,-,-,-,-,-,-,-,0.7974,0.1512,-,0.0631,-,-,-,1.0117
8909,Juan Ramos,Spezia,0.544,0.4273,-,-,-,-,-,-,-,-,-,-,-,-,-,0.0,-,0.0,-,-,-,-,0.0386,-,-,-,1.0099
6212,Mattia Bani,Genoa,-,-,0.0,0.0,-,0.0,0.0337,0.0904,0.0192,0.5731,0.0,0.0,0.0,-,-,-,0.2897,-,-,-,-,-,-,-,-,-,1.0061
7971,Jacopo Petriccione,Crotone,-,-,-,0.0,-,-,0.0379,0.138,0.2061,0.0,-,0.077,0.0523,0.0,-,-,-,0.0325,-,-,0.0087,0.1173,-,-,0.0,0.3356,1.0054
1422,Borja Valero,Fiorentina,0.0472,0.0248,-,-,-,-,-,0.4805,0.0,0.0498,-,0.0,0.0,0.0886,0.0535,-,0.0,0.0,0.0683,-,0.0726,-,0.1183,0.0,0.0,0.0,1.0036
6196,Nicolas Viola,Benevento,-,-,-,-,-,-,-,-,-,-,-,-,-,-,-,-,-,-,0.0816,0.0,0.1462,0.3029,0.0895,0.056,0.0912,0.2162,0.9836
1474,Alfred Duncan,Fiorentina,0.9413,-,0.0413,-,-,0.0,-,0.0,-,-,-,-,-,-,-,-,-,-,-,-,-,-,-,-,-,-,0.9826
6203,Eddie Salcedo,Verona,-,-,0.0266,0.0,-,-,-,0.1565,0.0086,0.1006,0.0716,0.554,0.0,0.0,0.0,-,-,-,-,-,-,-,-,-,-,0.0531,0.971
9104,Juan Brunetta,Parma Calcio 1913,-,-,-,-,-,-,0.0357,0.0,-,0.0,-,0.0,-,0.2289,0.0,-,-,-,-,-,-,-,-,0.2097,-,0.4541,0.9284
8035,Samuel Di Carmine,Crotone,-,-,-,-,-,-,-,-,-,-,-,-,-,-,-,-,0.0307,-,-,0.0481,0.3589,0.0,0.0992,0.3223,-,0.0552,0.9144
1841,Pierluigi Gollini,Atalanta,-,-,-,-,-,-,-,0.0,0.0,0.3128,0.0346,0.0604,0.0,0.0417,0.0,0.0975,0.088,0.1081,0.0,0.0682,0.0987,-,0.0,-,-,-,0.91
6982,Ivan Provedel,Spezia,-,-,-,0.0,0.0,0.0649,0.3217,0.1541,0.0,0.0646,0.0517,0.0,0.0,0.1678,0.0,0.0063,0.0387,0.0,0.0,0.0,0.0,0.0,0.0,0.0268,0.0,-,0.8966
1624,Fabio Depaoli,Sampdoria,0.0502,0.0764,-,-,0.5874,-,-,-,-,-,-,-,-,-,-,-,-,-,-,-,0.1815,-,-,-,-,-,0.8955
2019,Federico Bonazzoli,Sampdoria,0.1634,0.7207,-,-,-,-,-,-,-,-,-,-,-,-,-,-,-,-,-,-,-,-,-,-,-,-,0.8841
1643,Luca Marrone,Crotone,0.0181,0.0,0.0,0.0689,-,0.0,0.0422,0.016,0.0,0.1156,0.0531,0.077,0.0,-,0.0586,-,-,-,0.3837,0.0134,-,-,0.027,-,0.0,-,0.8736
6211,Mehdi Leris,Sampdoria,0.0206,-,0.2983,0.0,0.0,0.0794,0.0,-,-,0.1238,-,0.0594,-,0.2883,0.0,0.0,0.0,-,-,-,-,0.0,-,-,-,-,0.8698
1486,Mattia Caldara,Atalanta,0.8081,-,-,-,-,-,-,-,-,-,-,-,-,-,0.0,-,-,-,0.0,0.0,-,-,-,-,0.0369,-,0.845
1251,Radja Nainggolan,Inter,0.158,-,-,-,0.0171,0.06,-,0.5988,-,-,-,-,-,-,-,-,-,-,-,-,-,-,-,-,-,-,0.8339
1458,Ibrahima Mbaye,Bologna,-,-,-,0.0,-,-,-,-,-,-,0.0,-,-,-,-,-,-,-,-,-,-,-,-,0.6373,0.1307,0.0651,0.8331
1624,Fabio Depaoli,Atalanta,-,-,-,0.0766,0.5874,-,-,0.0,-,-,-,-,-,0.0,-,0.1323,-,-,-,-,-,-,-,-,-,-,0.7963
5091,Alex Berenguer,Torino,0.4089,0.3675,-,-,-,-,-,-,-,-,-,-,-,-,-,-,-,-,-,-,-,-,-,-,-,-,0.7764
8232,Andrea Carboni,Cagliari,-,-,-,-,-,-,-,0.0,0.0,0.1202,0.6539,0.0,0.0,-,-,-,-,-,-,-,-,-,-,-,-,-,0.7741
1185,Iago Falque,Benevento,-,-,0.1327,0.0,-,-,-,-,-,-,0.3149,0.045,-,-,-,-,-,0.0774,0.0,-,-,0.2021,-,-,-,-,0.7721
1487,Andrea Conti,AC Milan,-,-,-,-,-,-,-,-,-,-,-,-,-,-,0.4395,0.2213,-,0.1047,-,-,-,-,-,-,-,-,0.7655
1247,Juan Jesus,Roma,-,-,-,-,-,-,-,0.7152,0.0433,0.0,-,-,-,-,-,-,-,-,-,-,-,-,0.0,-,-,-,0.7585
4903,Mamadou Coulibaly,Udinese,0.2334,0.5169,0.0,-,-,-,-,-,-,-,-,-,-,-,-,-,-,-,-,-,-,-,-,-,-,-,0.7503
8007,Yildirim Mert Cetin,Verona,0.3509,0.0,0.0204,-,-,-,0.0,-,-,-,-,-,-,-,-,-,-,-,-,-,-,0.0979,0.2529,-,-,-,0.7221
7929,Alan Empereur,Verona,0.0,-,-,0.0,0.0705,0.6404,-,-,-,-,-,-,-,-,-,-,-,-,-,-,-,-,-,-,-,-,0.7109
3893,Lukas Haraslin,Sassuolo,0.5002,-,-,-,-,-,-,-,-,0.0,0.0892,-,-,0.0,0.0,-,-,0.0,0.0202,-,0.0997,-,-,0.0,-,-,0.7093
1214,Thomas Strakosha,Lazio,0.069,0.0581,0.3924,0.0069,-,-,-,-,0.1609,-,-,-,-,-,-,0.0173,-,-,-,-,-,-,-,-,-,-,0.7046
1476,Cristian Dell'Orco,Spezia,0.5143,-,-,0.0163,0.1667,0.0,0.0,-,-,-,-,-,-,-,-,-,-,-,0.0,-,-,-,-,0.0,-,-,0.6973
1370,Federico Ceccherini,Fiorentina,0.5512,0.0,0.1315,-,-,-,-,-,-,-,-,-,0.0,-,-,-,-,-,-,-,-,-,-,-,-,-,0.6827
1182,Daniele Baselli,Torino,-,-,-,-,-,-,-,-,-,-,-,-,-,-,-,-,-,-,0.0,0.5559,0.022,0.0171,0.0818,-,-,-,0.6768
2043,Kastriot Dermaku,Parma Calcio 1913,-,0.0,0.6743,-,-,-,-,-,-,-,-,-,-,-,-,-,-,-,-,-,-,-,-,-,-,-,0.6743
1133,Cristian Zapata,Genoa,0.5071,-,0.0,0.0,0.0,0.0504,-,-,0.1105,0.0,-,-,-,-,0.0,-,-,-,-,-,-,-,-,0.0,-,-,0.668
3536,Jean-Victor Makengo,Udinese,-,-,-,0.102,-,0.0,-,0.0,-,0.0,-,-,-,0.0124,-,-,-,-,-,-,0.0,0.0,0.0,0.0,0.0957,0.4544,0.6645
1252,Stephan El Shaarawy,Roma,-,-,-,-,-,-,-,-,-,-,-,-,-,-,-,-,-,-,-,-,-,-,0.0,0.2199,0.1705,0.274,0.6644
8221,Brian Oddei,Sassuolo,-,-,-,-,-,-,-,-,-,-,-,-,-,-,-,-,0.1488,-,-,0.5108,-,-,-,0.0,-,-,0.6596
2003,Antonio La Gumina,Sampdoria,-,-,-,-,-,-,0.0,-,-,0.1459,-,0.133,0.2237,-,0.0,0.0,-,-,-,-,-,-,-,0.1185,-,-,0.6211
1728,Fernando Llorente,Napoli,-,-,-,-,-,-,-,-,-,-,-,-,0.2289,-,0.3794,0.0,-,-,-,-,-,-,-,-,-,-,0.6083
1624,Fabio Depaoli,Benevento,0.0764,-,-,-,-,-,-,-,-,-,-,-,-,-,-,-,0.1323,-,-,0.0,0.1815,0.0214,0.0379,0.056,0.1001,-,0.6056
393,Douglas Costa,Juventus,0.0,0.6015,-,-,-,-,-,-,-,-,-,-,-,-,-,-,-,-,-,-,-,-,-,-,-,-,0.6015
1301,Daniele Rugani,Cagliari,-,-,-,-,-,-,-,-,-,-,-,-,-,-,-,-,-,-,-,-,0.0619,0.0,0.0197,0.412,0.0,0.0889,0.5825
6212,Mattia Bani,Parma Calcio 1913,-,-,-,-,-,-,-,-,0.0192,-,-,-,-,-,-,-,-,-,-,-,0.0751,0.0,0.3416,-,0.1347,0.0,0.5706
8888,Giuseppe Di Serio,Benevento,-,-,-,-,0.0,-,-,-,-,0.0,-,0.1045,0.0103,0.0424,0.0145,0.0,0.0,0.3734,0.0,-,0.0,-,-,-,-,-,0.5451
7227,Matteo Scozzarella,Parma Calcio 1913,-,-,-,-,-,-,-,-,0.4476,0.072,-,0.022,-,-,-,-,-,-,-,-,-,-,-,-,-,-,0.5416
265,Ragnar Klavan,Cagliari,0.0286,0.0,0.0,0.0,0.0177,-,-,0.0309,0.0,-,0.0,0.0,-,-,-,-,-,-,-,-,-,-,-,-,0.4629,-,0.5401
7097,Ronaldo Vieira,Verona,-,-,-,0.0861,0.0798,-,-,-,-,-,-,-,-,-,-,-,-,-,-,-,-,-,0.0,0.3659,-,-,0.5318
2005,Jacopo Dezi,Parma Calcio 1913,0.0495,0.4821,-,-,-,-,-,-,-,-,-,-,-,-,-,-,-,-,-,-,-,-,-,-,-,-,0.5316
1892,Alex Meret,Napoli,-,0.0,-,0.0264,-,-,0.0956,0.0403,-,0.0141,-,-,0.1818,-,-,0.0145,-,0.0,-,-,0.0,0.0,0.1139,0.017,-,-,0.5036
8910,Paolo Bartolomei,Spezia,0.0162,0.0,0.0,-,0.1815,0.28,-,-,-,-,-,-,-,0.0234,-,-,-,-,-,-,-,-,-,-,-,-,0.5011
6972,Federico Santander,Bologna,0.0,0.0445,-,0.0,0.4563,-,-,-,-,-,-,-,-,-,-,-,-,-,-,-,-,-,-,-,-,-,0.5008
1295,Mario Mandzukic,AC Milan,-,-,-,-,-,-,-,-,-,-,-,-,-,-,-,-,-,-,0.4902,0.0,0.0,0.0,-,-,-,-,0.4902
7625,Manolo Portanova,Juventus,-,-,0.4214,-,-,-,-,-,-,-,-,0.0242,-,-,-,-,-,-,-,-,-,-,-,-,-,-,0.4456
6375,Andrea Danzi,Verona,0.4374,-,-,-,-,-,-,-,0.0,-,-,-,-,-,-,-,-,-,-,-,-,-,-,-,-,-,0.4374
8478,Lorenzo Colombo,AC Milan,-,0.1097,0.1683,-,-,-,-,0.1399,-,-,-,-,-,-,-,0.0,-,-,-,-,-,-,-,-,-,-,0.4179
557,Matteo Darmian,Parma Calcio 1913,0.0495,0.0,0.0341,-,-,0.3323,-,-,-,-,-,-,-,-,-,-,-,-,-,-,-,-,-,-,0.0,-,0.4159
7951,Alessandro Tripaldelli,Cagliari,0.0,0.0,-,-,-,-,-,0.0,0.0,0.1047,-,-,-,-,0.0,0.0,-,-,-,0.0,0.3039,-,-,-,-,-,0.4086
1313,Riccardo Saponara,Spezia,-,-,-,-,-,-,-,-,-,-,-,-,-,-,-,0.0,-,-,-,0.0833,-,0.3216,0.0,0.0,-,-,0.4049
1591,Giuseppe Cuomo,Crotone,-,-,-,-,-,-,0.0,0.0187,0.0,0.31,0.0,0.0608,-,0.0,-,0.0131,-,-,-,-,-,-,-,-,0.0,-,0.4026
9043,Steeve-Mike Eboa Ebongue,Genoa,-,-,0.0,-,-,-,-,-,-,-,-,-,-,-,-,-,0.3838,-,-,-,-,-,-,-,-,-,0.3838
7932,Stefano Denswil,Bologna,-,0.3526,0.0,-,0.0152,0.0,0.0125,-,-,-,-,-,-,-,-,-,-,-,-,-,-,-,-,-,-,-,0.3803
1317,Andrés Tello,Benevento,-,-,-,-,-,0.0,0.0741,0.079,0.0206,0.0,-,-,0.0103,0.0707,-,-,-,0.0412,0.0341,0.0,-,-,0.0,-,-,0.0451,0.3751
8887,Christian Pastina,Benevento,-,-,-,-,-,-,-,-,-,-,-,-,-,-,-,-,0.3707,-,-,0.0,-,-,-,-,-,-,0.3707
7993,Ernesto Torregrossa,Sampdoria,-,-,-,-,-,-,-,-,-,-,-,-,-,-,-,-,-,0.2323,0.0895,0.0,0.0307,-,0.0,-,-,-,0.3525
8044,Joshua Zirkzee,Parma Calcio 1913,-,-,-,-,-,-,-,-,-,-,-,-,-,-,-,-,-,-,-,-,0.298,0.0486,-,-,-,-,0.3466
4959,Filippo Melegoni,Genoa,0.0,0.0,-,0.0,0.0222,-,-,-,-,-,-,0.0,-,-,-,-,0.0,-,0.0,0.2903,-,-,-,0.0,-,0.0167,0.3292
1410,Rafael,Spezia,-,0.3084,0.0,-,-,-,-,-,-,-,-,-,-,-,-,-,-,-,-,-,-,-,-,-,-,-,0.3084
7417,Christian Oliva,Cagliari,0.0588,-,-,-,0.0177,-,-,0.0,-,0.0,-,0.029,0.0,0.0558,-,-,0.0134,0.0865,-,0.024,-,-,-,-,-,-,0.2852
8607,Adolfo Gaich,Benevento,-,-,-,-,-,-,-,-,-,-,-,-,-,-,-,-,-,-,-,-,-,-,-,0.0423,0.0,0.2341,0.2764
1000,Federico Fazio,Roma,-,-,-,-,-,-,-,-,-,-,-,-,-,-,-,-,-,-,-,-,-,-,0.2685,0.0,-,0.0,0.2685
6973,Nehuén Paz,Bologna,-,-,-,-,-,-,-,-,-,-,0.1044,0.1169,-,0.0,0.0,0.0131,0.0147,-,-,-,-,-,-,-,-,-,0.2491
1205,Senad Lulic,Lazio,-,-,-,-,-,-,-,-,-,-,-,-,-,-,-,-,-,-,0.0,-,0.0108,-,0.1873,0.0503,0.0,-,0.2484
4895,Andrea Pinamonti,Inter,-,-,-,-,0.1306,0.0212,-,-,-,-,-,-,-,-,-,-,-,-,-,0.0952,0.0,0.0,-,-,-,-,0.247
3632,Kevin Malcuit,Napoli,-,-,0.2142,-,-,-,-,-,-,-,-,0.0215,-,-,-,-,-,-,-,-,-,-,-,-,-,-,0.2357
8831,Iyenoma Destiny Udogie,Verona,-,-,-,-,-,-,0.1639,0.0519,-,-,-,-,-,-,-,-,-,-,-,0.0,-,-,-,-,-,-,0.2158
1846,Luca Siligardi,Crotone,-,-,-,0.0224,-,0.1398,0.0,-,-,-,-,-,-,-,-,-,-,-,0.0453,-,-,-,-,-,-,-,0.2075
9123,Omar Khailoti,Bologna,-,-,-,-,-,-,-,-,-,0.202,-,-,-,-,-,-,-,-,-,-,-,-,-,-,-,-,0.202
1383,Manolo Gabbiadini,Sampdoria,-,0.043,-,-,-,-,-,-,0.0426,0.0458,-,-,-,-,-,-,-,-,-,-,-,-,-,-,0.0223,0.0441,0.1978
1391,Christian Maggio,Benevento,-,0.0,-,0.0,0.0,-,0.1016,0.0116,0.0681,-,-,-,-,-,-,0.0,0.0109,-,-,-,-,-,-,-,-,-,0.1922
8163,Daniel Maldini,AC Milan,-,-,0.0,-,-,-,-,-,-,-,-,-,0.0,0.0,-,0.178,0.0,-,-,-,-,-,-,-,-,-,0.178
3632,Kevin Malcuit,Fiorentina,-,-,-,-,-,-,-,-,-,-,-,-,-,-,-,-,-,-,-,-,0.028,0.0765,-,0.0718,-,0.0,0.1763
8309,Kristoffer Askildsen,Sampdoria,-,-,0.0,-,-,-,-,-,-,-,-,-,-,-,-,0.0,-,0.154,-,-,-,-,-,-,-,-,0.154
9225,Antonio Cioffi,Napoli,-,-,-,-,-,-,-,-,-,-,-,-,-,-,-,-,0.1533,-,-,-,-,-,-,-,-,-,0.1533
8967,Lautaro Valenti,Parma Calcio 1913,-,-,-,-,-,-,-,-,-,-,-,-,-,0.0,-,0.0,0.015,-,-,-,-,-,-,0.1348,0.0,-,0.1498
6181,Luca Mora,Spezia,0.0999,-,0.0,-,-,-,0.0,-,-,-,-,-,0.0359,-,-,-,-,-,-,-,-,-,-,-,-,-,0.1358
1181,Antonio Barreca,Fiorentina,-,-,-,-,-,-,-,-,-,-,0.0326,-,0.0406,-,-,-,-,-,-,-,0.0597,-,-,-,-,-,0.1329
5015,Giacomo Vrioni,Juventus,-,-,-,0.1248,-,-,-,-,-,-,-,-,-,-,-,-,-,-,-,-,-,-,-,-,-,-,0.1248
6167,Vanja Milinkovic-Savic,Torino,-,-,-,-,-,-,-,-,-,-,-,0.0999,0.0244,-,-,-,-,-,-,-,-,-,-,-,-,-,0.1243
2042,Lubomir Tupta,Verona,0.0916,-,0.0266,-,-,-,-,-,-,-,-,-,-,-,-,-,-,-,-,-,-,-,-,-,-,-,0.1182
4918,Patrick Cutrone,Fiorentina,0.1083,0.0,0.0,0.0,0.0,0.0,0.0,0.0,0.0,0.0,-,-,0.0,-,-,-,-,-,-,-,-,-,-,-,-,-,0.1083
8124,Andri Fannar Baldursson,Bologna,-,-,-,-,0.0583,-,-,-,-,-,0.0447,0.0,-,0.0,-,-,-,-,-,-,-,-,0.0,-,-,-,0.103
8127,Amad Diallo Traore,Atalanta,-,-,-,-,-,-,-,-,0.0962,-,-,-,-,-,-,-,-,-,-,-,-,-,-,-,-,-,0.0962
6277,Fabrizio Caligara,Cagliari,0.0,0.0,0.0922,0.0,-,-,0.0,0.0,0.0,-,-,-,-,0.0,0.0,0.0,-,-,-,-,-,-,-,-,-,-,0.0922
6169,Giovanni Crociata,Crotone,-,-,-,-,0.092,-,-,-,0.0,-,-,-,-,-,-,-,-,-,-,-,-,-,-,-,-,-,0.092
9044,Alberto Paleari,Genoa,-,-,-,-,-,-,-,-,0.0914,0.0,-,-,-,-,-,-,-,-,-,-,-,-,-,-,-,-,0.0914
8908,Jeroen Zoet,Spezia,0.0274,0.0,-,-,-,-,-,-,-,-,-,-,-,-,-,-,-,-,-,-,-,-,-,-,-,0.0598,0.0872
8827,Kevin Rüegg,Verona,0.0587,-,-,-,-,-,-,-,-,-,-,0.0,0.0239,0.0,-,0.0,-,-,-,-,-,-,-,-,-,-,0.0826
6129,Nícolas,Udinese,-,-,-,0.0775,0.0,-,-,-,-,-,-,-,-,-,-,-,-,-,-,-,-,-,-,-,-,-,0.0775
9234,Daan Dierckx,Parma Calcio 1913,-,-,-,-,-,-,-,-,-,-,-,-,-,-,-,-,-,0.0767,-,-,-,-,-,-,-,-,0.0767
8487,Martin Palumbo,Udinese,-,0.0717,-,-,-,-,-,-,-,-,-,-,-,-,-,-,-,-,-,-,-,-,-,-,-,-,0.0717
1200,Federico Marchetti,Genoa,-,0.0,-,-,-,-,-,-,-,0.0,-,-,-,-,-,-,-,-,-,-,-,-,-,-,-,0.0701,0.0701
1437,Ângelo Da Costa,Bologna,-,-,-,-,-,-,-,-,-,-,-,0.0,0.0493,0.0,0.0189,0.0,0.0,-,-,-,-,-,-,-,-,-,0.0682
1595,Bastos,Lazio,-,0.0678,0.0,-,-,-,-,-,-,-,-,-,-,-,-,-,-,-,-,-,-,-,-,-,-,-,0.0678
7901,Giacomo Ricci,Parma Calcio 1913,-,-,-,-,-,-,-,-,-,-,-,-,-,-,-,-,0.0207,0.0402,0.0,-,-,-,-,-,-,-,0.0609
1846,Luca Siligardi,Parma Calcio 1913,0.0495,0.0106,-,-,-,-,-,-,-,-,-,-,-,-,-,-,-,-,-,-,-,-,-,-,-,-,0.0601
3066,Aleksandr Kokorin,Fiorentina,-,-,-,-,-,-,-,-,-,-,-,-,-,-,-,-,-,-,-,-,0.0597,-,-,0.0,0.0,-,0.0597
9334,Jayden Braaf,Udinese,-,-,-,-,-,-,-,-,-,-,-,-,-,-,-,-,-,-,-,-,-,-,-,0.0548,-,-,0.0548
1998,Francesco Cassata,Genoa,-,-,-,-,-,-,-,-,-,-,-,-,-,-,-,-,-,-,-,-,-,-,-,-,0.0,0.0534,0.0534
2495,Mateo Musacchio,AC Milan,-,-,-,-,-,-,-,-,-,-,-,-,-,-,-,-,-,-,0.0534,-,-,-,-,-,-,-,0.0534
5195,Nicolás Schiappacase,Sassuolo,-,-,-,-,-,-,-,-,0.0508,-,-,-,-,-,-,-,-,-,-,-,-,-,-,-,-,-,0.0508
7940,Denis Vavro,Lazio,-,-,-,0.0501,-,-,-,-,-,-,-,-,-,-,-,-,-,-,-,-,-,-,-,-,-,-,0.0501
8840,Denis Dragus,Crotone,0.0,0.02,0.0164,-,-,-,-,0.0,0.0,0.0,-,0.0,-,-,-,-,0.0125,-,-,-,-,-,-,-,-,-,0.0489
1153,Ryder Matos,Udinese,-,0.0468,-,-,-,-,-,-,-,-,-,-,-,-,-,-,-,-,-,-,-,-,-,-,-,-,0.0468
8841,Tomislav Gomelt,Crotone,0.0,-,0.045,-,-,-,-,-,-,-,-,-,-,-,-,-,-,-,-,-,-,-,-,-,-,-,0.045
1224,Vasco Regini,Sampdoria,-,-,0.0,-,-,-,-,0.0442,-,-,-,-,-,-,-,-,-,-,-,-,-,-,-,-,-,-,0.0442
1634,Alessandro Deiola,Cagliari,-,-,-,-,-,-,-,-,0.0,-,-,-,-,-,-,-,-,-,-,0.0422,-,0.0,-,0.0,0.0,-,0.0422
1313,Riccardo Saponara,Fiorentina,-,-,0.0413,-,-,-,-,0.0,-,-,-,-,-,-,-,-,-,-,-,-,-,-,0.0,-,-,-,0.0413
7379,Nicolo Fagioli,Juventus,-,-,-,-,-,-,-,-,-,-,-,-,-,-,-,-,-,-,-,-,-,0.0396,-,-,-,-,0.0396
1296,Stefano Sturaro,Verona,-,-,-,-,-,-,-,-,-,-,-,-,-,-,-,-,-,-,-,-,-,-,0.0,0.0392,0.0,-,0.0392
1397,Fabio Pisacane,Cagliari,0.0,-,-,-,-,-,0.0,0.0,-,-,-,-,-,-,-,0.0389,0.0,-,-,-,-,-,-,-,-,-,0.0389
2560,Cristiano Piccini,Atalanta,-,-,-,-,-,-,-,0.0351,-,-,-,-,-,-,-,-,-,-,-,-,-,-,-,-,-,-,0.0351
1120,Mattia De Sciglio,Juventus,0.0344,-,-,-,-,-,-,-,-,-,-,-,-,-,-,-,-,-,-,-,-,-,-,-,-,-,0.0344
9009,Luis Rojas,Crotone,-,-,-,-,-,-,-,-,-,-,-,-,0.0,-,0.0,-,-,0.0325,0.0,-,-,-,-,-,-,-,0.0325
8953,Antonio Palumbo,Sampdoria,-,-,0.0274,-,-,-,-,-,-,-,-,-,-,-,-,-,-,-,-,-,-,-,-,-,-,-,0.0274
8880,Matteo Tramoni,Cagliari,-,-,0.0263,-,-,-,0.0,-,-,0.0,-,0.0,-,-,0.0,-,0.0,-,-,-,-,-,-,-,-,-,0.0263
9337,Valentin Antov,Bologna,-,-,-,-,-,-,-,-,-,-,-,-,-,-,-,-,-,-,-,-,-,-,-,-,0.0243,-,0.0243
9177,Giuseppe Mastinu,Spezia,-,-,-,-,-,-,-,-,-,0.0,-,-,0.0,0.0234,-,-,-,-,-,-,-,-,-,-,-,-,0.0234
9059,Simone Rabbi,Bologna,-,-,-,-,-,-,-,-,-,0.0138,-,0.0083,-,-,-,0.0,0.0,-,-,-,-,-,-,-,-,-,0.0221
9134,Alessandro Di Pardo,Juventus,-,-,-,-,-,-,-,-,-,-,-,-,-,-,-,-,-,-,-,-,-,0.0,0.0211,0.0,0.0,-,0.0211
2010,Simone Edera,Torino,-,-,-,-,-,-,-,0.0,-,-,-,0.0204,-,-,-,-,-,-,-,-,-,-,-,-,-,-,0.0204
8842,Augustus Kargbo,Crotone,0.0181,-,-,-,-,-,-,-,-,-,-,-,-,-,-,-,-,-,-,-,-,-,-,-,-,-,0.0181
9124,Mattia Pagliuca,Bologna,-,-,-,-,-,-,-,-,-,-,0.013,-,-,-,-,-,-,-,-,-,-,-,-,-,-,-,0.013
2217,Antonio Sanabria,Torino,-,-,-,-,-,-,-,-,-,-,-,-,-,-,-,-,-,-,-,-,-,-,-,0.0089,-,-,0.0089
9105,Radu Dragusin,Juventus,-,-,-,-,-,-,-,-,-,0.0,-,-,-,-,-,-,-,-,-,-,-,-,-,-,-,-,0.0
8154,Edoardo Vergani,Bologna,-,-,-,-,-,-,-,-,-,0.0,-,-,-,-,-,-,-,-,-,-,-,-,-,-,-,-,0.0
9325,Davide Ghislandi,Atalanta,-,-,-,-,-,-,-,-,-,-,-,-,-,-,-,-,-,-,-,-,-,-,-,-,0.0,-,0.0
9189,Emmanuel Gyabuaa,Atalanta,-,-,-,-,-,-,-,-,-,0.0,-,-,-,-,-,-,-,-,-,-,-,-,-,-,-,-,0.0
8569,Botond Balogh,Parma Calcio 1913,-,-,-,-,-,0.0,-,-,-,-,-,-,-,-,-,-,0.0,-,-,-,-,-,-,-,-,-,0.0
1546,Federico Mattiello,Spezia,-,-,-,-,-,-,-,0.0,-,-,-,-,-,-,-,-,-,-,-,-,-,-,-,-,-,-,0.0
9200,Philip Yeboah Ankrah,Verona,-,-,-,-,-,-,-,-,-,-,-,-,0.0,-,-,-,-,-,-,-,-,-,-,-,-,-,0.0
1273,Mato Jajalo,Udinese,-,-,-,-,-,-,-,-,0.0,-,-,-,-,-,-,-,-,-,-,-,-,-,-,-,-,-,0.0
1480,Gianluca Pegolo,Sassuolo,-,-,-,-,-,-,-,-,-,0.0,-,-,-,-,-,-,-,-,-,-,-,-,-,-,-,-,0.0
1470,Federico Ricci,Sassuolo,-,0.0,-,-,-,-,-,-,-,-,-,-,-,-,-,-,-,-,-,-,-,-,-,-,-,-,0.0
9262,Jérôme Onguéné,Genoa,-,-,-,-,-,-,-,-,-,-,-,-,-,-,-,-,-,0.0,0.0,-,-,-,-,0.0,-,-,0.0
9046,Giuseppe Caso,Genoa,-,-,-,-,-,-,-,-,-,-,0.0,-,-,-,-,-,-,-,-,-,-,-,-,-,-,-,0.0
7625,Manolo Portanova,Genoa,-,-,-,-,-,-,-,-,-,-,-,-,-,-,-,-,-,-,-,-,0.0,-,-,0.0,-,-,0.0
7085,Tòfol Montiel,Fiorentina,-,-,-,-,-,-,-,-,-,-,-,-,-,-,-,-,-,-,-,-,-,-,-,0.0,-,-,0.0
1544,Federico Ravaglia,Bologna,-,-,-,-,-,-,-,-,-,-,0.0,-,-,-,-,-,-,-,-,-,-,-,-,-,-,-,0.0
3965,Arturo Calabresi,Bologna,-,-,-,-,-,-,-,-,-,-,-,-,-,-,-,0.0,-,-,-,-,-,-,-,-,-,-,0.0
8132,Andrea Adorante,Parma Calcio 1913,-,0.0,-,-,-,-,-,-,-,-,-,-,-,-,-,-,-,-,-,-,-,-,-,-,-,-,0.0
1416,Ciprian Tatarusanu,AC Milan,-,-,-,-,0.0,-,-,-,-,-,-,-,-,-,-,-,-,-,-,-,-,-,-,-,-,-,0.0
7919,Léo Duarte,AC Milan,0.0,-,-,-,-,-,-,-,-,-,-,-,-,-,-,-,-,-,-,-,-,-,-,-,-,-,0.0
8259,Djavan Anderson,Lazio,-,0.0,-,0.0,-,-,-,-,-,-,-,-,-,-,-,-,0.0,-,-,-,-,-,-,-,-,-,0.0
6460,Vincenzo Millico,Torino,0.0,0.0,-,-,-,-,-,0.0,-,-,-,-,-,-,-,-,-,-,-,-,-,-,-,-,-,-,0.0
3997,Antonio Mazzotta,Crotone,0.0,-,-,-,-,-,-,-,-,-,-,-,-,-,-,-,-,0.0,-,-,-,-,-,-,-,-,0.0
1587,Kwadwo Asamoah,Cagliari,-,-,-,-,-,-,-,-,-,-,-,-,-,-,-,-,-,-,-,-,-,-,-,0.0,0.0,-,0.0
3965,Arturo Calabresi,Cagliari,-,-,-,-,-,-,-,-,-,-,-,-,-,-,-,-,-,-,-,-,-,-,-,-,-,0.0,0.0
7405,Kiril Despodov,Cagliari,-,0.0,-,-,-,-,-,-,-,-,-,-,-,-,-,-,-,-,-,-,-,-,-,-,-,-,0.0
8129,Riccardo Calafiori,Roma,-,-,-,-,-,-,-,-,-,-,0.0,0.0,-,-,-,-,-,-,-,-,-,-,-,-,-,-,0.0
6963,Justin Kluivert,Roma,0.0,-,0.0,-,-,-,-,-,-,-,-,-,-,-,-,-,-,-,-,-,-,-,-,-,-,-,0.0
6194,Lorenzo Del Pinto,Benevento,-,-,-,-,-,-,-,-,-,-,-,-,-,-,-,-,0.0,-,-,-,-,-,-,-,-,-,0.0
841,Graziano Pellè,Parma Calcio 1913,-,-,-,-,-,-,-,-,-,-,-,-,-,-,-,-,-,-,-,-,-,-,-,-,0.0,-,0.0
6993,Mattia Sprocati,Parma Calcio 1913,-,0.0,-,-,-,-,-,-,-,-,-,-,-,-,-,-,-,-,-,-,-,-,-,-,-,-,0.0
1348,Vittorio Parigini,Genoa,-,-,0.0,-,-,0.0,-,0.0,0.0,-,-,-,-,-,-,-,-,-,-,-,-,-,-,-,-,-,0.0
